iteration,time_seconds,objective
0,1.430511474609375e-06,9615065.184884354
1,0.18956303596496582,3774066.7158761933
2,0.41237616539001465,2828141.4948347085
3,0.7233352661132812,2601512.695018348
4,1.3110568523406982,2233343.0244759815
5,1.5348083972930908,1808528.7285461356
6,2.6985647678375244,1252665.0201519665
7,4.40234899520874,1080373.9129752868
8,4.744982004165649,819427.670875389
9,7.739299535751343,597887.3400980233
10,9.174138069152832,541752.4020301343
11,9.85834002494812,507579.69495378825
12,9.91874623298645,427314.3831055328
13,9.980907440185547,370839.6484689789
14,10.259063959121704,355929.70772091544
15,10.433127164840698,330915.2053139607
16,10.645148992538452,317832.1432364232
17,10.908071279525757,311438.8635880981
18,11.070190906524658,303393.2763861697
19,11.180620193481445,297276.1247409515
20,11.269116878509521,293233.8142799128
21,11.422126054763794,288879.6776602753
22,11.489265203475952,285540.31644713524
23,11.703022718429565,281851.8365391996
24,11.940877437591553,279191.92058292706
25,12.123785734176636,275985.1493727659
26,12.287789583206177,273962.74591590336
27,12.382452964782715,271417.84290628147
28,12.511146545410156,269202.39820117154
29,12.752657413482666,267737.92262293765
30,12.960042238235474,266077.78807449527
31,13.151404857635498,264903.3359016217
32,13.216510534286499,263300.3022829552
33,13.285812139511108,262192.16064931656
34,13.485402345657349,260812.93056071998
35,13.567788362503052,259915.0828114299
36,13.635403871536255,258560.6113469108
37,13.70119571685791,257727.55115925753
38,13.784712553024292,256515.47277447328
39,13.845674514770508,255880.64540525211
40,13.912543773651123,255037.20453585085
41,13.982115507125854,254141.31861709538
42,14.169321298599243,253446.1720008741
43,14.381474494934082,252804.11487971534
44,14.583747625350952,252279.84859203725
45,14.76714277267456,251611.82949155394
46,14.97286605834961,251050.49817978925
47,15.1687490940094,250510.37347264396
48,15.394078493118286,250042.08520652732
49,15.563287734985352,249457.92272255672
50,15.774781227111816,249008.9662784602
51,15.959603548049927,248495.4951370273
52,16.134564876556396,248096.82237361645
53,16.22188425064087,247545.08575412742
54,16.30509638786316,247154.78349256053
55,16.428701877593994,246672.03396502012
56,16.49893617630005,246300.9747918986
57,16.61786389350891,245797.91673453877
58,16.695591926574707,245430.3096350499
59,16.88477921485901,244958.80016879766
60,17.042659521102905,244611.47937421568
61,17.146459817886353,244135.22843855477
62,17.26432490348816,243799.77471210848
63,17.349329948425293,243333.3067162315
64,17.535526037216187,243016.1646271597
65,17.674235820770264,242556.7507972881
66,17.74668836593628,242228.91170569079
67,17.823387384414673,241814.1675672958
68,18.07082200050354,241527.0088086537
69,18.234293222427368,241067.7337024806
70,18.394115924835205,240769.92103617708
71,18.46888566017151,240362.3381920733
72,18.527584075927734,240074.1294469475
73,18.589783668518066,239649.72151693172
74,18.675409078598022,239384.93789457975
75,18.725924968719482,239115.58642767192
76,18.78876519203186,238792.24675585056
77,18.844645023345947,238520.59924082784
78,18.912992000579834,238084.74370783372
79,19.020565032958984,237906.31597582356
80,19.08773970603943,237638.1629416944
81,19.153079986572266,237284.91576759695
82,19.219078063964844,236836.1741384838
83,19.34585165977478,236674.94127649022
84,19.468748092651367,236412.6068031916
85,19.56364345550537,236067.53397778675
86,19.645668268203735,235694.02111536643
87,19.84731888771057,235546.40790388786
88,19.967257022857666,235281.18145470083
89,20.02658748626709,234942.7495412329
90,20.0913667678833,234571.25344718705
91,20.160787105560303,234424.13302680213
92,20.222912788391113,234165.4868612238
93,20.292662858963013,233827.12386950396
94,20.363022804260254,233480.74821711553
95,20.527005195617676,233329.24844603753
96,20.587300777435303,233075.025272782
97,20.645451307296753,232747.45638572157
98,20.71650457382202,232429.0785669962
99,20.894259214401245,232285.61011925174
100,21.02587652206421,232034.68964295075
101,21.109703063964844,231710.86065115707
102,21.182241439819336,231427.25565351703
103,21.244982719421387,231262.52011618993
104,21.30177402496338,231014.74425943338
105,21.397462606430054,230703.56494517694
106,21.53600549697876,230406.16088026526
107,21.604739665985107,230292.32387103187
108,21.696815967559814,230037.4110072474
109,21.759079217910767,229723.2351094536
110,21.83374834060669,229530.294064482
111,21.893492698669434,229356.93322184475
112,21.95589804649353,229170.48642450958
113,22.053460836410522,228966.0316168227
114,22.117006063461304,228807.66839912496
115,22.176299333572388,228631.16321553162
116,22.291618585586548,228444.59938413728
117,22.360469102859497,228277.1157746264
118,22.42532181739807,228120.75349312238
119,22.497644901275635,227938.4267225094
120,22.554677724838257,227780.40146538054
121,22.619632959365845,227616.99965607654
122,22.676592350006104,227457.24723698574
123,22.73003315925598,227290.77548374937
124,22.78551173210144,227128.025585177
125,22.861309051513672,226975.35642377698
126,22.921404123306274,226812.65670962117
127,22.97405195236206,226652.4328719703
128,23.028743743896484,226497.06945588658
129,23.090010166168213,226345.00051874114
130,23.14244794845581,226186.7913527978
131,23.194987535476685,226032.59719796557
132,23.25562834739685,225881.60908847515
133,23.3146812915802,225730.03919363624
134,23.37415623664856,225583.0530614562
135,23.42672300338745,225428.76700267335
136,23.481370210647583,225279.61773449567
137,23.540492057800293,225136.0525365449
138,23.602675199508667,224985.95677906752
139,23.660303831100464,224838.72644498362
140,23.736266136169434,224695.23532341712
141,23.807676076889038,224549.15371322873
142,23.901511192321777,224403.7639295236
143,23.963441371917725,224259.7128962294
144,24.017322540283203,224114.4093363685
145,24.07902956008911,223975.45514921696
146,24.136838674545288,223832.32661473379
147,24.19107437133789,223690.1050405087
148,24.264389753341675,223552.59449135355
149,24.34478735923767,223414.82701741805
150,24.412563800811768,223272.34309355772
151,24.47382616996765,223135.44252016675
152,24.536456823349,222995.5511985601
153,24.60404133796692,222859.58825267505
154,24.664616346359253,222723.8699225266
155,24.717250108718872,222585.821873217
156,24.771397352218628,222452.60115916107
157,24.83312225341797,222319.31367005434
158,24.897440671920776,222185.73091807292
159,24.95701289176941,222049.80112031847
160,25.01612687110901,221915.69466919868
161,25.077234983444214,221788.08515246658
162,25.138935327529907,221653.46806497316
163,25.26050591468811,221519.79867968228
164,25.320805549621582,221394.72071432124
165,25.38165307044983,221264.0711879055
166,25.44411563873291,221131.8360851668
167,25.501691818237305,221007.51354532863
168,25.560834884643555,220874.1138737107
169,25.619863510131836,220748.2199306517
170,25.678994178771973,220622.80606118083
171,25.740123748779297,220491.68088993852
172,25.802056550979614,220368.1621413694
173,25.867228269577026,220247.05091647414
174,25.927773237228394,220116.9455930967
175,25.98396587371826,219991.96978278583
176,26.05635976791382,219872.10444260895
177,26.28207302093506,219747.04744368256
178,26.399510383605957,219624.427838916
179,26.47990894317627,219505.4471277462
180,26.54734992980957,219381.40205376764
181,26.598751306533813,219260.3026350764
182,26.657809019088745,219141.58734657994
183,26.71613883972168,219019.37023869852
184,26.774338483810425,218898.89921065446
185,26.83535861968994,218783.97287506223
186,26.90213894844055,218663.97424761183
187,26.96587371826172,218543.6686221668
188,27.019226789474487,218428.3087532314
189,27.07842755317688,218312.3208581579
190,27.1465106010437,218194.97743809014
191,27.19952964782715,218078.4316688797
192,27.259684085845947,217963.58882882303
193,27.316951036453247,217850.12395580896
194,27.383918285369873,217738.62050399143
195,27.451850175857544,217620.31765708514
196,27.51802659034729,217511.73201471954
197,27.57582950592041,217398.1203850568
198,27.628002166748047,217284.8517684705
199,27.689592838287354,217173.22809487837
200,27.750874280929565,217061.69941693672
201,27.879840850830078,216951.56383922073
202,27.931678295135498,216843.10441466622
203,28.003363132476807,216731.27219769947
204,28.06648850440979,216622.86738257945
205,28.133999824523926,216516.54706906623
206,28.204734325408936,216406.87685754616
207,28.34785747528076,216297.4776360131
208,28.508339881896973,216193.13114784294
209,28.654218435287476,216085.8864153119
210,28.803312063217163,215984.68660720976
211,28.95292592048645,215872.04843546933
212,29.096425771713257,215768.12555212152
213,29.25989866256714,215667.2740196548
214,29.406275510787964,215558.58408292464
215,29.472063064575195,215452.9949776589
216,29.542630672454834,215352.86820334135
217,29.60338521003723,215248.78145832886
218,29.66885471343994,215144.58529125957
219,29.733437299728394,215043.5506235085
220,29.797111749649048,214938.9555135661
221,29.86203360557556,214839.91792510328
222,29.918912172317505,214739.3811215103
223,29.97620916366577,214636.10391006334
224,30.04972529411316,214539.04999484713
225,30.14890956878662,214437.76018657742
226,30.211646795272827,214339.26886705824
227,30.285939693450928,214237.15886397424
228,30.387380838394165,214137.3661141311
229,30.56304621696472,214041.5763379305
230,30.752137660980225,213941.987452117
231,30.92740297317505,213840.7406601882
232,31.10330891609192,213745.19603907823
233,31.16003131866455,213649.71786120193
234,31.331801176071167,213549.81209013166
235,31.50613522529602,213453.16639356082
236,31.690674543380737,213356.75022864924
237,31.753710508346558,213262.62128191284
238,31.8171489238739,213165.81320946902
239,31.869715452194214,213068.4299998843
240,31.935925722122192,212977.0405666075
241,32.06484508514404,212892.3963742122
242,32.22335457801819,212796.7811551971
243,32.39108157157898,212719.9882726261
244,32.51544404029846,212584.39500301224
245,32.62880849838257,212568.07709079207
246,32.688937187194824,212468.2353740311
247,32.79907035827637,212351.25738756917
248,32.860297441482544,212269.85609606578
249,32.91373825073242,212178.09123437773
250,32.96505427360535,212082.42614048906
251,33.0167179107666,212014.77543303286
252,33.07068610191345,211926.5470874625
253,33.12288808822632,211824.22052937676
254,33.1860249042511,211747.870179875
255,33.28169107437134,211634.83737121045
256,33.46889352798462,211600.07906585326
257,33.59943199157715,211507.14973752527
258,33.74838829040527,211397.6876937858
259,33.842998027801514,211320.03197452668
260,33.89735436439514,211239.86363259668
261,33.960856676101685,211160.37130779834
262,34.016969442367554,211076.03951301085
263,34.07477021217346,210982.48636590483
264,34.13870978355408,210913.02067475012
265,34.19692945480347,210837.91799762796
266,34.26220488548279,210787.08421045114
267,34.355363607406616,210707.78687775682
268,34.41219711303711,210651.48382702548
269,34.547077894210815,210582.58946424822
270,34.708383560180664,210523.00955827002
271,34.818644285202026,210456.35056474915
272,34.87851285934448,210404.88414125153
273,34.94001007080078,210333.70114581508
274,35.01762080192566,210274.70940524663
275,35.077768087387085,210210.82734163158
276,35.14148473739624,210157.94545801848
277,35.201587200164795,210086.36324360315
278,35.26778721809387,210030.80229615184
279,35.39235043525696,209965.87227662434
280,35.55342078208923,209914.72161831887
281,35.70477509498596,209844.05986008904
282,35.863365173339844,209789.3289975012
283,36.017149686813354,209726.15976223216
284,36.15713453292847,209674.53308215959
285,36.27099370956421,209606.33854766778
286,36.43242835998535,209553.77096119578
287,36.58602261543274,209490.77762626487
288,36.73806190490723,209438.0641639941
289,36.89309310913086,209373.23890764534
290,37.05537128448486,209320.2412143895
291,37.21099495887756,209256.2854798335
292,37.3705575466156,209205.69841939697
293,37.517483711242676,209139.50862752247
294,37.67426323890686,209087.28734902546
295,37.822176694869995,209025.19782166748
296,37.95637059211731,208974.48967545634
297,38.021477460861206,208908.20886635347
298,38.08307671546936,208857.05760517722
299,38.139564514160156,208794.24679770583
300,38.19734477996826,208744.349445609
301,38.25655961036682,208680.3280643709
302,38.31640958786011,208628.90880010545
303,38.37836766242981,208568.14482812613
304,38.43717098236084,208519.69974398392
305,38.59215497970581,208454.95208864968
306,38.74766945838928,208403.4552285116
307,38.797966718673706,208342.78082833908
308,38.85063147544861,208294.47242864582
309,38.90195298194885,208230.04323336552
310,38.95669412612915,208179.14964832403
311,39.0179226398468,208118.66373502358
312,39.07218265533447,208070.57356288968
313,39.12269616127014,208006.29049551472
314,39.18309164047241,207956.4619832682
315,39.23472332954407,207896.40838872743
316,39.294670820236206,207848.51643364073
317,39.351757526397705,207784.69851169284
318,39.44930052757263,207735.89398391612
319,39.50931763648987,207677.3604987173
320,39.60356020927429,207628.79839446238
321,39.753294229507446,207566.45727946254
322,39.90923070907593,207518.96164526464
323,40.06251311302185,207458.62522257215
324,40.2244713306427,207411.29750122098
325,40.38667368888855,207349.75687616644
326,40.55700325965881,207302.48927097497
327,40.71377229690552,207241.51625546985
328,40.85435461997986,207196.6984188691
329,41.001938343048096,207134.00844749052
330,41.171343088150024,207085.3610758889
331,41.333587646484375,207026.78330672288
332,41.49760818481445,206980.85629903793
333,41.65959334373474,206917.96334368398
334,41.79366159439087,206871.0357716029
335,41.96050667762756,206812.50534446124
336,42.119277477264404,206767.28551675487
337,42.27300786972046,206706.17977401565
338,42.43807768821716,206659.2267899441
339,42.59762501716614,206600.84376998883
340,42.75811576843262,206555.96527072176
341,42.88291645050049,206494.54123028292
342,43.02034330368042,206449.24753633488
343,43.163851261138916,206390.0212748849
344,43.33019804954529,206345.2480846462
345,43.49297571182251,206284.50022347248
346,43.63373899459839,206238.9693022378
347,43.77344512939453,206180.02051156465
348,43.9409339427948,206136.41613260904
349,44.029080867767334,206075.3083649449
350,44.17136859893799,206030.60348676774
351,44.24863815307617,205972.7235438538
352,44.326566219329834,205928.00975757168
353,44.40458631515503,205869.8938836381
354,44.472702980041504,205824.5953950367
355,44.56841206550598,205767.4211148813
356,44.64029097557068,205723.27173717308
357,44.71222710609436,205664.36609302947
358,44.78683066368103,205621.4471200392
359,44.854941844940186,205562.61568433073
360,44.999462842941284,205519.1753603809
361,45.054306507110596,205460.86819238673
362,45.11987280845642,205416.85016706114
363,45.18284201622009,205358.96623095046
364,45.25114130973816,205316.1106454124
365,45.32844877243042,205257.05324244295
366,45.39973473548889,205213.1484914983
367,45.47058081626892,205156.0089629061
368,45.592978954315186,205114.8303635403
369,45.65072965621948,205054.69707230368
370,45.71143293380737,205011.2301853596
371,45.778759717941284,204956.20545975436
372,45.84362602233887,204913.9713896926
373,45.911516189575195,204856.17886331637
374,45.98612594604492,204813.82661383852
375,46.055941104888916,204757.48073430726
376,46.12156867980957,204715.77289276067
377,46.184492111206055,204658.23576067088
378,46.249494791030884,204616.80921692782
379,46.32945418357849,204559.6687802224
380,46.412803411483765,204519.737534256
381,46.50327730178833,204461.16389964288
382,46.64917588233948,204419.68712771594
383,46.79518532752991,204363.1221654438
384,46.96314477920532,204322.49680713183
385,47.109169721603394,204264.7684444965
386,47.16577672958374,204223.60535382817
387,47.215888023376465,204167.23697038152
388,47.26887369155884,204126.77518956718
389,47.32054138183594,204070.37869258077
390,47.38505148887634,204030.23089802594
391,47.440824031829834,203974.71255890265
392,47.49811244010925,203933.9904744109
393,47.557762145996094,203878.203855294
394,47.62647366523743,203837.62318430044
395,47.676820516586304,203781.94188592446
396,47.737552642822266,203742.84484710635
397,47.804131746292114,203686.47532199908
398,47.87564659118652,203646.6063088559
399,47.93834376335144,203590.87338867265
400,47.99940276145935,203550.6775904199
401,48.079004526138306,203495.57538524707
402,48.18367099761963,203455.5143419743
403,48.243008852005005,203399.9266770648
404,48.29953622817993,203361.21735781268
405,48.45590901374817,203305.64804379398
406,48.61888098716736,203267.22500325227
407,48.692827463150024,203211.8115143126
408,48.74812340736389,203171.8278127517
409,48.80522608757019,203119.46884583464
410,48.86623764038086,203079.4267427892
411,48.94126105308533,203024.85345778675
412,49.00573205947876,202986.74652207192
413,49.08123326301575,202931.79982468448
414,49.15576100349426,202892.7019546
415,49.230820417404175,202838.99869620247
416,49.295599937438965,202800.32048884427
417,49.39698553085327,202745.81336375244
418,49.46723413467407,202706.71248161932
419,49.54087710380554,202653.28085463552
420,49.65747356414795,202616.36888452532
421,49.72141480445862,202560.54738361936
422,49.888405323028564,202522.89222803022
423,50.04590892791748,202469.2729971665
424,50.111844539642334,202432.06873384054
425,50.170854568481445,202377.66369903495
426,50.32436394691467,202340.94272494342
427,50.49769115447998,202287.6360672627
428,50.664018869400024,202248.52841628616
429,50.834800720214844,202196.81019539002
430,51.004225730895996,202159.78640255702
431,51.1047899723053,202105.31179690268
432,51.26341772079468,202067.8181205052
433,51.428345918655396,202015.70712259473
434,51.51847267150879,201977.24200374092
435,51.58429169654846,201924.89766157023
436,51.66365027427673,201889.55380586392
437,51.720548152923584,201835.02276110186
438,51.7878577709198,201798.85221999823
439,51.85199737548828,201746.3353627905
440,52.0896360874176,201709.71384466643
441,52.19926381111145,201656.36818373628
442,52.33312678337097,201619.40340289375
443,52.40146994590759,201567.83816893818
444,52.45864391326904,201532.5024508911
445,52.5181200504303,201479.54294214194
446,52.58013987541199,201441.29041871836
447,52.6409113407135,201391.8021732851
448,52.697993993759155,201356.05965786503
449,52.75836515426636,201302.25298992338
450,52.86577367782593,201268.06821461106
451,52.92976355552673,201215.7345952316
452,53.01250195503235,201178.3459063874
453,53.09375309944153,201128.350046232
454,53.156266927719116,201092.3216966534
455,53.245105266571045,201040.33534323226
456,53.407670974731445,201006.16562120535
457,53.49887704849243,200954.32634484067
458,53.60734438896179,200917.8289194357
459,53.666672706604004,200868.0408704946
460,53.72532033920288,200832.8195589204
461,53.89155125617981,200780.93214360895
462,54.05674409866333,200747.13017054705
463,54.2198703289032,200696.33255517896
464,54.38400197029114,200660.97660198627
465,54.52832508087158,200610.67714457653
466,54.58765196800232,200575.93196217314
467,54.6472442150116,200525.13305484015
468,54.75667357444763,200491.08294219707
469,54.81730365753174,200440.54442798745
470,54.87686109542847,200404.98911026324
471,54.933236598968506,200355.53853852866
472,55.01374936103821,200320.32305768295
473,55.1696879863739,200270.91962492812
474,55.30357336997986,200237.53852996542
475,55.36463928222656,200185.88916220446
476,55.424396276474,200150.64016651973
477,55.48282289505005,200103.20329639112
478,55.541075229644775,200069.548560329
479,55.60143303871155,200017.6693685747
480,55.66273546218872,199984.1950950749
481,55.721391916275024,199936.5454303617
482,55.811532735824585,199900.95719922287
483,55.88084149360657,199852.17211242896
484,55.944495677948,199819.58504242604
485,56.03250765800476,199769.88605150845
486,56.09199094772339,199736.8256994572
487,56.21373629570007,199687.52716034412
488,56.278326749801636,199654.29475787331
489,56.34184741973877,199605.32689419843
490,56.40115523338318,199570.9749198745
491,56.45916724205017,199522.5062820206
492,56.548511266708374,199488.98501187257
493,56.61597394943237,199440.53377531082
494,56.672431230545044,199408.1219146267
495,56.80641031265259,199358.70300242657
496,56.97339940071106,199325.81690823374
497,57.13491225242615,199278.36334394704
498,57.30091595649719,199245.5788674982
499,57.46657752990723,199196.81716939888
500,57.62653112411499,199162.97328951626
501,57.6884331703186,199116.98394544658
502,57.75467038154602,199084.20169677888
503,57.81100869178772,199034.9917150745
504,57.96261215209961,199004.0223934822
505,58.06281042098999,198956.04440108323
506,58.219157695770264,198922.09179640343
507,58.383952140808105,198875.68321461088
508,58.54627299308777,198843.48015932454
509,58.67633032798767,198795.18999167232
510,58.8061785697937,198764.50206068525
511,58.93462085723877,198715.31495530842
512,59.100085973739624,198682.59118983865
513,59.199265003204346,198637.1446925761
514,59.33201193809509,198605.43554401628
515,59.49247431755066,198556.38494488882
516,59.657156467437744,198525.21797012514
517,59.818418979644775,198479.59079716122
518,59.94946050643921,198447.52583722316
519,60.09770941734314,198399.39813473827
520,60.235732316970825,198367.7685196059
521,60.4045307636261,198322.27820653253
522,60.572614908218384,198290.9543301004
523,60.734862089157104,198242.69430031689
524,60.79202127456665,198210.78280673546
525,60.85023307800293,198165.8049521272
526,60.907450437545776,198133.91659963582
527,60.967207193374634,198086.33220927627
528,61.04793453216553,198058.12646349546
529,61.10874915122986,198027.84472542192
530,61.23874306678772,197989.97411408374
531,61.322330951690674,197956.76930797615
532,61.41885495185852,197895.78516821106
533,61.48150992393494,197862.41175739793
534,61.53466844558716,197791.82012159622
535,61.598888635635376,197743.7117042282
536,61.65676784515381,197684.85144659152
537,61.716087102890015,197660.27785422993
538,61.77142906188965,197606.0630335616
539,61.830390214920044,197555.52369506165
540,61.891063928604126,197549.82281612136
541,61.94584608078003,197516.0451190724
542,62.00094556808472,197471.68529841825
543,62.060303688049316,197411.1286235581
544,62.12660312652588,197388.5783652883
545,62.189380407333374,197354.87729362014
546,62.24801540374756,197299.67553047356
547,62.31682300567627,197285.51928009035
548,62.371049880981445,197201.14363862667
549,62.425073862075806,197155.51431118592
550,62.492061614990234,197117.60812430197
551,62.58754897117615,197080.66633412
552,62.749075412750244,197037.43494007556
553,62.912455797195435,196997.06794743382
554,63.07905054092407,196961.6765469939
555,63.24283814430237,196923.49722833475
556,63.409114360809326,196874.61584719294
557,63.57125163078308,196845.58722392496
558,63.73882055282593,196804.19353938306
559,63.90165090560913,196760.9627005778
560,64.03730535507202,196723.89269474725
561,64.09856867790222,196689.69873702427
562,64.15836668014526,196645.29172151774
563,64.21458172798157,196609.70905365434
564,64.31058621406555,196572.08685063114
565,64.3735864162445,196531.17857095518
566,64.43447136878967,196495.04614472933
567,64.4961256980896,196460.7653279197
568,64.56290602684021,196416.4377475076
569,64.6469042301178,196379.82022490018
570,64.71539402008057,196349.39219678717
571,64.77849912643433,196320.64733731947
572,64.89375567436218,196283.82594918922
573,64.95807027816772,196221.56939697842
574,65.03222250938416,196188.7947658655
575,65.08562397956848,196114.93964581483
576,65.14806270599365,196063.1721820745
577,65.22693586349487,196041.27945131855
578,65.33173608779907,196023.92546229408
579,65.457435131073,195990.89405360425
580,65.56732034683228,195928.02128372955
581,65.6924033164978,195826.02667101313
582,65.94276165962219,195786.8423277607
583,66.08686995506287,195754.68750130743
584,66.23166084289551,195715.41997942954
585,66.32811236381531,195672.99078563764
586,66.46457147598267,195668.05784841444
587,66.57507038116455,195635.66892422072
588,66.67448401451111,195591.9378693002
589,66.79099655151367,195535.40372288442
590,66.93089604377747,195513.0347965832
591,67.0325710773468,195481.80135404394
592,67.1805853843689,195453.25378904457
593,67.34229588508606,195426.68903458095
594,67.50442123413086,195391.81353186467
595,67.66394805908203,195333.85962982333
596,67.83505940437317,195311.92920614398
597,67.96761918067932,195283.15020665372
598,68.1179530620575,195246.63451911818
599,68.2945704460144,195191.23759391866
600,68.51270961761475,195143.53026114963
601,68.78850412368774,195119.81012163922
602,68.8548674583435,195043.1247395829
603,68.91615605354309,194970.46795045366
604,68.977854013443,194948.3412132189
605,69.03265571594238,194920.20661013143
606,69.09158086776733,194882.34064594455
607,69.1509759426117,194824.10371854674
608,69.21447253227234,194801.8257811748
609,69.28355360031128,194770.62949599943
610,69.34413599967957,194724.8613737159
611,69.4062922000885,194701.63071349595
612,69.45895910263062,194674.2353662262
613,69.50924563407898,194637.4039786033
614,69.57300114631653,194581.8402065765
615,69.91112160682678,194558.59412842436
616,70.06227493286133,194528.2200244149
617,70.21062111854553,194501.68479353134
618,70.37081003189087,194463.10716143047
619,70.53040862083435,194450.69213310222
620,70.65119910240173,194420.70602015074
621,70.70731711387634,194380.05187413003
622,70.84958124160767,194322.22829451872
623,71.0795407295227,194303.58659509692
624,71.22433829307556,194270.84297564605
625,71.35004162788391,194243.72108142066
626,71.50407862663269,194203.70709769003
627,71.67374801635742,194191.05799335433
628,71.79692459106445,194160.33297416358
629,71.92977094650269,194119.5557516577
630,72.10045552253723,194065.52444430251
631,72.32915210723877,194043.16642139768
632,72.47421669960022,194011.81863808917
633,72.65090274810791,193967.2894352036
634,72.82718706130981,193948.34225360287
635,72.95846939086914,193920.65703970628
636,73.08771562576294,193883.48187831635
637,73.26129817962646,193830.70619622996
638,73.50904321670532,193809.3849840389
639,73.65031552314758,193779.15191083733
640,73.79269194602966,193754.52917126883
641,73.94490647315979,193729.11766683793
642,74.08264398574829,193706.65002252604
643,74.20755577087402,193677.57376922847
644,74.34446501731873,193655.97064351846
645,74.49004220962524,193628.6969474253
646,74.63881254196167,193607.8365435137
647,74.78225946426392,193580.2161988493
648,74.84109807014465,193558.78532035812
649,74.90298247337341,193532.13271783752
650,74.9659435749054,193512.77700868677
651,75.05407905578613,193484.90506460483
652,75.20371985435486,193463.40645403173
653,75.367671251297,193436.97454894692
654,75.43595504760742,193418.96018724988
655,75.49759840965271,193389.78357167885
656,75.55461120605469,193367.9774294065
657,75.61090970039368,193342.5986661366
658,75.68709135055542,193325.13809178723
659,75.76170372962952,193295.3650111801
660,75.82201099395752,193273.95010880355
661,75.88496446609497,193248.67921549876
662,75.94516181945801,193231.32018731994
663,76.00566840171814,193201.4137458637
664,76.11232376098633,193180.12073515795
665,76.16931056976318,193154.8417321254
666,76.3120493888855,193137.48005263263
667,76.36932349205017,193107.71251437033
668,76.43519902229309,193086.65532995606
669,76.52127242088318,193061.41106934336
670,76.57590532302856,193044.286533275
671,76.64351058006287,193014.47865684095
672,76.70143103599548,192993.50125690794
673,76.75754046440125,192968.39368294965
674,76.81263852119446,192951.44626938747
675,76.86945819854736,192921.6839665249
676,76.94908475875854,192900.7882931279
677,77.00615739822388,192875.646446677
678,77.06692552566528,192858.9550201232
679,77.11923742294312,192828.99892201545
680,77.17161798477173,192807.97908408003
681,77.22168946266174,192782.95691455036
682,77.27509427070618,192766.61483923864
683,77.32686972618103,192736.53153074672
684,77.37966775894165,192715.55738726974
685,77.46356225013733,192690.75874721142
686,77.5166871547699,192674.46213433388
687,77.56924414634705,192644.51450132104
688,77.62395906448364,192623.40765872097
689,77.67336869239807,192598.7954058499
690,77.72789406776428,192582.60562047668
691,77.78879952430725,192552.6004025766
692,77.84164214134216,192531.682634299
693,77.89350819587708,192507.02294956872
694,77.95302557945251,192491.10237724218
695,78.00377011299133,192461.0333457248
696,78.06200337409973,192440.1455628889
697,78.1121666431427,192415.5663966885
698,78.16449737548828,192399.78059706234
699,78.22173357009888,192369.76930905454
700,78.27148795127869,192348.91562502936
701,78.32484436035156,192324.5493078744
702,78.3754632472992,192308.7993320848
703,78.42858982086182,192278.81300316844
704,78.48675036430359,192257.96194616257
705,78.53735876083374,192233.56643478037
706,78.58828973770142,192218.03299002285
707,78.63867998123169,192187.98270264847
708,78.69454979896545,192167.3944344903
709,78.74508142471313,192143.04105360596
710,78.79647564888,192127.64723950523
711,78.84906506538391,192097.62674992604
712,78.90254712104797,192076.90127691388
713,78.95779943466187,192052.7117641027
714,79.00887656211853,192037.43634900637
715,79.05948281288147,192007.3451716848
716,79.11341524124146,191986.75081691708
717,79.1677737236023,191962.52430222247
718,79.21801924705505,191947.37669710052
719,79.2682466506958,191917.33239097483
720,79.32560563087463,191896.73482933623
721,79.37685632705688,191872.7190523445
722,79.43016695976257,191857.92393435957
723,79.4821105003357,191827.78123780098
724,79.53657507896423,191807.21278159044
725,79.58782625198364,191783.36480704826
726,79.64179182052612,191768.53865965578
727,79.69323372840881,191738.51833291003
728,79.75088810920715,191718.04883377737
729,79.80360865592957,191694.16468655938
730,79.85525298118591,191679.55615177625
731,79.90635347366333,191649.43628918997
732,79.95938968658447,191629.10267575592
733,80.01368856430054,191605.286481666
734,80.06367087364197,191590.95488591783
735,80.11625051498413,191560.79875687786
736,80.16716718673706,191540.3351528028
737,80.21873617172241,191516.64963902376
738,80.27064895629883,191502.44337053393
739,80.3250503540039,191472.19324483283
740,80.37870669364929,191451.78471942825
741,80.43375325202942,191428.19683744607
742,80.48548173904419,191414.07358086103
743,80.57164454460144,191383.9752100131
744,80.62345504760742,191363.6360223377
745,80.67632532119751,191340.19962643218
746,80.7299256324768,191326.36551022445
747,80.7814359664917,191296.13839925433
748,80.84228014945984,191275.8195542615
749,80.89499545097351,191252.385478544
750,80.94789958000183,191238.69636290963
751,81.00410008430481,191208.5015851313
752,81.06042814254761,191188.07300266315
753,81.11390113830566,191164.79064719888
754,81.1645736694336,191151.1086870798
755,81.21583914756775,191120.77634044967
756,81.27667927742004,191100.49744696126
757,81.33015513420105,191077.06003015093
758,81.38304853439331,191063.93135186617
759,81.43786954879761,191033.58693030212
760,81.48905873298645,191013.1250400492
761,81.54372358322144,190989.97001638377
762,81.62711215019226,190976.66944613258
763,81.73232126235962,190946.31724223282
764,81.90020179748535,190925.90088706173
765,82.06578159332275,190902.75087550175
766,82.15646171569824,190889.94818809902
767,82.30691862106323,190859.58283968054
768,82.41688251495361,190838.85527949894
769,82.46981859207153,190816.06492267805
770,82.52416610717773,190803.367531636
771,82.57745742797852,190772.7208515447
772,82.63227939605713,190752.26441655328
773,82.68750786781311,190729.50413246464
774,82.74026465415955,190716.76538291218
775,82.79590845108032,190686.47194634553
776,82.85638475418091,190665.90856372897
777,82.9122245311737,190642.9802993872
778,82.9644787311554,190630.53607769942
779,83.01661109924316,190599.66452285502
780,83.0782778263092,190579.08990117352
781,83.12981295585632,190556.55725559668
782,83.18190670013428,190544.37485003987
783,83.2363178730011,190513.77171994676
784,83.29029893875122,190493.2067298175
785,83.34527897834778,190470.84036272854
786,83.39582872390747,190458.5470369668
787,83.44804382324219,190427.66457563205
788,83.50259256362915,190407.23966260173
789,83.56778597831726,190384.25962496662
790,83.6189477443695,190372.86763322106
791,83.67165446281433,190342.39987093452
792,83.72403907775879,190321.14836079555
793,83.77674221992493,190299.3498204181
794,83.82869243621826,190287.47185456083
795,83.87968182563782,190256.42742418023
796,83.93250012397766,190235.87927969778
797,83.9838981628418,190213.08484202108
798,84.0408067703247,190202.150893809
799,84.12838125228882,190171.3939714979
800,84.18389368057251,190150.03511696865
801,84.23673939704895,190128.66352415545
802,84.28957557678223,190116.77341333716
803,84.34435272216797,190085.73787199572
804,84.39926791191101,190065.50863586224
805,84.45187211036682,190042.48833008902
806,84.50642776489258,190032.03580316695
807,84.55805850028992,190001.1249899515
808,84.61906290054321,189979.5751689795
809,84.67049360275269,189958.0641517067
810,84.72772884368896,189946.256614843
811,84.78036642074585,189915.77915971453
812,84.83447551727295,189896.6291770869
813,84.88760709762573,189872.78876300444
814,84.94016098976135,189860.95405028653
815,84.99276781082153,189831.37680514395
816,85.05345606803894,189812.16328707893
817,85.1279718875885,189788.99007347928
818,85.18263101577759,189776.90867228596
819,85.23843717575073,189747.03919563894
820,85.2920835018158,189728.93421146562
821,85.34727716445923,189705.8146275709
822,85.40863347053528,189692.7106745648
823,85.46327185630798,189663.41015813252
824,85.51551032066345,189646.28508177557
825,85.56846356391907,189621.9493329283
826,85.62070560455322,189609.15225999785
827,85.67426609992981,189580.0411125778
828,85.73194479942322,189562.79875680705
829,85.78580689430237,189539.23804185903
830,85.8385169506073,189526.30213756146
831,85.89390897750854,189497.09424873788
832,85.94891786575317,189480.19744414225
833,86.00061202049255,189455.89250998845
834,86.05395078659058,189443.65468185383
835,86.10977721214294,189414.38442665085
836,86.16281652450562,189397.39507314508
837,86.21573328971863,189373.8017346175
838,86.27042627334595,189361.410664479
839,86.32674384117126,189331.97653337487
840,86.3792097568512,189315.03003663092
841,86.4321563243866,189290.97476570442
842,86.48448157310486,189279.09289665736
843,86.53648328781128,189249.65458225366
844,86.59185695648193,189232.1271650879
845,86.64833068847656,189209.37954929774
846,86.70365452766418,189197.20482910261
847,86.77501559257507,189167.69502895104
848,86.85430932044983,189150.8725845185
849,86.91712784767151,189126.83711408975
850,86.97581195831299,189115.2579516896
851,87.03243803977966,189085.73656567108
852,87.15137767791748,189068.19910697293
853,87.20667290687561,189045.48462300756
854,87.29342603683472,189033.88972930177
855,87.35222935676575,189004.10885076917
856,87.41179394721985,188987.5411630693
857,87.47232866287231,188963.47917257049
858,87.62725949287415,188952.16286079024
859,87.77477836608887,188922.5971787531
860,87.92584800720215,188905.13077757976
861,87.99092745780945,188882.5649440337
862,88.05201530456543,188871.05506080374
863,88.18477129936218,188841.29690614657
864,88.33985042572021,188824.41962034543
865,88.48381400108337,188800.77462816678
866,88.63745403289795,188789.83200313928
867,88.8236894607544,188760.1409832997
868,88.99006152153015,188742.49243414693
869,89.13728022575378,188720.26740075307
870,89.29139924049377,188709.1522734812
871,89.43868017196655,188679.19721970765
872,89.59028935432434,188662.27497961736
873,89.72012519836426,188638.78528935803
874,89.79116892814636,188628.78299728915
875,90.05629825592041,188598.57844060785
876,90.18067383766174,188580.81600311262
877,90.241628408432,188558.70053434654
878,90.43809509277344,188547.81499340342
879,90.63072752952576,188517.79786303703
880,90.79438424110413,188500.85446135775
881,90.955806016922,188477.52784226005
882,91.10818982124329,188467.26096345717
883,91.22560119628906,188437.64413522487
884,91.28258013725281,188419.7495267387
885,91.34044075012207,188397.72811597696
886,91.40011715888977,188387.48459047108
887,91.54463577270508,188357.23786112314
888,91.76836204528809,188339.98296340575
889,91.94753289222717,188316.99178663368
890,92.12005710601807,188307.35908185464
891,92.24552369117737,188295.63109706173
892,92.35897731781006,188278.96730843972
893,92.42273426055908,188252.01942863717
894,92.47968220710754,188238.27596624606
895,92.60614705085754,188210.54637102655
896,92.73933386802673,188176.9748941474
897,92.89420008659363,188162.43896304586
898,93.02690196037292,188136.51124575202
899,93.18282175064087,188120.7481955808
900,93.33000016212463,188097.65754683496
901,93.47631001472473,188081.65491316826
902,93.61349964141846,188058.14824494132
903,93.75765323638916,188040.42569471162
904,93.90249180793762,188019.4223353567
905,94.05172061920166,188002.95079700253
906,94.23057579994202,187980.08149342268
907,94.37872099876404,187962.6497158939
908,94.51698160171509,187941.9314980767
909,94.66422367095947,187925.00471957994
910,94.80304980278015,187902.27456179282
911,94.86036849021912,187886.07052459533
912,94.97335290908813,187864.62924355757
913,95.03892040252686,187847.17178235698
914,95.24463605880737,187825.38959023144
915,95.35713982582092,187809.58740772295
916,95.41301012039185,187787.1970021473
917,95.47210550308228,187770.2548236503
918,95.5281252861023,187748.9274615356
919,95.68541622161865,187732.13358238369
920,95.83516192436218,187709.88366706698
921,95.98669648170471,187694.0721527048
922,96.12757205963135,187672.0617388987
923,96.28570365905762,187654.15604477242
924,96.33767890930176,187633.4586843686
925,96.40123558044434,187618.01366416118
926,96.46046113967896,187594.7624348945
927,96.51939749717712,187577.4931238094
928,96.67735362052917,187557.478831902
929,96.83013820648193,187541.0052126538
930,96.9787802696228,187517.8360410707
931,97.09922671318054,187502.1722700804
932,97.20716047286987,187481.13887539916
933,97.27115368843079,187463.19527492305
934,97.35448932647705,187442.00728759472
935,97.51934218406677,187427.35589188704
936,97.667809009552,187404.364944933
937,97.77397227287292,187386.74540265906
938,97.92231035232544,187366.9601903791
939,98.08250117301941,187350.35750531484
940,98.22659969329834,187327.48031397583
941,98.32608437538147,187312.7917980357
942,98.42260384559631,187291.14958105134
943,98.56612920761108,187272.42525417285
944,98.7027096748352,187252.5103802461
945,98.85451340675354,187237.99531226896
946,99.00077438354492,187214.3014017196
947,99.16399478912354,187196.8596860777
948,99.30637073516846,187177.91869184683
949,99.48791098594666,187161.6413204893
950,99.65470361709595,187137.95373145232
951,99.79947757720947,187123.89426327488
952,99.90773606300354,187102.63650135533
953,100.02129936218262,187084.01910187083
954,100.13320684432983,187063.81901077984
955,100.25129055976868,187049.31639985004
956,100.39559626579285,187026.08771184727
957,100.54405331611633,187009.25160653764
958,100.68873810768127,186989.84839932932
959,100.84173774719238,186972.9825468416
960,100.98665380477905,186950.4069434568
961,101.13426947593689,186936.41372897942
962,101.26800632476807,186914.82329237295
963,101.41258811950684,186895.7491292183
964,101.49246120452881,186876.8577676013
965,101.56913137435913,186863.07859852782
966,101.63328313827515,186838.6436625571
967,101.69749736785889,186821.34115437214
968,101.75297546386719,186803.5312651802
969,101.81054449081421,186787.5123144393
970,101.865473985672,186763.2567285574
971,101.92729067802429,186749.78824304708
972,101.98285579681396,186728.9102109631
973,102.04403042793274,186709.8172640876
974,102.10365605354309,186690.29620503727
975,102.23357152938843,186676.69607000193
976,102.29442644119263,186652.9421080568
977,102.3595860004425,186635.78663962908
978,102.42062020301819,186617.6128033005
979,102.51014757156372,186601.0661607697
980,102.57194209098816,186577.79072723872
981,102.63250875473022,186565.11215702942
982,102.69325542449951,186543.5006131739
983,102.74386787414551,186523.7533073202
984,102.798269033432,186505.65672299548
985,102.86094522476196,186491.83749054075
986,102.91591811180115,186467.72232207816
987,102.96469044685364,186451.78734197363
988,103.01366353034973,186433.2143871953
989,103.06472611427307,186415.6559093373
990,103.12419986724854,186393.3714791877
991,103.19708299636841,186381.022533168
992,103.25842714309692,186359.06872709308
993,103.31780695915222,186339.00761782326
994,103.37565231323242,186321.95299942195
995,103.43260979652405,186308.0906128519
996,103.50835013389587,186282.8112861181
997,103.56772756576538,186267.0375847555
998,103.63084268569946,186249.36281974666
999,103.68750524520874,186232.12302201593
1000,103.74387049674988,186209.16346501728
1001,103.80450582504272,186197.24176000804
1002,103.85389685630798,186175.5493743489
1003,103.90350437164307,186156.0001475567
1004,103.95810413360596,186138.41203276147
1005,104.00799632072449,186124.450187257
1006,104.05721259117126,186099.82801209702
1007,104.10617709159851,186084.2085237707
1008,104.15507483482361,186066.40264685088
1009,104.21038150787354,186049.3966494787
1010,104.26023244857788,186026.5743730242
1011,104.31422901153564,186014.51185322512
1012,104.3655776977539,185993.16580227675
1013,104.46630573272705,185973.69686181683
1014,104.52246928215027,185956.03663691014
1015,104.66808295249939,185942.3379684872
1016,104.79221034049988,185917.9834934515
1017,104.84299540519714,185903.2430501412
1018,104.89284014701843,185884.8390824383
1019,104.94585299491882,185867.04847976269
1020,104.99553918838501,185845.60430203858
1021,105.04747915267944,185834.3441309672
1022,105.10037136077881,185811.8374564013
1023,105.15884590148926,185791.6400494996
1024,105.21739554405212,185775.7809381729
1025,105.27410125732422,185760.74469416717
1026,105.3322639465332,185736.8258537559
1027,105.38995242118835,185721.90892015936
1028,105.5723774433136,185705.36399481285
1029,105.74648904800415,185684.91437823026
1030,105.86923742294312,185665.58313545317
1031,106.00141930580139,185653.56032781416
1032,106.12896800041199,185632.3360423254
1033,106.28455948829651,185611.74866681694
1034,106.43061923980713,185597.74742107396
1035,106.55670356750488,185580.87028323766
1036,106.61797142028809,185557.12640287163
1037,106.698068857193,185544.92209458625
1038,106.75881910324097,185526.15996375924
1039,106.82929563522339,185504.42328432223
1040,106.8888590335846,185488.63052721074
1041,106.93998384475708,185474.2739612235
1042,106.98991465568542,185451.41535176255
1043,107.04005813598633,185434.6530368138
1044,107.10192108154297,185419.6502953482
1045,107.15355825424194,185400.53518286019
1046,107.20406198501587,185379.1383129729
1047,107.25743126869202,185368.40169234402
1048,107.31056904792786,185347.92709507595
1049,107.3749828338623,185325.5863915305
1050,107.43199634552002,185312.30849979175
1051,107.58672618865967,185296.05049588956
1052,107.6441740989685,185271.71915206013
1053,107.70154309272766,185259.79994881531
1054,107.75932598114014,185241.34645749503
1055,107.81989574432373,185219.84677260797
1056,107.87056589126587,185203.93838468907
1057,107.92097926139832,185189.92785036657
1058,107.97112250328064,185167.30859961247
1059,108.02341556549072,185150.44784452068
1060,108.08387327194214,185135.78051421474
1061,108.1464262008667,185117.11241513674
1062,108.21060919761658,185095.49645373583
1063,108.28685021400452,185084.79291608228
1064,108.34419465065002,185064.78853690936
1065,108.40017580986023,185042.4177826895
1066,108.46104526519775,185029.1711496716
1067,108.57007098197937,185013.39630608552
1068,108.6533751487732,184989.1852518812
1069,108.72240877151489,184976.95998940276
1070,108.77989268302917,184959.24288278396
1071,108.84195685386658,184938.24539692482
1072,108.89461922645569,184921.685258998
1073,108.94739484786987,184908.34288216324
1074,109.00658512115479,184886.4971088198
1075,109.06408739089966,184868.75183636183
1076,109.12201118469238,184854.58266831486
1077,109.17426085472107,184836.77250818547
1078,109.23246169090271,184814.52144263062
1079,109.3078100681305,184803.66449640045
1080,109.36346364021301,184784.37389637833
1081,109.42790961265564,184762.0677721387
1082,109.49159574508667,184748.42023371445
1083,109.55346846580505,184733.56357169797
1084,109.61401057243347,184709.59166828677
1085,109.67697763442993,184696.4633944775
1086,109.73197793960571,184679.94095812723
1087,109.78586792945862,184659.29446532062
1088,109.83949065208435,184641.5915317541
1089,109.9017972946167,184629.94650076443
1090,109.95469117164612,184608.51025961296
1091,110.00940322875977,184588.81379189354
1092,110.07257866859436,184576.02979138316
1093,110.1253559589386,184558.90404022665
1094,110.18358063697815,184535.21262040347
1095,110.2438862323761,184525.28852098464
1096,110.36692953109741,184505.6483412153
1097,110.42725539207458,184483.51919035907
1098,110.48496603965759,184470.3196655085
1099,110.54621744155884,184455.49810622787
1100,110.61157512664795,184431.24851323914
1101,110.67987251281738,184418.79662114714
1102,110.74002504348755,184401.81122529737
1103,110.88472056388855,184381.3186357709
1104,111.02560544013977,184364.26095381324
1105,111.17929363250732,184352.22092266168
1106,111.31348323822021,184330.6641711058
1107,111.46704411506653,184312.03929704826
1108,111.60027146339417,184298.90497618986
1109,111.74856853485107,184281.83037900573
1110,111.87638878822327,184258.73367288098
1111,112.00311470031738,184248.93651651207
1112,112.14397025108337,184229.4984127204
1113,112.29197096824646,184207.3167876365
1114,112.444815158844,184194.39093585915
1115,112.59012460708618,184179.59385124102
1116,112.70912027359009,184155.37035317815
1117,112.86399126052856,184143.1865626837
1118,112.9918646812439,184126.40551417228
1119,113.12676477432251,184105.90324959005
1120,113.27621126174927,184088.9708466914
1121,113.33620166778564,184077.53661768822
1122,113.39263916015625,184055.74830458913
1123,113.4534661769867,184037.0375827142
1124,113.51367688179016,184024.33164201782
1125,113.57490348815918,184007.2879352181
1126,113.6323549747467,183983.8169066337
1127,113.68880677223206,183974.59475373532
1128,113.80239653587341,183954.88242876835
1129,113.85916543006897,183932.60805153268
1130,113.91485857963562,183920.16426587355
1131,113.97094964981079,183905.05293332503
1132,114.05273222923279,183880.67195321494
1133,114.20593643188477,183869.4756154991
1134,114.37860894203186,183851.93422169588
1135,114.58279466629028,183831.604064994
1136,114.80791401863098,183815.62805770972
1137,114.97137522697449,183803.18221701542
1138,115.11940574645996,183781.26930865773
1139,115.27861666679382,183764.40456997868
1140,115.42296147346497,183750.77262546262
1141,115.56390810012817,183733.72741565952
1142,115.70981478691101,183711.3848486244
1143,115.8648202419281,183702.1667888875
1144,116.0064651966095,183682.62783549295
1145,116.15459656715393,183660.94402750404
1146,116.29947137832642,183648.25596804018
1147,116.45537281036377,183634.12039797285
1148,116.60491299629211,183609.6910376607
1149,116.74581861495972,183598.19210508565
1150,116.88676333427429,183581.3015186728
1151,117.06868195533752,183561.3644561585
1152,117.21836543083191,183544.65345592683
1153,117.37623953819275,183533.41632514147
1154,117.52487301826477,183511.69132332155
1155,117.68272256851196,183493.93900111673
1156,117.82208442687988,183481.03533595533
1157,117.9585452079773,183464.99846861343
1158,118.10049200057983,183441.49058278502
1159,118.23883819580078,183432.2590683137
1160,118.36195397377014,183413.08990460113
1161,118.50514531135559,183391.87939477546
1162,118.64038467407227,183378.64652646054
1163,118.79673337936401,183365.1269280865
1164,118.94463801383972,183341.0796680043
1165,119.08941721916199,183329.1104779839
1166,119.21684765815735,183312.79851641893
1167,119.36778259277344,183293.91268264945
1168,119.50990319252014,183275.89064538287
1169,119.66230654716492,183265.64952602825
1170,119.80613327026367,183244.61200782214
1171,119.96138787269592,183225.61540641612
1172,120.10147976875305,183213.21374210043
1173,120.25404095649719,183198.1456478463
1174,120.39963579177856,183173.86197730328
1175,120.55349731445312,183164.1589727138
1176,120.702880859375,183145.59058441565
1177,120.85654187202454,183125.5530462852
1178,120.98422312736511,183111.03202931612
1179,121.13485908508301,183098.55160927074
1180,121.26400589942932,183075.35425601227
1181,121.42025852203369,183061.22141930505
1182,121.56282210350037,183046.61615169173
1183,121.69489932060242,183029.44136948997
1184,121.83363652229309,183008.58378083893
1185,121.98464965820312,183000.02897561478
1186,122.10585188865662,182989.11732521732
1187,122.22874307632446,182974.29840572827
1188,122.37816715240479,182949.27142767352
1189,122.55439496040344,182934.1950998647
1190,122.69340348243713,182893.80610370077
1191,122.86911582946777,182873.39093499514
1192,123.00607967376709,182860.24719655572
1193,123.1509792804718,182836.9943308699
1194,123.32835268974304,182814.8459561295
1195,123.51268649101257,182805.75316630947
1196,123.64260768890381,182776.94879774112
1197,123.77896499633789,182743.69073147874
1198,123.93239307403564,182722.89615337393
1199,124.07399773597717,182706.0503523436
1200,124.22523617744446,182693.17536175097
1201,124.4506106376648,182672.29095394159
1202,124.65400409698486,182653.65530197957
1203,124.86898684501648,182642.1233008268
1204,125.091304063797,182621.5785170224
1205,125.2448079586029,182601.37936996645
1206,125.38236808776855,182590.18513530577
1207,125.54676079750061,182572.15461077433
1208,125.60583925247192,182549.70347662977
1209,125.6616952419281,182540.0159398785
1210,125.7247052192688,182520.1554168343
1211,125.78254699707031,182499.14908780446
1212,125.84088397026062,182488.4324553226
1213,125.91691017150879,182469.5671742473
1214,125.97198390960693,182447.7928696244
1215,126.19656491279602,182437.9228240163
1216,126.41155076026917,182416.9449890732
1217,126.54409122467041,182397.76798401345
1218,126.61328339576721,182387.39492910603
1219,126.69295907020569,182368.072643037
1220,126.88190865516663,182346.78914438884
1221,126.99993419647217,182337.55919969807
1222,127.09085083007812,182316.27052274646
1223,127.17471289634705,182296.21662673453
1224,127.3340470790863,182286.7876907879
1225,127.44198536872864,182276.50541510334
1226,127.55547022819519,182261.70805521664
1227,127.62256026268005,182237.64906615866
1228,127.6901171207428,182231.78153596664
1229,127.74170351028442,182204.80242152934
1230,127.84361743927002,182172.39472719328
1231,127.99687838554382,182162.7598164458
1232,128.0538067817688,182150.2392028905
1233,128.1089129447937,182127.85511853182
1234,128.1742913722992,182101.31930091142
1235,128.24302458763123,182078.2432023111
1236,128.3014280796051,182066.93712042496
1237,128.37133979797363,182045.8990835282
1238,128.42895674705505,182045.65016978956
1239,128.48517489433289,182019.42924612522
1240,128.54708003997803,181983.89170244342
1241,128.62351536750793,181961.4963977977
1242,128.7894947528839,181944.35979562267
1243,128.84626626968384,181919.7529279325
1244,128.93026161193848,181888.15080678283
1245,129.072124004364,181866.37904666664
1246,129.13473558425903,181854.20271033756
1247,129.1943118572235,181829.71980199963
1248,129.24914288520813,181795.30165990436
1249,129.3107204437256,181767.75202933064
1250,129.3872730731964,181753.24424664382
1251,129.51892614364624,181729.8451521418
1252,129.64380884170532,181710.89696857217
1253,129.77725458145142,181686.5841119723
1254,129.95206689834595,181672.6800725726
1255,130.07947826385498,181651.16223487727
1256,130.2175693511963,181618.85758661167
1257,130.38493037223816,181611.15821313992
1258,130.50542974472046,181585.79371641984
1259,130.64596700668335,181553.47743550918
1260,130.81748151779175,181528.5115886128
1261,130.8708894252777,181502.83447581035
1262,130.92710733413696,181480.48714799643
1263,130.98171520233154,181464.36120622107
1264,131.04166650772095,181442.1407796272
1265,131.10246086120605,181426.60971171505
1266,131.19304156303406,181383.62477235636
1267,131.3922734260559,181364.4402763328
1268,131.4529106616974,181349.5696530526
1269,131.52740240097046,181326.49852970632
1270,131.59120345115662,181299.50546748735
1271,131.78462052345276,181292.777880343
1272,131.89657378196716,181265.09991635743
1273,132.0190646648407,181229.41935767236
1274,132.1039798259735,181195.411165304
1275,132.15954303741455,181189.4870217561
1276,132.23160529136658,181163.644848966
1277,132.36988401412964,181130.97507028535
1278,132.56108474731445,181112.4606774341
1279,132.72443842887878,181091.38372823945
1280,132.84943175315857,181067.82181800847
1281,132.98125338554382,181037.77929040053
1282,133.06383395195007,181020.50381990045
1283,133.13487339019775,180996.83790405653
1284,133.2549343109131,180973.60284533305
1285,133.30697059631348,180955.82918493042
1286,133.41024947166443,180933.0727731855
1287,133.49024748802185,180919.7198038975
1288,133.56476354599,180898.68591346568
1289,133.7070014476776,180867.55511315996
1290,133.76350593566895,180855.49911106145
1291,133.84743762016296,180831.59419276752
1292,133.9078450202942,180800.81393756042
1293,133.99923133850098,180789.26442912372
1294,134.1089494228363,180765.7391738952
1295,134.25528144836426,180736.95208826085
1296,134.38593339920044,180730.06798657338
1297,134.49115014076233,180719.46632634103
1298,134.5734851360321,180704.38421091708
1299,134.7188696861267,180681.41323849827
1300,134.91761302947998,180673.23179147425
1301,135.04407930374146,180660.4656757518
1302,135.18384313583374,180637.11432825145
1303,135.36570477485657,180605.65037840922
1304,135.59032225608826,180589.29740305064
1305,135.73393201828003,180575.7513273
1306,135.89135265350342,180554.16452832852
1307,136.0846552848816,180527.63157446688
1308,136.29861688613892,180508.19833094027
1309,136.42779111862183,180494.6650802624
1310,136.56685972213745,180471.77349942081
1311,136.74567222595215,180443.12193825518
1312,136.95901918411255,180424.1220216195
1313,137.0894374847412,180411.0142010866
1314,137.23194932937622,180389.00387970734
1315,137.40869545936584,180363.51926542365
1316,137.62779998779297,180342.7219508292
1317,137.7548303604126,180329.23649133602
1318,137.89897322654724,180306.71292633357
1319,138.07470726966858,180289.5129269918
1320,138.26797580718994,180268.2258213398
1321,138.38281679153442,180244.61730632887
1322,138.52677631378174,180215.14424001556
1323,138.70242953300476,180199.97768698848
1324,138.86326241493225,180159.10222292683
1325,139.06519675254822,180142.1396269702
1326,139.19013571739197,180128.47533373974
1327,139.34897661209106,180105.1594888682
1328,139.52542877197266,180075.06290191665
1329,139.74163436889648,180058.23807507445
1330,139.86975646018982,180044.75506003335
1331,140.0163996219635,180022.60755054356
1332,140.1875479221344,179998.17780692497
1333,140.38785648345947,179976.74489040766
1334,140.46290040016174,179963.63869764016
1335,140.55653715133667,179940.81592397552
1336,140.73567724227905,179917.6392275971
1337,140.92493653297424,179915.23745176184
1338,141.06071829795837,179887.45548410856
1339,141.1908085346222,179852.0312714374
1340,141.36992263793945,179820.90332609165
1341,141.53777527809143,179812.1801045602
1342,141.65685367584229,179789.12515463296
1343,141.7724254131317,179770.4444787027
1344,141.90329360961914,179746.30072018912
1345,142.0765573978424,179730.09789604513
1346,142.24326539039612,179694.68298854298
1347,142.44741010665894,179691.27501849376
1348,142.59676861763,179664.01195166112
1349,142.77636766433716,179629.08268063876
1350,142.9626841545105,179609.72436523426
1351,143.13540983200073,179592.06314214863
1352,143.26237225532532,179570.08976056118
1353,143.41231417655945,179552.13918169797
1354,143.54940533638,179526.9818826826
1355,143.7380826473236,179495.14220671795
1356,143.93380546569824,179484.40048515282
1357,144.05322575569153,179459.75458697262
1358,144.11241483688354,179428.54404702535
1359,144.1837282180786,179403.6207994971
1360,144.2421178817749,179387.81493707097
1361,144.30089020729065,179364.47876892303
1362,144.3603115081787,179347.35822383646
1363,144.44564867019653,179323.21633019473
1364,144.64306044578552,179293.81836887522
1365,144.85181784629822,179276.14277338277
1366,144.94429731369019,179252.64554084107
1367,145.09281539916992,179225.42404220777
1368,145.24776196479797,179215.58509549263
1369,145.366614818573,179189.90858545018
1370,145.48574829101562,179184.31320060175
1371,145.60268592834473,179173.86037412426
1372,145.73369359970093,179158.6536091035
1373,145.8810477256775,179136.74185095628
1374,146.06834936141968,179132.0745965653
1375,146.19267630577087,179107.7276900999
1376,146.34164428710938,179075.14997000925
1377,146.50796604156494,179068.08310641264
1378,146.62691950798035,179043.1313690681
1379,146.76460337638855,179012.09038057993
1380,146.92131567001343,178999.69844518957
1381,147.03025126457214,178976.23635867485
1382,147.14809346199036,178949.14443519965
1383,147.2189314365387,178941.2636502786
1384,147.2759759426117,178913.92621694005
1385,147.32945346832275,178906.775488176
1386,147.38026309013367,178896.5184059626
1387,147.43508124351501,178882.09831150202
1388,147.49497365951538,178859.8179531883
1389,147.55785298347473,178852.33768853854
1390,147.61473941802979,178828.57098515512
1391,147.6714198589325,178798.47915788656
1392,147.73206114768982,178796.8865616036
1393,147.832093000412,178770.20565313648
1394,147.89126539230347,178738.79386144818
1395,147.94793224334717,178723.51729647312
1396,148.00774812698364,178705.35095829205
1397,148.14609050750732,178695.6074518879
1398,148.2941484451294,178670.9832996531
1399,148.51255106925964,178658.4641990475
1400,148.65207624435425,178639.63044126972
1401,148.80773663520813,178627.8773531198
1402,148.9545295238495,178613.12269846248
1403,149.1138882637024,178593.37859015397
1404,149.2646563053131,178579.51615030976
1405,149.40879130363464,178568.46441988187
1406,149.5494511127472,178548.17175579868
1407,149.69265413284302,178532.9034052342
1408,149.84583473205566,178520.07638739282
1409,149.99967408180237,178504.89353027038
1410,150.15455079078674,178485.33802737022
1411,150.33698177337646,178475.6882019853
1412,150.55324697494507,178458.85197580425
1413,150.77210116386414,178440.60530743102
1414,150.94835305213928,178427.8791110244
1415,151.13680839538574,178414.6056110445
1416,151.2998504638672,178394.74949692542
1417,151.40252208709717,178383.48776842162
1418,151.54647827148438,178368.43047982408
1419,151.65775394439697,178352.73275602958
1420,151.82295036315918,178336.31946177877
1421,151.90612387657166,178325.3974560121
1422,151.96249961853027,178307.83329683324
1423,152.0219714641571,178292.5379933854
1424,152.13838863372803,178278.82436668949
1425,152.19478487968445,178264.7363340901
1426,152.27364230155945,178246.78542817134
1427,152.33446145057678,178236.44837100085
1428,152.42593121528625,178219.67993228426
1429,152.54792189598083,178202.67134877734
1430,152.6038064956665,178190.73033704743
1431,152.66149044036865,178176.97572011384
1432,152.78602576255798,178158.4614969486
1433,152.85976219177246,178147.5234331917
1434,152.94263815879822,178132.7371680236
1435,153.03657054901123,178115.7556700193
1436,153.18948793411255,178103.8977618231
1437,153.33694314956665,178089.7956263362
1438,153.49348163604736,178072.4956294686
1439,153.64459037780762,178060.80865770212
1440,153.75767755508423,178047.03401743041
1441,153.8427665233612,178030.62972745966
1442,153.94146585464478,178016.69764045728
1443,154.14670133590698,178004.21508032148
1444,154.39230632781982,177988.80425670583
1445,154.6101188659668,177974.14329677515
1446,154.77517890930176,177960.61430261505
1447,154.9976806640625,177946.62071438492
1448,155.06435704231262,177931.86023039758
1449,155.13602948188782,177918.48517683728
1450,155.28105473518372,177903.78176330926
1451,155.45294833183289,177889.60146408877
1452,155.60858726501465,177876.72769689836
1453,155.72814464569092,177861.7828678724
1454,155.8347828388214,177846.61179623555
1455,155.92841696739197,177834.4252023224
1456,156.02500653266907,177820.39887547705
1457,156.0878245830536,177804.1248808399
1458,156.14901065826416,177791.6449278408
1459,156.2388198375702,177777.9006800858
1460,156.31548190116882,177762.19537080923
1461,156.37812447547913,177749.4306619754
1462,156.4389238357544,177734.29689056313
1463,156.51990842819214,177719.54509992496
1464,156.63129448890686,177707.11475177432
1465,156.7016990184784,177692.26002779882
1466,156.82805514335632,177675.9324655785
1467,156.98052048683167,177664.5490593088
1468,157.14381337165833,177650.33195730724
1469,157.29863476753235,177633.5417427237
1470,157.41710901260376,177621.35736187396
1471,157.5136742591858,177607.5642715522
1472,157.66210293769836,177592.1754108515
1473,157.80959105491638,177579.34250822393
1474,157.94066190719604,177564.98396290783
1475,158.1306130886078,177549.4352718436
1476,158.33088946342468,177537.92663497658
1477,158.46789813041687,177523.44379440672
1478,158.60991644859314,177506.75668555332
1479,158.66710591316223,177495.2330367931
1480,158.72206020355225,177482.06170156167
1481,158.7878577709198,177465.27186577584
1482,158.84583473205566,177452.82242953317
1483,158.99110651016235,177439.6829291678
1484,159.17291164398193,177424.17343740546
1485,159.3229992389679,177410.63828947666
1486,159.49920058250427,177397.30976914434
1487,159.6439926624298,177382.1963462407
1488,159.7870180606842,177369.19291732615
1489,159.93978571891785,177355.55949196074
1490,160.09104204177856,177339.75325098907
1491,160.24814367294312,177326.71410964598
1492,160.3910596370697,177314.77804922278
1493,160.54374980926514,177298.41113461496
1494,160.70455145835876,177284.11276689282
1495,160.8667221069336,177273.00481968332
1496,161.01959204673767,177258.06997079053
1497,161.1718623638153,177241.53243361673
1498,161.30513072013855,177231.41905337272
1499,161.4403612613678,177215.8743631517
1500,161.59810876846313,177200.0108212299
1501,161.72515511512756,177189.54866143593
1502,161.8464002609253,177173.11671648925
1503,161.9695816040039,177157.09885289654
1504,162.0915927886963,177148.28633564658
1505,162.21324563026428,177138.5079865023
1506,162.34836101531982,177125.03162272184
1507,162.51751708984375,177102.6234513826
1508,162.70406222343445,177087.91763702824
1509,162.89783716201782,177060.69813628032
1510,163.05683064460754,177036.7352619931
1511,163.17678046226501,177023.80076885485
1512,163.2958219051361,177001.96704261994
1513,163.4525306224823,176988.6758453298
1514,163.61251854896545,176965.76242455188
1515,163.7445571422577,176941.79715247636
1516,163.946063041687,176916.39598391522
1517,164.040344953537,176905.34901775292
1518,164.18441796302795,176883.38450560695
1519,164.36436128616333,176877.58551089713
1520,164.49991083145142,176867.31117245572
1521,164.6557378768921,176852.76381926742
1522,164.84941267967224,176831.67790643053
1523,165.08387875556946,176824.1694630718
1524,165.3041272163391,176812.06669240128
1525,165.5397310256958,176790.2260806563
1526,165.88991022109985,176760.3833494181
1527,166.12281227111816,176744.929263653
1528,166.27062153816223,176732.1649475795
1529,166.44819331169128,176713.2292237649
1530,166.65583658218384,176692.03429810202
1531,166.88130116462708,176669.91419709637
1532,167.01844668388367,176657.54689382995
1533,167.18431496620178,176637.5069947101
1534,167.47490406036377,176629.80207611842
1535,167.6293647289276,176617.85289796346
1536,167.7705979347229,176597.03604359998
1537,167.90770888328552,176575.41019760084
1538,168.06769013404846,176568.09590212526
1539,168.20007371902466,176542.6817594517
1540,168.32776832580566,176511.51571481756
1541,168.4439742565155,176496.22639873766
1542,168.59701299667358,176476.31295157544
1543,168.75204157829285,176473.37918283322
1544,168.8730800151825,176462.7337023486
1545,168.99672770500183,176447.21568458763
1546,169.14936995506287,176426.6292159342
1547,169.3529977798462,176419.64082106773
1548,169.49177885055542,176407.37406854818
1549,169.6446614265442,176385.43565998125
1550,169.8472044467926,176352.51488012724
1551,170.0800120830536,176337.82254465466
1552,170.21446704864502,176326.52857871083
1553,170.27752709388733,176308.99517900404
1554,170.36333107948303,176288.82094946702
1555,170.42493176460266,176282.70936535948
1556,170.5143485069275,176276.9846605227
1557,170.571444272995,176265.5898258378
1558,170.6266622543335,176242.86846329944
1559,170.7118444442749,176199.50294980462
1560,170.78507804870605,176172.56911480965
1561,170.9514765739441,176131.5246901966
1562,171.09961581230164,176099.6765085878
1563,171.3360252380371,176089.2923889583
1564,171.47693347930908,176077.13851767697
1565,171.57271909713745,176056.51399787603
1566,171.6972532272339,176038.9570701995
1567,171.82619309425354,176035.71701990982
1568,171.92273354530334,176007.28140762285
1569,172.04254698753357,175976.69881370707
1570,172.17365884780884,175962.44871839558
1571,172.2987310886383,175942.93853967224
1572,172.4218783378601,175935.8977968179
1573,172.4730396270752,175925.9535152297
1574,172.53124165534973,175912.32384005838
1575,172.58937740325928,175890.53454077608
1576,172.65055775642395,175882.78561622437
1577,172.70906805992126,175859.34420921624
1578,172.77007627487183,175830.79155893673
1579,172.97689962387085,175821.9586681893
1580,173.10753536224365,175810.73498297186
1581,173.25098633766174,175792.58702257276
1582,173.44604802131653,175767.76803922167
1583,173.66003012657166,175748.80112647873
1584,173.79817628860474,175737.04410245275
1585,173.95169305801392,175717.9842323898
1586,174.152174949646,175706.82916076115
1587,174.28351426124573,175685.45278888108
1588,174.41772150993347,175668.90289896255
1589,174.57066583633423,175647.68660566438
1590,174.76553630828857,175637.15322522787
1591,174.89066648483276,175616.51971355212
1592,175.0395154953003,175587.37849061392
1593,175.25852036476135,175579.85915220834
1594,175.4004774093628,175568.2418776027
1595,175.56025886535645,175548.85423170836
1596,175.7659182548523,175524.54922196572
1597,175.99336433410645,175504.56424104114
1598,176.13220882415771,175493.94540751417
1599,176.30453610420227,175474.8859945455
1600,176.50544595718384,175459.08571802714
1601,176.71882128715515,175439.45721694807
1602,176.8913643360138,175425.0178505492
1603,177.05983996391296,175404.84959454913
1604,177.25359392166138,175396.06451341845
1605,177.38543558120728,175374.68416794945
1606,177.56611704826355,175358.37727637493
1607,177.7419409751892,175336.88924542326
1608,177.92976689338684,175322.05596262089
1609,178.10911321640015,175300.20092730373
1610,178.2923228740692,175269.66786409964
1611,178.54458594322205,175251.14390535065
1612,178.70962929725647,175236.85150945428
1613,178.86872363090515,175215.4833107952
1614,179.08230829238892,175189.64529433157
1615,179.34917950630188,175181.07764077498
1616,179.50645923614502,175156.1978898238
1617,179.7380359172821,175128.19819083804
1618,179.96644401550293,175118.85148426652
1619,180.15746212005615,175097.17354742225
1620,180.34859442710876,175093.5585424108
1621,180.45939922332764,175083.20485837743
1622,180.59014654159546,175068.98602854938
1623,180.74724078178406,175049.02135981305
1624,180.9627821445465,175041.9471513981
1625,181.0879316329956,175030.5210875955
1626,181.24114108085632,175009.89778479928
1627,181.4463245868683,174989.0951596743
1628,181.67025470733643,174969.290496379
1629,181.83701920509338,174956.38890764758
1630,181.95955348014832,174935.89250235856
1631,182.1477611064911,174917.36042439862
1632,182.51978087425232,174898.8611712505
1633,182.65253448486328,174883.97019510812
1634,182.82922387123108,174864.5811103501
1635,183.13486003875732,174850.92033505114
1636,183.32256698608398,174843.5268979977
1637,183.4445972442627,174818.30088337619
1638,183.60178327560425,174785.94216192598
1639,183.847585439682,174778.21424060944
1640,183.97940874099731,174753.02883215316
1641,184.1395604610443,174730.01429902593
1642,184.31989216804504,174728.75481047406
1643,184.4634177684784,174717.952983498
1644,184.74100995063782,174702.95552369725
1645,184.96041655540466,174683.70441290858
1646,185.18362092971802,174676.57260448148
1647,185.3122718334198,174664.97542322846
1648,185.46440720558167,174644.05081801
1649,185.6674919128418,174618.53240735052
1650,185.90894508361816,174601.77101162748
1651,186.04887342453003,174589.99186900255
1652,186.21152520179749,174571.88098789135
1653,186.46469712257385,174553.15104861135
1654,186.77866053581238,174532.1152353474
1655,186.9250249862671,174519.56010637298
1656,187.07730746269226,174499.77149891373
1657,187.15013694763184,174495.06895080334
1658,187.3077199459076,174473.90356125467
1659,187.41525077819824,174443.5892637851
1660,187.51866388320923,174435.49443649428
1661,187.67535519599915,174424.73989825323
1662,187.84600400924683,174406.93540831242
1663,188.0446960926056,174403.25844510202
1664,188.1721682548523,174378.14638554043
1665,188.30938935279846,174362.78894179087
1666,188.47880125045776,174343.1089257836
1667,188.64478540420532,174339.93344768256
1668,188.76772904396057,174330.0062214559
1669,188.89676332473755,174315.39313523954
1670,189.0572509765625,174296.72230659175
1671,189.2650167942047,174288.82904792583
1672,189.3762104511261,174266.60831181213
1673,189.50656390190125,174239.27861697928
1674,189.68847727775574,174232.27994813427
1675,189.83098363876343,174221.20459401413
1676,189.97060298919678,174202.71807609583
1677,190.0494418144226,174198.13985503043
1678,190.1566789150238,174172.9419393303
1679,190.3031394481659,174151.0918781556
1680,190.4340262413025,174137.22862403467
1681,190.58595442771912,174129.20929001758
1682,190.708731174469,174120.20909902742
1683,190.78134489059448,174107.2048204693
1684,191.03043937683105,174087.0362625329
1685,191.12481999397278,174076.06729618323
1686,191.18677759170532,174054.29915576236
1687,191.26029777526855,174030.53441435052
1688,191.33922457695007,174026.681904599
1689,191.4066150188446,174016.85872642612
1690,191.56925320625305,174003.27264696034
1691,191.75028538703918,173983.40579694032
1692,191.96049284934998,173975.95315508806
1693,192.0700478553772,173953.81530331104
1694,192.23113203048706,173929.52311374756
1695,192.38554644584656,173928.04106309562
1696,192.50332021713257,173917.55877632665
1697,192.626562833786,173902.9454513942
1698,192.73932027816772,173884.04107798883
1699,192.91470336914062,173877.26371288087
1700,193.0110912322998,173865.94489121667
1701,193.1461796760559,173847.00107749595
1702,193.21101212501526,173838.57274995316
1703,193.2632293701172,173816.90935662485
1704,193.33432912826538,173802.045028047
1705,193.4162995815277,173781.06720768267
1706,193.63310384750366,173765.29267406612
1707,193.73244333267212,173759.9364920364
1708,193.80246329307556,173733.11660888462
1709,193.8591718673706,173704.79245763476
1710,193.9768717288971,173692.79391310856
1711,194.13060235977173,173676.48058509448
1712,194.28956651687622,173669.94599302585
1713,194.3477373123169,173660.2522393442
1714,194.42930436134338,173647.16781540876
1715,194.54079580307007,173627.44129440736
1716,194.7084562778473,173619.7283620951
1717,194.81454157829285,173608.84295085457
1718,194.94711875915527,173590.15808941584
1719,195.2391016483307,173579.5733848795
1720,195.38189125061035,173555.06061809286
1721,195.56572246551514,173540.99461014813
1722,195.72777795791626,173525.92598725503
1723,195.86330819129944,173514.18478843707
1724,196.00305128097534,173504.76380044548
1725,196.0717430114746,173484.02502947886
1726,196.14200568199158,173476.82883544615
1727,196.20721054077148,173467.24781743443
1728,196.3279263973236,173455.25695215908
1729,196.49788880348206,173435.5289442244
1730,196.63504815101624,173429.33407874854
1731,196.73570108413696,173405.799157926
1732,196.85904169082642,173382.7861726033
1733,197.00215601921082,173381.55399226968
1734,197.11831951141357,173370.83183584735
1735,197.2554349899292,173356.61650572994
1736,197.4101231098175,173337.2723287432
1737,197.61318731307983,173330.3784370332
1738,197.74635934829712,173319.54855124906
1739,197.90881943702698,173303.291905433
1740,198.06859517097473,173289.61905848864
1741,198.12902212142944,173288.89510267164
1742,198.18208646774292,173277.9951282311
1743,198.2388470172882,173262.6827462573
1744,198.30014443397522,173244.31322364204
1745,198.52575850486755,173238.93312336502
1746,198.6589744091034,173227.27900268268
1747,198.82712841033936,173208.76800621965
1748,199.01977252960205,173197.1264331718
1749,199.15522503852844,173175.27095969624
1750,199.30388736724854,173163.0276033204
1751,199.45883321762085,173143.83857693727
1752,199.66821432113647,173135.3137431217
1753,199.80158686637878,173124.9296386878
1754,199.9666976928711,173107.13108295726
1755,200.18284797668457,173102.11010834947
1756,200.31046867370605,173076.60126715264
1757,200.4378035068512,173058.8172843542
1758,200.52852296829224,173048.8735662518
1759,200.67307877540588,173034.70528609332
1760,200.8314802646637,173022.9356671502
1761,200.99179553985596,173007.81498844465
1762,201.1568808555603,172999.33728034003
1763,201.27757143974304,172990.02214355167
1764,201.4165530204773,172977.87839369033
1765,201.58093214035034,172958.40691305173
1766,201.74361538887024,172949.7705905462
1767,201.81678009033203,172939.42572899524
1768,201.90479183197021,172921.93774669652
1769,202.12828135490417,172914.53348070607
1770,202.21501421928406,172903.27317594056
1771,202.39335536956787,172885.9385367017
1772,202.48154735565186,172873.75517085753
1773,202.53519129753113,172851.42189104075
1774,202.594824552536,172838.79106206333
1775,202.65983772277832,172819.19458973562
1776,202.72186994552612,172817.0690472807
1777,202.8670139312744,172792.1105584472
1778,202.9921007156372,172768.10711707766
1779,203.14697790145874,172758.55812538313
1780,203.2862629890442,172749.44641777436
1781,203.39523434638977,172740.40264546755
1782,203.52821350097656,172727.74318620216
1783,203.6871953010559,172707.9923904168
1784,203.88074231147766,172690.10505485744
1785,204.06204462051392,172676.72607049684
1786,204.17694330215454,172652.57752486513
1787,204.3315873146057,172629.44016348684
1788,204.50528359413147,172621.58495555192
1789,204.66574692726135,172603.61268109124
1790,204.8645396232605,172594.9169210843
1791,205.0637481212616,172581.8064222544
1792,205.23874425888062,172567.82032606564
1793,205.3975648880005,172554.57197285112
1794,205.53946447372437,172549.96671818898
1795,205.66131925582886,172539.82061327397
1796,205.78917288780212,172526.5295542686
1797,205.9397599697113,172507.27022655273
1798,206.16981673240662,172500.51686421913
1799,206.31818795204163,172489.9047126892
1800,206.47840809822083,172473.002315227
1801,206.67826461791992,172467.63868827396
1802,206.80708169937134,172443.12009640448
1803,206.95984768867493,172430.91683507746
1804,207.1115608215332,172413.92443060497
1805,207.29197883605957,172413.51740339657
1806,207.411062002182,172403.35790953634
1807,207.55253148078918,172388.23920055607
1808,207.69967103004456,172370.5376384142
1809,207.79182720184326,172364.2479120773
1810,207.92685627937317,172352.9764259719
1811,208.2244255542755,172333.7391835911
1812,208.29722666740417,172321.98468456883
1813,208.35544896125793,172300.86096444292
1814,208.5038948059082,172288.61597088195
1815,208.6059546470642,172269.0768467023
1816,208.66742658615112,172260.02669056787
1817,208.73004913330078,172239.9788721763
1818,208.79437041282654,172225.2536751005
1819,208.9186339378357,172205.69791211013
1820,209.02023005485535,172189.2348823258
1821,209.09412336349487,172181.94702106423
1822,209.15778374671936,172157.25703125243
1823,209.2186930179596,172128.2322307929
1824,209.30552172660828,172120.37886980711
1825,209.3741476535797,172099.83776426056
1826,209.43302059173584,172093.80831021868
1827,209.49241995811462,172088.40846077775
1828,209.55223059654236,172078.016915882
1829,209.69766330718994,172057.8171457341
1830,209.75971126556396,172033.80967226138
1831,209.87925124168396,172018.3187021632
1832,210.012615442276,172006.6322880296
1833,210.1853892803192,171990.2323555859
1834,210.35021090507507,171977.80427685613
1835,210.5355522632599,171970.5984613233
1836,210.59737133979797,171964.52548034192
1837,210.70046854019165,171954.2642525114
1838,210.76237058639526,171937.62318965857
1839,210.832337141037,171909.06857965537
1840,210.89925146102905,171894.05534527526
1841,211.0050015449524,171883.90536938194
1842,211.06015396118164,171870.86662514287
1843,211.12695169448853,171853.2153686943
1844,211.19060754776,171847.52485388046
1845,211.24300837516785,171842.16145528993
1846,211.30510449409485,171831.8097578301
1847,211.41085743904114,171811.59154736678
1848,211.50404000282288,171796.00973693703
1849,211.57366108894348,171779.193237433
1850,211.69627833366394,171764.13742448072
1851,211.85274648666382,171747.54544451542
1852,211.91258811950684,171746.1363833616
1853,212.00281143188477,171736.62741896554
1854,212.09455585479736,171722.831372062
1855,212.22885084152222,171704.50701034814
1856,212.42867231369019,171699.88830299326
1857,212.56397128105164,171688.72502295385
1858,212.70618081092834,171679.63586477644
1859,212.789781332016,171666.31875611327
1860,212.86632752418518,171658.9886620862
1861,212.91916346549988,171653.80532378933
1862,212.99878239631653,171643.70219572086
1863,213.0640685558319,171627.1273563314
1864,213.13509511947632,171614.895033013
1865,213.20769238471985,171596.92806429474
1866,213.2770459651947,171585.04650370055
1867,213.34593081474304,171568.79980540523
1868,213.50875639915466,171561.11130233042
1869,213.57743668556213,171547.28776149848
1870,213.6504487991333,171530.3319073834
1871,213.72089266777039,171522.2542079097
1872,213.78713631629944,171507.59086391292
1873,213.87167692184448,171499.2405156813
1874,213.94145941734314,171490.56564907363
1875,214.01162195205688,171478.4728629792
1876,214.0843141078949,171459.27721919667
1877,214.15691947937012,171451.4146427979
1878,214.26218581199646,171441.7207537901
1879,214.3458833694458,171428.68721896774
1880,214.4965500831604,171418.4791413728
1881,214.58240795135498,171405.2918287199
1882,214.71820664405823,171395.4068313856
1883,214.86962985992432,171380.45242166263
1884,214.947651386261,171373.90165398343
1885,215.05771803855896,171364.51965768114
1886,215.1241774559021,171352.20690429767
1887,215.18696546554565,171333.3186537638
1888,215.38449692726135,171325.67812304676
1889,215.44440937042236,171315.71867651143
1890,215.50780606269836,171300.95126891776
1891,215.62111520767212,171295.90201472383
1892,215.68086504936218,171286.89795344407
1893,215.75704050064087,171273.8410822346
1894,215.82101035118103,171256.27719488658
1895,215.88666248321533,171250.9875049308
1896,215.9734284877777,171239.569419848
1897,216.1231346130371,171224.64418708632
1898,216.3781135082245,171221.49061098328
1899,216.47845220565796,171212.2019426154
1900,216.62478351593018,171199.02868475794
1901,216.79408621788025,171181.59539886672
1902,217.05655145645142,171177.40240221546
1903,217.1927342414856,171165.96818024493
1904,217.35965585708618,171151.8868791783
1905,217.52567076683044,171144.93997633096
1906,217.65061354637146,171136.2041694482
1907,217.81228375434875,171124.39217225663
1908,217.97430801391602,171110.28784810106
1909,218.15050601959229,171103.94178261992
1910,218.2163393497467,171098.3386955016
1911,218.28978633880615,171088.3807721691
1912,218.35827898979187,171077.6778210586
1913,218.4206371307373,171055.0446240428
1914,218.497896194458,171048.82729640088
1915,218.55989289283752,171039.56105337612
1916,218.71379470825195,171030.17458813402
1917,218.87611889839172,171019.64762430335
1918,219.0631606578827,171011.75929490363
1919,219.19741868972778,171006.1668742585
1920,219.33869290351868,170996.32680507877
1921,219.48104739189148,170985.26999349636
1922,219.6457576751709,170970.32435071023
1923,219.7635998725891,170969.9395411248
1924,219.88199973106384,170959.59964147722
1925,219.96813440322876,170944.59397227943
1926,220.09645104408264,170928.52857397433
1927,220.39565992355347,170922.79448490002
1928,220.5383176803589,170917.73859163703
1929,220.6630198955536,170907.72957421272
1930,220.81069374084473,170888.79787533486
1931,221.0357015132904,170881.71573292938
1932,221.19747972488403,170858.8328402121
1933,221.3421974182129,170837.06852591498
1934,221.53724837303162,170831.42720704395
1935,221.67132449150085,170826.35718611878
1936,221.8019630908966,170816.34042263788
1937,221.9278371334076,170797.4287710528
1938,222.1712350845337,170793.47372502898
1939,222.29475569725037,170769.92536811656
1940,222.3472888469696,170746.06152715007
1941,222.40797877311707,170740.59555247572
1942,222.46575355529785,170735.5173907728
1943,222.52169847488403,170725.50808012878
1944,222.57416081428528,170706.73067402653
1945,222.6429636478424,170702.10759620546
1946,222.6985354423523,170691.19028042833
1947,222.75420093536377,170685.03301411364
1948,222.81131100654602,170676.56979117382
1949,222.87175607681274,170669.6999720886
1950,222.9283845424652,170660.2590642789
1951,222.98447823524475,170655.62826610412
1952,223.11310744285583,170645.2434489302
1953,223.2303547859192,170638.27949162165
1954,223.2934856414795,170629.6247725008
1955,223.35944890975952,170625.09460640096
1956,223.45867681503296,170615.51861312802
1957,223.57610607147217,170607.57938118983
1958,223.63617253303528,170599.37852187527
1959,223.69779920578003,170595.34406401843
1960,223.75441980361938,170585.4910848382
1961,223.82726168632507,170576.91804429647
1962,223.89820051193237,170568.75922742122
1963,223.96358966827393,170565.18462258473
1964,224.02351427078247,170554.05191701552
1965,224.08232951164246,170546.1911433352
1966,224.13801264762878,170538.3090648336
1967,224.202388048172,170535.58258247367
1968,224.2602574825287,170531.4289217472
1969,224.32614302635193,170525.18671916486
1970,224.39799571037292,170515.59024868408
1971,224.4721384048462,170511.5026759025
1972,224.5328118801117,170501.83460708894
1973,224.61937189102173,170489.72252107025
1974,224.68111300468445,170483.82094310137
1975,224.74013423919678,170474.92058074565
1976,224.88338780403137,170462.43728170748
1977,224.95531678199768,170448.73200540882
1978,225.0196168422699,170432.72755190035
1979,225.11442351341248,170426.3615028925
1980,225.1723337173462,170421.27650796442
1981,225.23221373558044,170411.3329471211
1982,225.2921268939972,170396.78935711828
1983,225.35721158981323,170394.52636389152
1984,225.41322469711304,170384.01191668943
1985,225.4725832939148,170369.71412161135
1986,225.53143501281738,170353.3240900802
1987,225.60269212722778,170347.85560298868
1988,225.6591658592224,170338.5352222147
1989,225.71736431121826,170331.55253860122
1990,225.8444218635559,170322.44915047867
1991,225.96466541290283,170317.40088933808
1992,226.02250814437866,170307.71179968008
1993,226.08265709877014,170302.15409524273
1994,226.1578962802887,170292.81340985134
1995,226.2225341796875,170287.70695605795
1996,226.35571217536926,170279.23606033518
1997,226.49729704856873,170271.68692480802
1998,226.59963941574097,170263.40847932192
1999,226.6750934123993,170259.5119652551
2000,226.73396754264832,170248.8041910916
2001,226.79277443885803,170241.53784174955
2002,226.873202085495,170234.3660137767
2003,226.97528171539307,170229.42480760388
2004,227.02974891662598,170219.93647956394
2005,227.08332061767578,170212.95319688445
2006,227.13935446739197,170204.51722799116
2007,227.19606804847717,170200.194935169
2008,227.25565576553345,170191.21806135157
2009,227.31822180747986,170183.1149233568
2010,227.3772451877594,170175.7045526112
2011,227.43371415138245,170171.73323626613
2012,227.48677778244019,170160.8781565097
2013,227.54605960845947,170154.1487129904
2014,227.60134959220886,170146.08965424972
2015,227.6596302986145,170142.22113311218
2016,227.71700882911682,170131.49089522517
2017,227.77260303497314,170124.4838163824
2018,227.85020112991333,170116.99363005869
2019,227.90370345115662,170112.48116323006
2020,227.9766547679901,170102.95824104463
2021,228.05617094039917,170095.62471959245
2022,228.1609833240509,170087.48247541636
2023,228.40814208984375,170083.55866855689
2024,228.47143459320068,170073.1411357661
2025,228.53582739830017,170065.95814668262
2026,228.6420702934265,170060.4681237515
2027,228.7782928943634,170054.07096574004
2028,228.91309714317322,170044.02626030598
2029,229.0548439025879,170040.13177058473
2030,229.1926188468933,170029.5862536314
2031,229.3453996181488,170023.85403642457
2032,229.40807557106018,170016.61721353183
2033,229.4687831401825,170010.07338388843
2034,229.52716851234436,170000.94535740625
2035,229.58228063583374,169997.33039141135
2036,229.6371510028839,169986.9500569077
2037,229.68960309028625,169980.36671047355
2038,229.74369978904724,169973.8983888289
2039,229.79934000968933,169967.96194090447
2040,229.85590291023254,169958.01131462495
2041,229.91237235069275,169954.07777108517
2042,229.9641945362091,169943.74803635388
2043,230.022314786911,169938.0987850879
2044,230.0747528076172,169930.88641241463
2045,230.13328313827515,169924.23080368617
2046,230.18584370613098,169915.1843515938
2047,230.24600648880005,169911.86783472882
2048,230.30400586128235,169901.2285672632
2049,230.36249995231628,169894.44400702626
2050,230.41888236999512,169888.3631036322
2051,230.4764268398285,169882.3770432904
2052,230.5330262184143,169872.36585957542
2053,230.58424639701843,169868.60084300465
2054,230.64069318771362,169858.1251184222
2055,230.6947889328003,169852.4720340186
2056,230.7447943687439,169845.38790978407
2057,230.80327534675598,169838.82729762528
2058,230.92282581329346,169829.71389540064
2059,230.99142599105835,169826.38120968486
2060,231.0531358718872,169815.82903465896
2061,231.11894941329956,169809.21037886816
2062,231.18037295341492,169803.07020042435
2063,231.30088472366333,169797.13703088078
2064,231.36064267158508,169787.1345790286
2065,231.41740798950195,169783.4104658844
2066,231.4766445159912,169772.98128394946
2067,231.55576014518738,169767.43451100425
2068,231.61802172660828,169760.32057802228
2069,231.6797001361847,169753.65970868923
2070,231.82451701164246,169744.69599331552
2071,231.90065956115723,169741.55509794588
2072,231.96145033836365,169737.51990494825
2073,232.01961040496826,169731.5978084794
2074,232.14085578918457,169722.13633571978
2075,232.2008867263794,169715.4181956571
2076,232.26247382164001,169696.65440091726
2077,232.3328502178192,169689.04082806385
2078,232.4595649242401,169684.21597798783
2079,232.54320406913757,169674.90946090964
2080,232.6353349685669,169664.73768331175
2081,232.69511795043945,169654.8121099395
2082,232.88881874084473,169642.13047494413
2083,233.08588695526123,169628.46006219558
2084,233.25724816322327,169620.8113133346
2085,233.36356616020203,169611.58263996599
2086,233.48080205917358,169599.15254666135
2087,233.550546169281,169584.045235712
2088,233.6437599658966,169575.42686763316
2089,233.7055583000183,169569.0527482061
2090,233.77767395973206,169559.11705914707
2091,233.84093594551086,169546.23278397412
2092,233.91742706298828,169529.70638986208
2093,234.03084063529968,169522.59313335558
2094,234.10274505615234,169514.24724981477
2095,234.16024661064148,169507.27219802313
2096,234.21716737747192,169501.33923310754
2097,234.27833604812622,169492.15862470918
2098,234.34170818328857,169485.7065536418
2099,234.40331315994263,169478.1770287215
2100,234.5153033733368,169471.75351054812
2101,234.6361861228943,169463.38303441575
2102,234.7021987438202,169458.64517932385
2103,234.832040309906,169450.04711463995
2104,234.94067001342773,169442.84317779087
2105,235.00195288658142,169437.42875140815
2106,235.06966090202332,169429.70548430295
2107,235.12989163398743,169421.59329128714
2108,235.19183206558228,169417.47472161037
2109,235.24518036842346,169408.23308100374
2110,235.30181336402893,169400.89142740399
2111,235.3618323802948,169396.38605369077
2112,235.43528866767883,169388.18384068413
2113,235.49384570121765,169379.8596362517
2114,235.6193504333496,169376.38486743742
2115,235.7553515434265,169367.01689512702
2116,235.9043207168579,169359.12617580473
2117,236.05752110481262,169355.17073710434
2118,236.14681935310364,169346.8847477448
2119,236.20650577545166,169338.33125468952
2120,236.26046776771545,169335.0669366421
2121,236.31348276138306,169325.41753380414
2122,236.3685462474823,169317.49719982807
2123,236.43104672431946,169313.67970972287
2124,236.49137592315674,169305.38134317097
2125,236.6381287574768,169296.82155638208
2126,236.81568336486816,169293.6845826946
2127,236.9355432987213,169289.89020224943
2128,237.06396055221558,169284.06577780217
2129,237.2070906162262,169274.736775844
2130,237.36799216270447,169268.34247686478
2131,237.52894806861877,169249.71311398345
2132,237.72850799560547,169242.27353801805
2133,237.86152839660645,169237.52430445972
2134,238.00279712677002,169228.49486034375
2135,238.17059540748596,169221.61385963802
2136,238.33246231079102,169209.96816294268
2137,238.4606909751892,169197.2205952847
2138,238.5893850326538,169190.16397516237
2139,238.71584820747375,169181.40982417457
2140,238.85456204414368,169168.72364728103
2141,239.03257966041565,169157.6918536227
2142,239.19339227676392,169149.46468022442
2143,239.35436964035034,169145.3482909106
2144,239.47979307174683,169134.99142008496
2145,239.61718821525574,169120.75758337058
2146,239.7043068408966,169104.13703831483
2147,239.87560725212097,169099.69389668357
2148,239.94869804382324,169088.09086534858
2149,240.0357186794281,169079.00681263342
2150,240.2136745452881,169068.8679296054
2151,240.3451793193817,169067.19708260172
2152,240.45190334320068,169056.20121872638
2153,240.53871273994446,169041.3802036082
2154,240.7183632850647,169026.31353193842
2155,240.90842413902283,169020.7812985363
2156,241.02915906906128,169015.8788065811
2157,241.1785650253296,169006.66154728353
2158,241.32792043685913,168997.42660337844
2159,241.48291897773743,168992.2398414918
2160,241.6367847919464,168982.01790350128
2161,241.77931952476501,168968.43356705306
2162,241.94226002693176,168953.90808006478
2163,242.01852822303772,168941.58236700698
2164,242.17350959777832,168934.60929057092
2165,242.2404763698578,168928.5542901097
2166,242.30491471290588,168919.35450295408
2167,242.38040900230408,168912.69429120072
2168,242.60027599334717,168900.16256991331
2169,242.77470302581787,168890.59038355865
2170,242.93666434288025,168879.7917823073
2171,243.09160494804382,168864.20152146393
2172,243.29649424552917,168863.1817037981
2173,243.4612410068512,168853.28005790903
2174,243.60307097434998,168838.97607512373
2175,243.77785205841064,168824.99969182856
2176,243.95710945129395,168817.91760892142
2177,244.17654967308044,168800.56770786838
2178,244.39006233215332,168793.4410892265
2179,244.53258538246155,168787.96954449062
2180,244.7136721611023,168778.7512175975
2181,244.90520644187927,168767.00664263323
2182,245.11113095283508,168764.52642292876
2183,245.2509458065033,168754.0650464005
2184,245.41628050804138,168739.79885748605
2185,245.65272784233093,168723.23997963697
2186,245.9393117427826,168713.49424386502
2187,246.0783360004425,168695.1594757484
2188,246.21019315719604,168681.62911727992
2189,246.37650775909424,168673.9566570668
2190,246.55326437950134,168661.296499995
2191,246.70204854011536,168661.11206397263
2192,246.8111662864685,168650.03937565396
2193,246.93778896331787,168634.95642258567
2194,247.10698676109314,168624.30720573166
2195,247.26370763778687,168622.264570924
2196,247.38097095489502,168612.18338625456
2197,247.51359009742737,168598.2053979389
2198,247.70648574829102,168587.8163259255
2199,247.8857307434082,168581.34106391194
2200,248.0024290084839,168573.00560275413
2201,248.15157318115234,168565.85274123575
2202,248.31057739257812,168556.1725386632
2203,248.5186893939972,168553.54651881795
2204,248.64934587478638,168548.076839997
2205,248.79447650909424,168539.16427013784
2206,248.9627492427826,168534.89718586663
2207,249.07715129852295,168526.3042501338
2208,249.2095890045166,168513.42310990242
2209,249.3781270980835,168499.72156819457
2210,249.57691097259521,168490.9612565009
2211,249.74205827713013,168487.06538179188
2212,249.86476612091064,168477.07702002284
2213,250.0024290084839,168463.13320423843
2214,250.09808611869812,168451.78480429918
2215,250.1655077934265,168446.7576748906
2216,250.22506141662598,168437.609269839
2217,250.29320240020752,168425.78644485952
2218,250.46004104614258,168421.77305840183
2219,250.57945084571838,168412.18197957758
2220,250.71433234214783,168401.68504561967
2221,250.87881207466125,168393.05514325408
2222,251.04373621940613,168386.71963653908
2223,251.1662518978119,168377.2791446094
2224,251.30635023117065,168364.68842296884
2225,251.46864533424377,168351.75423698538
2226,251.65276980400085,168343.97816216797
2227,251.82924556732178,168341.90083936843
2228,251.96015405654907,168331.1168082263
2229,252.09116220474243,168317.01631398854
2230,252.27770042419434,168302.94299523666
2231,252.46911549568176,168298.07959555794
2232,252.61389231681824,168292.37144596214
2233,252.75519967079163,168283.0681535796
2234,252.95132875442505,168276.99238380932
2235,253.2363691329956,168256.8397059576
2236,253.42570185661316,168255.5186100229
2237,253.55997490882874,168246.81478115986
2238,253.7199399471283,168232.5887405182
2239,253.94031882286072,168223.61657707783
2240,254.12349390983582,168218.1114377137
2241,254.31121945381165,168208.75391917588
2242,254.52947568893433,168195.8749119247
2243,254.70791006088257,168188.79754627042
2244,254.8605272769928,168177.22310404005
2245,255.0137460231781,168171.31109507562
2246,255.13254308700562,168161.73446404966
2247,255.26855373382568,168149.19007188547
2248,255.44776964187622,168141.60150782246
2249,255.6523199081421,168131.05303761814
2250,255.86360025405884,168124.44501826598
2251,255.96304392814636,168118.64743221333
2252,256.0910143852234,168110.1347922419
2253,256.2298848628998,168108.0640765779
2254,256.36612010002136,168102.48375439137
2255,256.5149426460266,168093.7722556277
2256,256.72524547576904,168087.95096655548
2257,256.89633655548096,168073.19639401473
2258,257.07055616378784,168058.95010727755
2259,257.2776482105255,168052.66089763973
2260,257.43182921409607,168046.2729635188
2261,257.59737825393677,168037.40959399007
2262,257.8194091320038,168033.78529250654
2263,257.9641444683075,168025.51289727745
2264,258.108980178833,168012.02680935775
2265,258.30066204071045,168001.28294206716
2266,258.50012493133545,167995.83085314324
2267,258.63259506225586,167987.00765093626
2268,258.7864420413971,167973.7320991339
2269,258.9881854057312,167962.1312035333
2270,259.18102073669434,167958.00527519186
2271,259.3006217479706,167948.65615746568
2272,259.42907643318176,167936.42422556624
2273,259.5846405029297,167929.68946656105
2274,259.79103803634644,167924.4221373422
2275,259.91544818878174,167914.7094138899
2276,260.0530970096588,167901.38695647535
2277,260.2145483493805,167890.75415858152
2278,260.38307332992554,167886.10711718886
2279,260.49958539009094,167877.47661905646
2280,260.6170904636383,167870.3980278616
2281,260.7495024204254,167859.64775499518
2282,260.9160568714142,167855.28652528842
2283,261.0339238643646,167847.50851300207
2284,261.1682798862457,167835.15348356494
2285,261.3254656791687,167829.009358329
2286,261.49294900894165,167814.18991079263
2287,261.65868735313416,167813.5647274707
2288,261.7909688949585,167803.36988169912
2289,261.9277992248535,167788.8422004038
2290,262.09940361976624,167779.58015564558
2291,262.31956362724304,167771.12314380184
2292,262.49257826805115,167760.21323608042
2293,262.6865277290344,167751.0698302253
2294,262.83261585235596,167748.63911445765
2295,262.9264919757843,167737.5747722955
2296,263.05180621147156,167723.49142846616
2297,263.19309163093567,167708.64933409094
2298,263.3602497577667,167704.14234267018
2299,263.488561630249,167699.02004263783
2300,263.6327817440033,167691.34010336114
2301,263.6953799724579,167688.5760882996
2302,263.78628945350647,167680.32610134408
2303,263.8436233997345,167673.41444755258
2304,263.8984229564667,167661.73135773136
2305,263.952499628067,167650.39343257633
2306,264.01599764823914,167642.05280438258
2307,264.19601035118103,167629.18207526958
2308,264.36938095092773,167618.5340969228
2309,264.536084651947,167614.6711252624
2310,264.59741592407227,167604.39020895422
2311,264.6533670425415,167590.36271725624
2312,264.7980852127075,167574.56301254
2313,264.86896276474,167565.41260812816
2314,265.0003025531769,167548.233583573
2315,265.07241225242615,167534.9091633692
2316,265.1302456855774,167530.30892482877
2317,265.18924140930176,167521.72922654034
2318,265.2763738632202,167509.85605594472
2319,265.3353097438812,167505.6076045838
2320,265.4699475765228,167498.31348757973
2321,265.6027421951294,167493.27720351043
2322,265.7483901977539,167484.67940695694
2323,265.89706587791443,167480.12500203837
2324,266.0332865715027,167469.98655457297
2325,266.17717814445496,167467.94748412777
2326,266.2788767814636,167464.04223930422
2327,266.35581851005554,167458.15321419432
2328,266.49606466293335,167449.89786487137
2329,266.5735366344452,167446.82459130604
2330,266.6311504840851,167442.27990645237
2331,266.70099902153015,167434.70566802635
2332,266.8849973678589,167426.9883316206
2333,267.04557275772095,167421.31490042678
2334,267.2580237388611,167411.57948459062
2335,267.45922589302063,167398.1102936107
2336,267.65787410736084,167390.2588359586
2337,267.8240656852722,167377.7862759678
2338,267.9796190261841,167374.2874466427
2339,268.09400153160095,167364.67332717875
2340,268.23218607902527,167351.55375781612
2341,268.3879568576813,167345.64845571198
2342,268.5469250679016,167334.51587308515
2343,268.7655758857727,167328.10717260823
2344,268.9250912666321,167319.0304561147
2345,269.055212020874,167306.26165748405
2346,269.20878982543945,167301.364064102
2347,269.3393692970276,167291.77410736494
2348,269.40988779067993,167287.46557514672
2349,269.58337211608887,167280.4624819659
2350,269.7461807727814,167274.02957869403
2351,269.9038200378418,167266.50060035687
2352,270.06836795806885,167261.5461493573
2353,270.2132649421692,167254.7482417757
2354,270.37852668762207,167247.8439185193
2355,270.5229766368866,167240.31360357604
2356,270.6676969528198,167238.721291239
2357,270.79084968566895,167234.62570051273
2358,270.91160893440247,167228.35990994313
2359,271.0420272350311,167219.68915626433
2360,271.23335099220276,167211.96343761354
2361,271.3775625228882,167198.88809880026
2362,271.5564126968384,167191.80870528182
2363,271.6843156814575,167186.02275147694
2364,271.81535243988037,167176.08543100525
2365,271.9836826324463,167163.91241293916
2366,272.1594936847687,167158.8769468864
2367,272.29611897468567,167149.7090948958
2368,272.38704800605774,167137.38956494865
2369,272.47709822654724,167130.28496222125
2370,272.6452114582062,167128.42971091272
2371,272.7677173614502,167117.9265104655
2372,272.89857149124146,167103.732448823
2373,273.0603382587433,167091.59937284383
2374,273.25513219833374,167090.28385711048
2375,273.3739585876465,167079.92586055555
2376,273.50162839889526,167067.24081406853
2377,273.66071343421936,167058.74369047128
2378,273.83343148231506,167057.98761938637
2379,273.9665071964264,167047.77634799125
2380,274.1045603752136,167033.44578570896
2381,274.2501242160797,167022.12736771023
2382,274.41714692115784,167018.5871867483
2383,274.54279494285583,167008.49297138056
2384,274.6836380958557,166996.37578936206
2385,274.8665475845337,166990.2840703315
2386,274.94313621520996,166984.71289905123
2387,275.0046372413635,166975.27479182524
2388,275.06794834136963,166962.43777388244
2389,275.1807327270508,166952.35940294992
2390,275.270738363266,166948.13097978185
2391,275.3276629447937,166938.18057919148
2392,275.4071297645569,166926.6609351635
2393,275.49643182754517,166919.99015372427
2394,275.6174340248108,166917.79653696282
2395,275.716593503952,166907.57034139225
2396,275.7796549797058,166894.00359043173
2397,275.84122014045715,166882.53633689118
2398,275.9296441078186,166881.8806868669
2399,275.9844431877136,166871.37957073253
2400,276.0424919128418,166858.19595629943
2401,276.1033766269684,166849.04049005304
2402,276.16407775878906,166848.25988214643
2403,276.22029304504395,166838.23913991093
2404,276.29262471199036,166823.81078657444
2405,276.60361647605896,166812.84726574062
2406,276.81522822380066,166810.05725222506
2407,276.94902420043945,166800.04814326036
2408,277.0841462612152,166786.84653724357
2409,277.2585997581482,166778.1814118303
2410,277.4459478855133,166771.84547060245
2411,277.56720304489136,166763.10282537676
2412,277.7058615684509,166750.73360180712
2413,277.8840916156769,166740.60999393533
2414,278.08685088157654,166734.92642347445
2415,278.2237820625305,166728.70261739596
2416,278.38031244277954,166720.16522482157
2417,278.5849492549896,166719.7063197337
2418,278.71663904190063,166710.82933110284
2419,278.8542492389679,166697.02551904588
2420,279.0204861164093,166686.37766941788
2421,279.148206949234,166681.1198498527
2422,279.26514315605164,166671.97899354293
2423,279.39243364334106,166659.12524848705
2424,279.5666708946228,166646.88618246876
2425,279.77671933174133,166641.51910143625
2426,279.9130585193634,166635.9948599546
2427,280.06611680984497,166628.28251088588
2428,280.2639367580414,166625.8025773194
2429,280.38492035865784,166616.2451246912
2430,280.5237457752228,166604.0909355943
2431,280.6993741989136,166597.27889895948
2432,280.87284541130066,166591.4193179956
2433,280.99791288375854,166582.43856062152
2434,281.1317210197449,166569.94256933674
2435,281.2705976963043,166560.3601317553
2436,281.5668873786926,166553.39733231688
2437,281.68432211875916,166544.64380456935
2438,281.7871971130371,166533.09704845032
2439,282.02436566352844,166526.3765084505
2440,282.14117670059204,166520.84690022757
2441,282.1987056732178,166511.6119793764
2442,282.2625980377197,166498.78827076976
2443,282.4274163246155,166487.90502255113
2444,282.57800936698914,166483.19296414842
2445,282.63715147972107,166473.92453879307
2446,282.7567994594574,166461.97602470662
2447,282.86775946617126,166454.87023960488
2448,282.93970704078674,166452.4077712518
2449,283.0389745235443,166442.16160822666
2450,283.1019937992096,166428.54352077952
2451,283.17044734954834,166416.34691866353
2452,283.2394003868103,166414.47101652808
2453,283.2967007160187,166404.6242495524
2454,283.3544433116913,166392.07459017172
2455,283.50695061683655,166388.03869070136
2456,283.5650999546051,166379.49183445447
2457,283.6201410293579,166372.38280309553
2458,283.6750934123993,166364.76465924826
2459,283.7447247505188,166362.7366886348
2460,283.8650255203247,166360.39331012932
2461,283.9841294288635,166355.96771862256
2462,284.12977719306946,166350.11577212252
2463,284.26516342163086,166339.72677555043
2464,284.4335570335388,166333.9826213251
2465,284.5882658958435,166315.66316988255
2466,284.771146774292,166315.27266281465
2467,284.89117527008057,166305.03710325333
2468,285.0252094268799,166291.74053368333
2469,285.16164445877075,166282.86877224263
2470,285.228458404541,166276.1248580441
2471,285.3221740722656,166266.649717617
2472,285.379275560379,166255.68971959653
2473,285.44066166877747,166247.4279904464
2474,285.5405464172363,166246.59296291677
2475,285.6593961715698,166236.8861580807
2476,285.8110649585724,166223.22141289554
2477,285.9126989841461,166211.3351202921
2478,286.05811858177185,166203.19774448333
2479,286.1251230239868,166195.71662966858
2480,286.18274188041687,166189.31562519106
2481,286.32423543930054,166180.43311530552
2482,286.48617362976074,166178.09612327968
2483,286.5814151763916,166169.84070227502
2484,286.64964151382446,166157.45039746555
2485,286.7294878959656,166153.02644946077
2486,286.8053252696991,166144.88612777088
2487,286.9178488254547,166133.59482728475
2488,286.96769738197327,166132.37050802537
2489,287.0211305618286,166128.4562701799
2490,287.07289958000183,166122.38478788853
2491,287.12159037590027,166114.1798679726
2492,287.1761894226074,166112.1538196545
2493,287.225617647171,166106.84509022566
2494,287.27816700935364,166099.0656695388
2495,287.3334119319916,166097.34682066928
2496,287.38916540145874,166092.04182436483
2497,287.4405117034912,166085.40276614693
2498,287.4967439174652,166082.9778477015
2499,287.5497405529022,166079.28849653012
2500,287.6122829914093,166073.4456707309
2501,287.66361474990845,166065.92481972644
2502,287.72205352783203,166063.8435868031
2503,287.7916262149811,166061.45801324028
2504,287.9229836463928,166057.09417515705
2505,288.0546576976776,166052.40052429895
2506,288.1175684928894,166041.97314964182
2507,288.1850175857544,166041.44893297294
2508,288.24009704589844,166033.00993795335
2509,288.29136204719543,166026.42721553153
2510,288.3443830013275,166016.4376136881
2511,288.52597403526306,166011.38575271502
2512,288.65746545791626,165995.84918796795
2513,288.7171812057495,165986.31659773286
2514,288.7827641963959,165980.44727201838
2515,288.8397374153137,165971.55060103102
2516,288.90144181251526,165959.0747353404
2517,288.9628610610962,165947.56459918266
2518,289.02306365966797,165938.83759989726
2519,289.08824372291565,165931.25618757948
2520,289.14048624038696,165925.27772288633
2521,289.1922273635864,165916.3230682983
2522,289.2507469654083,165913.9444046568
2523,289.3051152229309,165904.91060497882
2524,289.355361700058,165893.0487012406
2525,289.41079688072205,165889.49909045117
2526,289.4672348499298,165881.98674436187
2527,289.5237491130829,165874.4715162163
2528,289.5763714313507,165867.05732165748
2529,289.6291105747223,165865.01261230215
2530,289.67943716049194,165862.6897511734
2531,289.7327661514282,165858.32950701352
2532,289.7862968444824,165852.59708655323
2533,289.8414669036865,165842.50989605288
2534,289.9042580127716,165834.53129983434
2535,289.96650981903076,165818.22910877873
2536,290.02881836891174,165813.29535418082
2537,290.0789330005646,165804.51224567954
2538,290.1425664424896,165797.2339671324
2539,290.1964166164398,165790.107254314
2540,290.2500352859497,165787.96696052453
2541,290.3008408546448,165785.6497687253
2542,290.3533592224121,165781.278833139
2543,290.4731488227844,165775.22417840522
2544,290.68718338012695,165765.338140113
2545,290.91437125205994,165762.90900951944
2546,291.0816237926483,165757.90427481366
2547,291.2706308364868,165750.16098233178
2548,291.4252223968506,165747.3975124413
2549,291.5670368671417,165742.50004895765
2550,291.7168998718262,165736.10856253255
2551,291.86333417892456,165733.78681036507
2552,291.9856975078583,165730.07133445327
2553,292.12060594558716,165724.24417151927
2554,292.26780462265015,165715.6194283195
2555,292.4034733772278,165710.64082918325
2556,292.5462281703949,165691.5462240037
2557,292.6040620803833,165684.9027187167
2558,292.7342953681946,165677.60172398068
2559,292.8623483181,165670.14076335312
2560,293.01087188720703,165662.9283868986
2561,293.17352533340454,165660.64127554302
2562,293.2903983592987,165658.33924348577
2563,293.42305517196655,165653.9880861178
2564,293.57412099838257,165648.1315051537
2565,293.80288529396057,165639.26392023623
2566,294.0357897281647,165637.24710851544
2567,294.15919828414917,165632.2399941765
2568,294.2153060436249,165625.2443195701
2569,294.2711567878723,165620.85686052105
2570,294.3271882534027,165613.20711000278
2571,294.3847813606262,165607.19176322225
2572,294.48707818984985,165597.47024957644
2573,294.54827976226807,165582.7590153006
2574,294.6214349269867,165558.11039662434
2575,294.8451466560364,165545.81842978974
2576,295.00530767440796,165526.2281944267
2577,295.13957834243774,165513.06561243918
2578,295.20095682144165,165508.1189895715
2579,295.2559208869934,165499.8397588743
2580,295.35067319869995,165488.79497649602
2581,295.51471495628357,165486.94514839788
2582,295.6390881538391,165478.41003905053
2583,295.77722692489624,165466.61435561182
2584,295.9209475517273,165465.11434329467
2585,295.97451853752136,165460.9159282788
2586,296.03629660606384,165454.9830296246
2587,296.09161829948425,165446.51937033585
2588,296.2193694114685,165439.36309291652
2589,296.27662539482117,165423.66599310472
2590,296.3662545681,165416.32064355907
2591,296.43650579452515,165411.66668599198
2592,296.4924318790436,165403.39793537627
2593,296.5522072315216,165394.22166491378
2594,296.61539006233215,165384.413777315
2595,296.7390160560608,165374.57823025086
2596,296.839369058609,165366.9376425157
2597,296.94975662231445,165360.36220243914
2598,297.0739142894745,165352.4463108504
2599,297.2440004348755,165350.39172631776
2600,297.36652970314026,165345.4915886537
2601,297.4498372077942,165338.1278806212
2602,297.5199861526489,165332.48882693605
2603,297.651508808136,165322.29288180484
2604,297.77818751335144,165309.47444538586
2605,297.833384513855,165309.32809784202
2606,297.8860740661621,165299.18546554155
2607,297.95644330978394,165286.05520654857
2608,298.0205376148224,165276.5719715199
2609,298.08224177360535,165268.86279121455
2610,298.14365696907043,165262.2401284459
2611,298.21080803871155,165253.31744517284
2612,298.3678615093231,165241.31251453803
2613,298.54112553596497,165237.11726598293
2614,298.62590050697327,165228.3717509104
2615,298.756774187088,165217.5968988308
2616,298.8713526725769,165215.0129535183
2617,298.96025919914246,165207.11854137562
2618,299.09988617897034,165195.0060211351
2619,299.27331042289734,165193.31836365385
2620,299.41810274124146,165184.39323564156
2621,299.4885847568512,165172.06195565063
2622,299.6803367137909,165165.63359509848
2623,299.8547291755676,165158.36271411603
2624,299.918386220932,165149.44802950652
2625,299.9756324291229,165138.80233803595
2626,300.03648591041565,165133.03517574177
2627,300.10085272789,165131.8755856464
2628,300.15852642059326,165121.66780594538
2629,300.2169437408447,165108.68124924327
2630,300.278977394104,165097.04658281684
2631,300.4695553779602,165095.6197708209
2632,300.5949676036835,165085.94078793805
2633,300.6732978820801,165074.08626814204
2634,300.7981708049774,165066.69225984722
2635,300.97741770744324,165064.88052561568
2636,301.0977518558502,165054.7157150076
2637,301.2334449291229,165042.3014048339
2638,301.39510011672974,165030.83210426563
2639,301.61816120147705,165025.11994271082
2640,301.7342188358307,165020.1300218322
2641,301.8617477416992,165012.1575498495
2642,302.04253602027893,165008.40590428936
2643,302.1716077327728,164999.91436984896
2644,302.29648303985596,164988.96922407625
2645,302.4825677871704,164980.44348405534
2646,302.6496047973633,164973.83725172564
2647,302.7744219303131,164965.49203770547
2648,302.9008033275604,164953.97279034078
2649,303.068252325058,164949.34279619812
2650,303.1845245361328,164940.90286448924
2651,303.31908345222473,164930.91802535177
2652,303.45747470855713,164930.48168857134
2653,303.57693338394165,164926.54308635212
2654,303.69980359077454,164920.4820021299
2655,303.8358781337738,164912.35844807688
2656,303.94840121269226,164910.07310121396
2657,304.0644164085388,164905.2972350541
2658,304.1701798439026,164897.65942114967
2659,304.24941778182983,164896.45099763552
2660,304.4004557132721,164886.8847472832
2661,304.57616925239563,164875.74615419132
2662,304.81756138801575,164866.9395340523
2663,304.9987988471985,164863.5562020016
2664,305.12702655792236,164854.2344029919
2665,305.26427388191223,164842.4692770124
2666,305.43509101867676,164828.90384129793
2667,305.73409700393677,164818.87312479177
2668,305.8789596557617,164802.70014871084
2669,306.01329231262207,164791.04310021797
2670,306.1948368549347,164785.94395078393
2671,306.3054897785187,164777.80301987292
2672,306.43458247184753,164766.8131150974
2673,306.6235613822937,164766.25853232233
2674,306.75243616104126,164757.07916041894
2675,306.8975384235382,164745.60008133986
2676,307.052782535553,164741.2383544851
2677,307.1998643875122,164732.05863484627
2678,307.3252840042114,164728.84721786174
2679,307.4649634361267,164720.90074632515
2680,307.6225037574768,164713.70161009542
2681,307.78594613075256,164707.50565422908
2682,307.9345200061798,164704.32884747424
2683,308.04109930992126,164700.81686690846
2684,308.14733028411865,164695.69516857824
2685,308.20391368865967,164687.98225256096
2686,308.2650890350342,164683.59758595398
2687,308.3974509239197,164675.29974115264
2688,308.4526448249817,164668.6649432575
2689,308.5278630256653,164661.30385995237
2690,308.6537444591522,164659.44204852846
2691,308.7746138572693,164657.19266238454
2692,308.8701317310333,164652.92034682544
2693,308.95125913619995,164646.51356952154
2694,309.07577872276306,164637.13656487523
2695,309.2125151157379,164628.741042704
2696,309.27748441696167,164613.2158156612
2697,309.3439886569977,164607.15443089837
2698,309.40250158309937,164602.5299886176
2699,309.4627003669739,164594.67430316235
2700,309.52256417274475,164592.72305010693
2701,309.6096270084381,164583.95999965482
2702,309.6692433357239,164572.22165211264
2703,309.7363033294678,164565.86938045223
2704,309.8203091621399,164551.53457952154
2705,310.04295015335083,164545.4740207796
2706,310.12253165245056,164539.75365167417
2707,310.1792116165161,164531.29613737817
2708,310.24466347694397,164526.43695025472
2709,310.29583954811096,164519.0058121923
2710,310.43323707580566,164507.8338414808
2711,310.5411593914032,164504.47308145568
2712,310.64946961402893,164500.2611182923
2713,310.7663424015045,164493.76092187403
2714,310.86669540405273,164487.3012471919
2715,310.9510340690613,164485.9657683632
2716,311.1022765636444,164482.07872022886
2717,311.2672166824341,164476.0635897551
2718,311.4462502002716,164468.74164446333
2719,311.65559005737305,164466.61245836382
2720,311.7780170440674,164461.91901415456
2721,311.9252529144287,164455.30180824696
2722,312.0691559314728,164452.37585538384
2723,312.18144392967224,164448.79109990882
2724,312.3102476596832,164443.31832866513
2725,312.44396138191223,164435.90868240336
2726,312.64310812950134,164434.64961220842
2727,312.7589478492737,164433.02642501512
2728,312.87938022613525,164430.26432160236
2729,313.01417684555054,164425.92521938455
2730,313.1478567123413,164419.77747961483
2731,313.2898688316345,164412.2786721408
2732,313.41706681251526,164412.1167975528
2733,313.53428626060486,164407.94024842777
2734,313.65918588638306,164401.65845120407
2735,313.7860805988312,164393.68971479862
2736,313.962238073349,164392.05590491314
2737,314.09805369377136,164387.1151586817
2738,314.2423505783081,164380.46903485886
2739,314.38239789009094,164376.6870894508
2740,314.54396963119507,164371.27122053984
2741,314.6965844631195,164363.48737125518
2742,314.8423445224762,164362.1337837957
2743,314.97080731391907,164358.03092200984
2744,315.1126968860626,164352.13730395742
2745,315.26569509506226,164344.1125182953
2746,315.4537386894226,164342.50683538613
2747,315.5857334136963,164333.54567208
2748,315.73618936538696,164322.1526317469
2749,315.90342378616333,164314.28338164603
2750,316.0526657104492,164300.40845486528
2751,316.2349143028259,164297.64639286586
2752,316.36944222450256,164289.12430578566
2753,316.5012893676758,164282.54586393415
2754,316.6454451084137,164273.43033294534
2755,316.8322253227234,164270.2036435882
2756,316.958044052124,164260.94946124594
2757,317.1091766357422,164251.07289579065
2758,317.25499057769775,164249.92618807746
2759,317.3711476325989,164245.97175035017
2760,317.4989128112793,164239.99416762707
2761,317.65019392967224,164232.74894147925
2762,317.82887601852417,164232.42323993726
2763,317.9629259109497,164223.1738672867
2764,318.09899973869324,164210.52012614504
2765,318.2845287322998,164202.22571459512
2766,318.46652698516846,164189.60517225394
2767,318.6526446342468,164182.34630471552
2768,318.8063509464264,164177.16878457525
2769,318.94963216781616,164169.5725930881
2770,319.1520748138428,164163.50883255134
2771,319.34408950805664,164153.41558862495
2772,319.503858089447,164144.09921806498
2773,319.6986072063446,164137.27112843606
2774,319.8303542137146,164131.01550589592
2775,319.96793603897095,164122.63608862186
2776,320.0989751815796,164122.30150377195
2777,320.19661831855774,164113.50177296426
2778,320.3356075286865,164100.56165178912
2779,320.50488567352295,164089.53109154053
2780,320.6978213787079,164082.3085207441
2781,320.807254076004,164073.41820914738
2782,320.943571805954,164063.8504804772
2783,321.114141702652,164060.7274767279
2784,321.2525837421417,164051.3145156446
2785,321.5236060619354,164042.81878318047
2786,321.6764006614685,164039.58481462984
2787,321.8155539035797,164034.9300717444
2788,321.94351983070374,164024.9998937474
2789,322.0871388912201,164022.84430055087
2790,322.26365423202515,164019.25844786625
2791,322.414559841156,164013.87949681733
2792,322.6670024394989,164006.49768891916
2793,323.0839445590973,163997.91111397953
2794,323.33121490478516,163987.99798169418
2795,323.5058171749115,163985.6969854818
2796,323.63945508003235,163977.67061866418
2797,323.78085565567017,163970.15183189316
2798,323.91370677948,163960.6831003682
2799,324.0474851131439,163959.7878025784
2800,324.10719633102417,163950.98031104216
2801,324.2542905807495,163938.11044228025
2802,324.4257571697235,163927.1999404157
2803,324.57825899124146,163920.2021557023
2804,324.6754732131958,163911.58235125418
2805,324.7923274040222,163901.64374350145
2806,324.9186177253723,163899.9236257737
2807,324.98841857910156,163890.0519521718
2808,325.0559070110321,163880.12084026335
2809,325.1543712615967,163879.60105913974
2810,325.23640751838684,163875.65213660733
2811,325.2990186214447,163869.53772715622
2812,325.3693196773529,163862.4555768318
2813,325.4328842163086,163862.33772608024
2814,325.49095344543457,163853.16218525174
2815,325.6138668060303,163840.47399638992
2816,325.6987535953522,163831.9916067821
2817,325.7692725658417,163820.51525023967
2818,325.85072350502014,163812.70899266712
2819,325.92600774765015,163807.64582205212
2820,325.98895478248596,163800.81738144832
2821,326.10292077064514,163798.65437307843
2822,326.1635248661041,163794.8537963454
2823,326.2754135131836,163789.25806284108
2824,326.40102910995483,163781.55190033978
2825,326.53797698020935,163771.42357550107
2826,326.66128063201904,163761.52528429378
2827,326.72184658050537,163753.71947323543
2828,326.8069670200348,163746.43403286827
2829,326.86647367477417,163740.25723200166
2830,326.94108486175537,163731.7701761424
2831,327.0951237678528,163727.68524177826
2832,327.15966033935547,163719.64754940043
2833,327.2988131046295,163713.80214024786
2834,327.4469518661499,163706.1534792326
2835,327.64736676216125,163697.107648845
2836,327.8487341403961,163686.15193767115
2837,328.0419714450836,163678.19675608154
2838,328.17221426963806,163672.79704318932
2839,328.24236392974854,163664.92983201466
2840,328.31631898880005,163660.1687425235
2841,328.3694977760315,163651.83388490026
2842,328.4324471950531,163642.32857212523
2843,328.50581455230713,163642.1016456121
2844,328.5623986721039,163638.0853157715
2845,328.6152431964874,163631.8878562286
2846,328.72459864616394,163624.835421228
2847,328.8512990474701,163621.4814284428
2848,328.90433406829834,163612.99723203128
2849,328.9598271846771,163602.20096684946
2850,329.0154266357422,163600.39774304384
2851,329.07007575035095,163596.68379795906
2852,329.1239421367645,163591.21995429473
2853,329.1804246902466,163583.08329004716
2854,329.24230909347534,163576.6045952627
2855,329.43618178367615,163565.08718024343
2856,329.54449224472046,163557.93856469568
2857,329.6698052883148,163551.44825848826
2858,329.796094417572,163545.3446120038
2859,329.94537472724915,163536.15949745933
2860,330.1118016242981,163528.3664949466
2861,330.27723479270935,163519.54037671696
2862,330.42185640335083,163515.99090703554
2863,330.5288426876068,163507.25514382147
2864,330.6684250831604,163495.4547717492
2865,330.8476049900055,163491.58669706088
2866,330.93013310432434,163483.1756256946
2867,331.03737902641296,163472.61652912252
2868,331.1060881614685,163468.98055369649
2869,331.245582818985,163464.8571869664
2870,331.30529379844666,163458.29271286484
2871,331.41921877861023,163451.44396430464
2872,331.56569600105286,163449.01915833785
2873,331.67054271698,163446.8710902286
2874,331.7780177593231,163442.63700133027
2875,331.90020275115967,163434.69866180944
2876,332.03885078430176,163423.9286582158
2877,332.1957678794861,163414.08200851837
2878,332.33754873275757,163402.33319169344
2879,332.5037684440613,163400.00731847683
2880,332.6089653968811,163389.77380399266
2881,332.73435163497925,163378.7213061338
2882,332.8693585395813,163373.69047433
2883,333.02106499671936,163366.14411015826
2884,333.1619646549225,163365.99324257922
2885,333.2806167602539,163361.9523418031
2886,333.41311955451965,163355.95399827283
2887,333.55449295043945,163348.2714170871
2888,333.7505717277527,163346.32498459803
2889,333.8021469116211,163337.33462727835
2890,333.85863184928894,163326.3108125943
2891,334.0051248073578,163322.7703788981
2892,334.17902731895447,163316.0354138284
2893,334.2455623149872,163312.0823674591
2894,334.30409502983093,163303.8230253226
2895,334.36979579925537,163300.9454288868
2896,334.43624901771545,163291.4666219533
2897,334.4991385936737,163288.9306215541
2898,334.5552599430084,163285.5984938017
2899,334.6302180290222,163280.42105866584
2900,334.6861906051636,163273.19552511343
2901,334.74988770484924,163268.273586437
2902,334.8285162448883,163260.38410843475
2903,334.88707447052,163250.7868676849
2904,335.03177785873413,163249.305636646
2905,335.0993504524231,163247.01312738485
2906,335.21234583854675,163242.8974143666
2907,335.2795834541321,163239.02690433813
2908,335.412193775177,163228.0761788938
2909,335.4871037006378,163213.67498292305
2910,335.567015171051,163198.754123732
2911,335.70092487335205,163183.80317370116
2912,335.78364181518555,163172.68556031195
2913,335.85474395751953,163170.57681905117
2914,335.9203495979309,163167.13898286366
2915,336.01304864883423,163161.79645649073
2916,336.0811071395874,163154.70642482146
2917,336.1544907093048,163151.36214395164
2918,336.2267413139343,163143.33099385415
2919,336.2945194244385,163132.48192503958
2920,336.36036372184753,163131.48234701037
2921,336.4155447483063,163127.4744043453
2922,336.51161766052246,163121.70889661481
2923,336.64025473594666,163114.43191597017
2924,336.8228642940521,163109.9497782154
2925,336.95484161376953,163101.02003973923
2926,337.1045744419098,163091.16927805686
2927,337.2952883243561,163086.49143093964
2928,337.46970081329346,163074.65475712885
2929,337.66311264038086,163067.57716148265
2930,337.79036688804626,163061.6172466432
2931,337.9008345603943,163054.75325677273
2932,338.0630190372467,163052.45842208693
2933,338.1729154586792,163047.88678598657
2934,338.30220007896423,163040.4831499999
2935,338.47215723991394,163036.82906733727
2936,338.60331296920776,163028.4412138789
2937,338.75359582901,163019.26903018667
2938,338.94214820861816,163012.582461642
2939,339.1205677986145,163002.5219333157
2940,339.332382440567,162999.76715516776
2941,339.4662034511566,162990.0184086446
2942,339.61162185668945,162978.0645916728
2943,339.79789209365845,162973.87779900152
2944,339.92588210105896,162965.70894905005
2945,340.07675981521606,162954.72197839653
2946,340.2655658721924,162948.5454425339
2947,340.4638090133667,162939.2054685296
2948,340.6447443962097,162930.90441164162
2949,340.77801275253296,162925.04035251684
2950,340.8894774913788,162917.04043420605
2951,341.02940678596497,162908.84079916903
2952,341.2026357650757,162902.7043454028
2953,341.32418060302734,162894.10061591052
2954,341.47676825523376,162884.43000149014
2955,341.6361622810364,162882.10610890033
2956,341.73610973358154,162878.29813716598
2957,341.82157254219055,162872.98583703104
2958,341.9671821594238,162865.62722096773
2959,342.1510202884674,162859.372577096
2960,342.32194662094116,162851.2305201768
2961,342.4461669921875,162842.6380523609
2962,342.588356256485,162833.41315965488
2963,342.76434350013733,162831.96983765776
2964,342.8802843093872,162827.9480321947
2965,343.02704429626465,162822.4318366905
2966,343.1879503726959,162814.69692545946
2967,343.3528354167938,162808.22551966313
2968,343.4763867855072,162799.9790171452
2969,343.541015625,162791.80882940523
2970,343.6046767234802,162785.63301679457
2971,343.6635880470276,162779.12373398247
2972,343.7215111255646,162778.52676528716
2973,343.77600049972534,162774.61901221416
2974,343.83322405815125,162768.68672984545
2975,343.8941066265106,162761.59251128454
2976,343.95309257507324,162757.25346118453
2977,344.0102527141571,162749.07907645957
2978,344.1339786052704,162738.84380483272
2979,344.2483229637146,162735.08732016137
2980,344.33220911026,162726.2180320766
2981,344.40308594703674,162724.31743095777
2982,344.52890968322754,162720.66698878226
2983,344.66029024124146,162715.49907814374
2984,344.80746364593506,162707.87637173326
2985,344.97847986221313,162704.97592930737
2986,345.11828088760376,162696.73756425016
2987,345.266863822937,162686.22691379575
2988,345.42018580436707,162684.7595545702
2989,345.5418288707733,162680.82211781715
2990,345.67247104644775,162675.31242443263
2991,345.82939648628235,162667.57234730027
2992,346.0301218032837,162660.13007105803
2993,346.14264273643494,162653.6549263289
2994,346.19938135147095,162645.17184563898
2995,346.25775361061096,162634.8849222263
2996,346.34259819984436,162633.33782209514
2997,346.39927339553833,162629.34649921616
2998,346.45457005500793,162623.82018612756
2999,346.5220983028412,162616.22725938685
3000,346.59613847732544,162610.10471861108
3001,346.72870564460754,162602.28522044828
3002,346.78842425346375,162593.81496662076
3003,346.85098814964294,162584.5533360853
3004,346.9157085418701,162582.72377100532
3005,346.9743642807007,162578.78774861345
3006,347.03853487968445,162573.40681264823
3007,347.09449553489685,162565.86308993096
3008,347.20588731765747,162558.3874382223
3009,347.2709882259369,162551.4232231372
3010,347.3426196575165,162542.9751092637
3011,347.4335603713989,162533.76698550567
3012,347.4985542297363,162531.71952614118
3013,347.55283856391907,162527.80275823682
3014,347.607604265213,162522.50542737817
3015,347.7477343082428,162515.03924560512
3016,347.98302841186523,162507.83246127272
3017,348.1249506473541,162500.77037781483
3018,348.2499735355377,162492.25552614944
3019,348.3951029777527,162482.97365646673
3020,348.56964635849,162480.5391836743
3021,348.6830439567566,162476.71323428667
3022,348.78991293907166,162471.57785773437
3023,348.85246181488037,162464.27987246643
3024,348.91303157806396,162457.44476848168
3025,348.9884567260742,162450.85252115742
3026,349.05337858200073,162442.2742925574
3027,349.1114776134491,162432.51178382104
3028,349.17920660972595,162430.42179273342
3029,349.24029779434204,162426.55965088803
3030,349.30205368995667,162421.2850309892
3031,349.36304664611816,162413.86398531066
3032,349.4357707500458,162407.25958277468
3033,349.5040240287781,162400.07522058
3034,349.5965654850006,162391.56567312678
3035,349.6849479675293,162382.12581467014
3036,349.77657318115234,162379.9974350216
3037,349.87438678741455,162376.1059188991
3038,349.99957609176636,162370.8795701871
3039,350.1379110813141,162363.48295667575
3040,350.3297884464264,162356.6497032222
3041,350.5056002140045,162349.42671856182
3042,350.5851788520813,162341.10683184158
3043,350.67469549179077,162331.6642626421
3044,350.834312915802,162329.38435443366
3045,350.9569933414459,162325.5353808768
3046,351.07738733291626,162320.35103955987
3047,351.2269163131714,162313.02425428567
3048,351.4527130126953,162306.26452698873
3049,351.6298916339874,162300.44802693327
3050,351.75953459739685,162291.63971251808
3051,351.8952338695526,162281.4621324952
3052,352.05666041374207,162278.90827975853
3053,352.2029483318329,162270.30267559265
3054,352.34093856811523,162267.90788828942
3055,352.46443343162537,162264.4872636601
3056,352.5832817554474,162259.47665532044
3057,352.7255597114563,162252.96832357158
3058,352.93485736846924,162248.18170285155
3059,353.0763463973999,162239.50454479826
3060,353.2173812389374,162230.95167920325
3061,353.3509819507599,162229.16014608621
3062,353.4643132686615,162226.96858163454
3063,353.58997917175293,162222.89105587243
3064,353.72377276420593,162217.6265181168
3065,353.8481707572937,162207.72697227244
3066,354.0163073539734,162193.69379679838
3067,354.2925696372986,162185.52448073725
3068,354.4374759197235,162165.8523301697
3069,354.59148120880127,162154.68154719388
3070,354.807998418808,162147.53691027634
3071,354.93853092193604,162143.3478224884
3072,355.0826575756073,162136.88453028878
3073,355.2323417663574,162134.37031391196
3074,355.34619545936584,162130.9216700643
3075,355.46081471443176,162125.67615672387
3076,355.62877130508423,162119.9950935567
3077,355.76189827919006,162115.119456085
3078,355.901819229126,162106.9117168201
3079,356.05833315849304,162103.75003951648
3080,356.1930344104767,162096.98107138745
3081,356.3443868160248,162091.82029102743
3082,356.48877334594727,162084.0518708387
3083,356.6347625255585,162082.8644667142
3084,356.7822470664978,162079.0129891264
3085,356.9169063568115,162073.61411928118
3086,357.00913286209106,162066.89748720056
3087,357.0695757865906,162066.1855516608
3088,357.1301987171173,162057.1833306773
3089,357.1865005493164,162045.68538782166
3090,357.3313138484955,162043.14613961245
3091,357.4582326412201,162034.07764455478
3092,357.60411524772644,162023.97505202625
3093,357.7593243122101,162022.20093781454
3094,357.8946924209595,162018.51165281734
3095,358.03773260116577,162013.37002636137
3096,358.17331051826477,162006.33429190956
3097,358.35380387306213,161998.31702940867
3098,358.57214641571045,161983.65124828083
3099,358.7482690811157,161977.77005595333
3100,358.87538290023804,161973.10486336704
3101,359.0210039615631,161964.98085037275
3102,359.20881175994873,161959.8775117925
3103,359.3712990283966,161948.30513778224
3104,359.5708909034729,161943.27059219728
3105,359.69322633743286,161933.33656148388
3106,359.84446954727173,161924.2023717421
3107,359.9856722354889,161923.72085848902
3108,360.1000409126282,161919.48347745603
3109,360.2254204750061,161913.38002772394
3110,360.32530784606934,161906.05595865808
3111,360.4019606113434,161900.72390281264
3112,360.57345819473267,161886.43841064876
3113,360.76873660087585,161879.76905504754
3114,360.89644384384155,161875.4629035907
3115,361.06377935409546,161868.39704745836
3116,361.27192521095276,161861.9454125119
3117,361.4648468494415,161858.90653355076
3118,361.5777289867401,161848.80734378117
3119,361.6792137622833,161838.1422344677
3120,361.78418254852295,161835.45620173134
3121,361.8744697570801,161831.62289574722
3122,361.9795162677765,161826.5212881551
3123,362.1091501712799,161818.5627929668
3124,362.33991742134094,161807.0091789498
3125,362.53311920166016,161804.01203670513
3126,362.6656413078308,161795.12354321126
3127,362.79528880119324,161784.8667510718
3128,362.9310643672943,161782.19608231253
3129,363.06035232543945,161778.38846163193
3130,363.1975486278534,161773.39689468386
3131,363.3178663253784,161766.90855094267
3132,363.436550617218,161762.84757154988
3133,363.5392782688141,161758.0653722399
3134,363.6227991580963,161750.35926137207
3135,363.7126693725586,161746.816758237
3136,363.7992341518402,161741.78918853923
3137,363.9121835231781,161736.26179055945
3138,364.0328130722046,161729.28630465115
3139,364.1446952819824,161726.64297899575
3140,364.22787642478943,161723.12776867035
3141,364.3574376106262,161718.26241808492
3142,364.5081400871277,161712.68800140335
3143,364.6659457683563,161705.49780631257
3144,364.8026776313782,161698.58689737043
3145,364.9621047973633,161698.33579866056
3146,365.05988001823425,161694.34703702372
3147,365.1367738246918,161688.62007296592
3148,365.2640163898468,161682.40705877045
3149,365.41759490966797,161681.29655910286
3150,365.5409679412842,161677.44270245492
3151,365.65990710258484,161671.93308834088
3152,365.7970116138458,161665.2911075977
3153,365.9928066730499,161661.88596729908
3154,366.12898206710815,161658.00926030707
3155,366.2760944366455,161653.26448248525
3156,366.41372776031494,161645.8002700501
3157,366.58592534065247,161643.60898203249
3158,366.7054445743561,161641.43465752635
3159,366.8315587043762,161637.3874987507
3160,366.97178506851196,161631.99201902805
3161,367.12005591392517,161622.55801143765
3162,367.3113069534302,161618.74163891035
3163,367.45305609703064,161610.1706834527
3164,367.59049940109253,161600.4830088758
3165,367.7480733394623,161600.1068700557
3166,367.8687262535095,161595.94370236955
3167,367.9966504573822,161590.2087226327
3168,368.1505410671234,161582.94398780313
3169,368.35022807121277,161581.64936399765
3170,368.4654288291931,161580.05223314033
3171,368.5811059474945,161577.5092154621
3172,368.6997435092926,161573.5420905402
3173,368.8426103591919,161569.62034777334
3174,368.9891719818115,161561.32666238552
3175,369.1403603553772,161558.82278605527
3176,369.2610354423523,161555.3180466926
3177,369.4003703594208,161550.0712030488
3178,369.5496120452881,161543.7093054852
3179,369.7270030975342,161534.46210853846
3180,369.9256947040558,161516.83934956102
3181,370.1329355239868,161511.7838511375
3182,370.2675447463989,161507.75148087495
3183,370.37053751945496,161505.14826353337
3184,370.45698070526123,161501.06357718183
3185,370.5366132259369,161498.5134212857
3186,370.60952734947205,161494.46460736604
3187,370.73085021972656,161492.5435361167
3188,370.8587980270386,161488.03601772978
3189,370.9854061603546,161485.14595428645
3190,371.102352142334,161481.5702299494
3191,371.2352843284607,161479.04738286455
3192,371.36336517333984,161475.57807507686
3193,371.4903817176819,161472.2681757601
3194,371.62377858161926,161468.48674361795
3195,371.7471697330475,161466.3475806298
3196,371.871376991272,161461.98678189216
3197,372.0097436904907,161457.2585719684
3198,372.1476426124573,161451.06693706027
3199,372.2878792285919,161447.5060410603
3200,372.4066698551178,161437.41042859148
3201,372.53492975234985,161436.62809911664
3202,372.6461708545685,161432.60668661725
3203,372.7775249481201,161427.07203142784
3204,372.87269163131714,161419.84186552197
3205,373.0209128856659,161416.9702659314
3206,373.114061832428,161407.91292716376
3207,373.19127655029297,161398.3650600969
3208,373.2913570404053,161396.680775121
3209,373.3842806816101,161394.5077950869
3210,373.4762194156647,161390.52670270184
3211,373.56775426864624,161386.04405696312
3212,373.6534080505371,161380.9638117118
3213,373.738890171051,161371.5784014497
3214,373.8372950553894,161367.8055965682
3215,373.9174084663391,161359.17696279837
3216,374.0003502368927,161349.20155560566
3217,374.08485555648804,161348.11231816755
3218,374.2080373764038,161344.12201499654
3219,374.34170389175415,161338.58307040707
3220,374.4709174633026,161331.04381654857
3221,374.6521842479706,161328.39415258612
3222,374.78019642829895,161319.79424488402
3223,374.9164354801178,161309.3904874026
3224,375.14486742019653,161307.2737350507
3225,375.277517080307,161297.43158304685
3226,375.4177248477936,161288.2441951569
3227,375.5474121570587,161287.21847598234
3228,375.64094948768616,161283.21090808694
3229,375.7753322124481,161277.66200324
3230,375.927987575531,161270.78416293257
3231,376.1192216873169,161267.95919860396
3232,376.2631459236145,161259.0259210405
3233,376.39351415634155,161248.97946923057
3234,376.5463767051697,161247.9060646878
3235,376.67863392829895,161243.77662879456
3236,376.8259916305542,161238.36107676773
3237,376.9631633758545,161230.93282118347
3238,377.24896121025085,161223.72449711236
3239,377.34324383735657,161214.02062800783
3240,377.5428876876831,161212.28241126525
3241,377.6707921028137,161202.97849469073
3242,377.80879068374634,161191.33789513423
3243,377.9837064743042,161189.58572455004
3244,378.095828294754,161180.14298282925
3245,378.1735751628876,161170.04509334767
3246,378.2288420200348,161168.578641851
3247,378.3002202510834,161164.66953033808
3248,378.3608932495117,161159.26990600728
3249,378.5112919807434,161152.65190315162
3250,378.58354353904724,161149.62759982696
3251,378.66150879859924,161140.6848955984
3252,378.72224259376526,161130.23186881753
3253,378.77969193458557,161128.93851191408
3254,378.8427450656891,161124.89825658163
3255,378.90613651275635,161119.36743380144
3256,379.00150895118713,161111.5504400519
3257,379.20017862319946,161101.09671081373
3258,379.3037545681,161094.2236193975
3259,379.3735280036926,161086.29385635047
3260,379.4317855834961,161080.67097435278
3261,379.5158724784851,161073.58371488738
3262,379.6188313961029,161071.75456456773
3263,379.6750822067261,161067.10645815713
3264,379.7348051071167,161061.40430627475
3265,379.79399704933167,161056.146946266
3266,379.8703842163086,161052.115327055
3267,379.93128299713135,161044.57702373562
3268,380.08655190467834,161040.841565495
3269,380.1456367969513,161033.92667149
3270,380.2049386501312,161030.63697507896
3271,380.26663184165955,161023.21868544022
3272,380.32611298561096,161019.68863376667
3273,380.4569516181946,161013.89063285242
3274,380.59573197364807,161009.82205742254
3275,380.7402505874634,161002.0720197047
3276,380.9131100177765,161000.5249397721
3277,381.100914478302,160996.85349661525
3278,381.2685070037842,160991.80094025153
3279,381.3343346118927,160985.62446625117
3280,381.4095368385315,160980.43111441762
3281,381.46663880348206,160974.82956094944
3282,381.54082131385803,160969.87489625803
3283,381.6023099422455,160965.30551871075
3284,381.67399525642395,160958.99182044447
3285,381.75748658180237,160956.55136176426
3286,381.8201861381531,160952.759411315
3287,381.8877670764923,160947.87613008165
3288,381.9604640007019,160940.78017661528
3289,382.05953764915466,160933.32815038043
3290,382.11943650245667,160927.6592675836
3291,382.2558500766754,160918.83468024764
3292,382.3968710899353,160910.547484017
3293,382.543025970459,160909.0262851128
3294,382.66293239593506,160905.10130391514
3295,382.7273106575012,160899.92707851878
3296,382.7918949127197,160892.35428559978
3297,383.00927686691284,160886.71581441845
3298,383.1172456741333,160876.78779342264
3299,383.2654688358307,160868.99266984366
3300,383.33040595054626,160864.0016193926
3301,383.48146629333496,160856.67952463386
3302,383.66381335258484,160855.90498455332
3303,383.7210853099823,160846.73460421828
3304,383.7776744365692,160837.30416293614
3305,383.8306369781494,160837.0050341513
3306,383.9277379512787,160832.81314708525
3307,383.984587430954,160827.0864060488
3308,384.1367082595825,160820.20307294079
3309,384.24728178977966,160816.91900854302
3310,384.38217401504517,160807.60374939628
3311,384.5182957649231,160799.64193690202
3312,384.6857078075409,160797.40604498604
3313,384.8148446083069,160795.42781581965
3314,384.89933013916016,160791.4910103646
3315,384.9973363876343,160783.7607680096
3316,385.0838112831116,160777.47811954273
3317,385.2021634578705,160768.28164691653
3318,385.3838119506836,160758.3109720588
3319,385.55224680900574,160753.3788058344
3320,385.66588282585144,160745.43967636782
3321,385.7971088886261,160739.07116129462
3322,385.9429612159729,160730.81413090698
3323,386.13241505622864,160727.75003698174
3324,386.24600291252136,160719.01534865933
3325,386.3078191280365,160709.86215181655
3326,386.36853981018066,160709.7886677961
3327,386.4245665073395,160700.40240838268
3328,386.482351064682,160689.86227158204
3329,386.65737795829773,160686.5965816427
3330,386.75057888031006,160682.53559100028
3331,386.86385583877563,160675.13352241198
3332,386.9516887664795,160662.78885622197
3333,387.1424996852875,160658.72472700808
3334,387.2612376213074,160654.5604913419
3335,387.40760684013367,160648.66918715255
3336,387.5611972808838,160642.36395362782
3337,387.6975951194763,160641.0747338126
3338,387.8031904697418,160637.14230864454
3339,387.8981077671051,160631.79880465206
3340,388.0272591114044,160624.8569865827
3341,388.2005248069763,160621.95714829527
3342,388.3014771938324,160618.3013255066
3343,388.45335817337036,160615.6575399698
3344,388.5844645500183,160612.43139219645
3345,388.7290825843811,160609.25400717335
3346,388.86469316482544,160605.61654404283
3347,388.99095702171326,160603.19357036887
3348,389.11787486076355,160599.27011174336
3349,389.2449119091034,160596.44559084816
3350,389.31789112091064,160592.79009483318
3351,389.43903946876526,160590.41822026297
3352,389.56185960769653,160586.4703672079
3353,389.688880443573,160583.69410412625
3354,389.8117866516113,160580.02371061072
3355,389.936621427536,160577.696796053
3356,390.0637285709381,160573.74685976867
3357,390.2249517440796,160571.01448121303
3358,390.36039423942566,160567.89048842166
3359,390.5021982192993,160565.1105652783
3360,390.6343605518341,160561.25588775144
3361,390.7682557106018,160558.80599668887
3362,390.89922165870667,160554.9349266739
3363,391.0329246520996,160552.46840433916
3364,391.1533679962158,160548.60949505086
3365,391.2876558303833,160546.29927002775
3366,391.428560256958,160542.370668497
3367,391.55904054641724,160540.33295267785
3368,391.6898889541626,160536.19307128357
3369,391.8193612098694,160533.7447306407
3370,391.9506711959839,160529.9189032508
3371,392.09192395210266,160527.60563209554
3372,392.2233474254608,160524.1829887921
3373,392.3859121799469,160521.28817188987
3374,392.4922776222229,160517.56456318332
3375,392.60640382766724,160515.4934645673
3376,392.7240426540375,160511.3633911687
3377,392.8234188556671,160508.68280909728
3378,392.9494004249573,160505.00971943175
3379,393.0425772666931,160503.0281918359
3380,393.13361525535583,160498.83628345304
3381,393.2406048774719,160496.09106088613
3382,393.33379578590393,160492.4754924068
3383,393.44112610816956,160490.58415172301
3384,393.5570390224457,160486.32734483192
3385,393.683650970459,160482.13315342425
3386,393.79266929626465,160473.98873674884
3387,393.939989566803,160472.1799864206
3388,394.11305952072144,160468.42139138348
3389,394.2542760372162,160463.3749057422
3390,394.3667275905609,160455.76578981365
3391,394.42767572402954,160445.27827617203
3392,394.49519395828247,160438.35422813476
3393,394.5555353164673,160428.95431524387
3394,394.6290442943573,160421.88395305516
3395,394.72176599502563,160416.82791189034
3396,394.7807149887085,160409.72954340384
3397,394.8443875312805,160401.50276509934
3398,394.93799090385437,160396.6607346052
3399,394.9944760799408,160392.25333998783
3400,395.10903215408325,160384.88078592508
3401,395.1887876987457,160375.62187668914
3402,395.26171875,160369.4118574704
3403,395.3600754737854,160365.19843934523
3404,395.45411348342896,160358.00478173475
3405,395.5547389984131,160348.34287703742
3406,395.70356130599976,160342.77484986986
3407,395.761479139328,160338.3299416011
3408,395.90364050865173,160331.52724299673
3409,396.0660812854767,160323.68524616538
3410,396.13188552856445,160316.6433581188
3411,396.18773078918457,160312.38980980858
3412,396.24982476234436,160305.95889467694
3413,396.3132908344269,160303.95793849046
3414,396.3748154640198,160295.65439055808
3415,396.4361834526062,160285.59495166107
3416,396.5031895637512,160283.64238664767
3417,396.55958127975464,160274.50396735908
3418,396.6148121356964,160265.7514928341
3419,396.68019914627075,160265.12707403928
3420,396.78090047836304,160261.36116255433
3421,396.86618065834045,160256.14022476
3422,397.08476090431213,160249.29113232656
3423,397.2827739715576,160246.7678402996
3424,397.3692286014557,160243.1200661337
3425,397.4340670108795,160239.6178228046
3426,397.52110052108765,160234.93743192696
3427,397.598237991333,160231.38069594785
3428,397.86079573631287,160223.13111217937
3429,398.0145251750946,160219.6670237427
3430,398.16099071502686,160214.7749574419
3431,398.3040580749512,160210.99518601372
3432,398.4539940357208,160202.93316091978
3433,398.6068561077118,160200.5399227249
3434,398.7172932624817,160197.1497159977
3435,398.8378429412842,160192.69885042624
3436,398.97818088531494,160185.38361477954
3437,399.154452085495,160181.74206077246
3438,399.25068736076355,160173.7930778169
3439,399.38116335868835,160166.7154667999
3440,399.55980372428894,160165.03951193948
3441,399.6660478115082,160162.97214956427
3442,399.7809021472931,160159.13441387506
3443,399.92649817466736,160153.37344363713
3444,400.0791218280792,160145.2380822345
3445,400.25930309295654,160143.19474310553
3446,400.3858902454376,160138.79057529324
3447,400.5157632827759,160132.34967250543
3448,400.5761377811432,160130.6933043861
3449,400.6559715270996,160125.92149847109
3450,400.7806918621063,160119.1096461368
3451,400.98520851135254,160118.74848971888
3452,401.10418176651,160117.1239567817
3453,401.22517943382263,160114.46282106658
3454,401.3633885383606,160110.42488693536
3455,401.49262285232544,160103.57928903995
3456,401.678435087204,160095.35791329364
3457,401.832524061203,160089.30248836835
3458,401.8900263309479,160084.76514915284
3459,401.9466745853424,160078.3217670326
3460,402.0122141838074,160076.94663755604
3461,402.0684700012207,160075.4748271778
3462,402.1610918045044,160072.94341701161
3463,402.2261869907379,160068.95414504458
3464,402.2946717739105,160062.4862519962
3465,402.358681678772,160049.5316226076
3466,402.4248905181885,160047.95287469684
3467,402.48036313056946,160046.39056352567
3468,402.5637502670288,160043.7695463793
3469,402.6231439113617,160039.79968621468
3470,402.68485045433044,160034.40416744183
3471,402.7427499294281,160026.69521164402
3472,402.9055027961731,160025.53549583748
3473,403.0205669403076,160023.37194862228
3474,403.1385564804077,160019.61286858298
3475,403.25449442863464,160017.7846207246
3476,403.36839747428894,160014.56756167804
3477,403.5041377544403,160009.11026321142
3478,403.6602420806885,160001.83583116744
3479,403.85243487358093,160001.5916662352
3480,403.95753836631775,160000.05528753833
3481,404.0590980052948,159997.3788372259
3482,404.18895649909973,159993.26814924588
3483,404.3343789577484,159986.78131428023
3484,404.5005238056183,159976.3346239759
3485,404.6786847114563,159972.1861073742
3486,404.81012773513794,159964.5031504815
3487,404.96498823165894,159956.51806504256
3488,405.1330580711365,159952.20800307416
3489,405.28795623779297,159951.3154767777
3490,405.40929317474365,159947.87968018686
3491,405.53086519241333,159941.98767746642
3492,405.69832706451416,159934.31554444536
3493,405.8923091888428,159934.14230978067
3494,406.03803992271423,159926.27322265197
3495,406.17561173439026,159914.5000101261
3496,406.3661594390869,159910.73352576225
3497,406.50731658935547,159903.74590888218
3498,406.63683557510376,159897.26669239375
3499,406.77676820755005,159891.34392861326
3500,406.94242310523987,159889.96700154207
3501,407.0621659755707,159887.75346292483
3502,407.1920368671417,159884.0294563988
3503,407.3464126586914,159882.95174405142
3504,407.46611404418945,159880.76533941325
3505,407.5932731628418,159877.04997746507
3506,407.70277190208435,159876.02713637787
3507,407.7934994697571,159873.81572886862
3508,407.9117534160614,159870.10704226448
3509,408.04366636276245,159869.09952740947
3510,408.1623980998993,159866.88116148298
3511,408.2926788330078,159863.17490133716
3512,408.42705368995667,159862.1827739756
3513,408.5447425842285,159859.95808742405
3514,408.6689326763153,159856.25467349595
3515,408.81385350227356,159855.2697253154
3516,408.9315438270569,159853.0421276301
3517,409.06044244766235,159849.34087246613
3518,409.21014428138733,159848.3865045617
3519,409.32140016555786,159846.14684159143
3520,409.4442024230957,159842.44868887117
3521,409.60133171081543,159841.51929549882
3522,409.70375418663025,159839.27020607333
3523,409.82848620414734,159835.57520067366
3524,409.9282159805298,159834.67968764168
3525,410.0007700920105,159832.41765778177
3526,410.12550687789917,159828.72684221042
3527,410.279061794281,159827.84752033022
3528,410.4064610004425,159825.5796147398
3529,410.5228750705719,159821.89160125755
3530,410.6638026237488,159821.04516622797
3531,410.77457761764526,159818.76435117144
3532,410.8930592536926,159815.07884975002
3533,411.046115398407,159814.24950315594
3534,411.16597175598145,159811.96224836106
3535,411.273362159729,159808.27946800733
3536,411.374267578125,159807.47254453754
3537,411.47415947914124,159805.1762632911
3538,411.5448055267334,159801.49525521926
3539,411.6311001777649,159800.69966756942
3540,411.73230719566345,159798.3989961747
3541,411.83915758132935,159794.71935414607
3542,411.9632782936096,159793.93928463478
3543,412.0365173816681,159791.63221421582
3544,412.11642718315125,159787.9551840977
3545,412.2349863052368,159787.17654572785
3546,412.35008001327515,159784.86878591726
3547,412.47050642967224,159781.1931751742
3548,412.6284508705139,159780.4334146601
3549,412.73613142967224,159778.1178578473
3550,412.86273884773254,159774.44368939137
3551,413.0042769908905,159773.6899507723
3552,413.11518263816833,159771.37198519023
3553,413.2211720943451,159767.70022201943
3554,413.37114095687866,159766.960925341
3555,413.47880935668945,159764.63689159104
3556,413.6072235107422,159760.96597089412
3557,413.7649257183075,159760.23067696192
3558,413.8375504016876,159757.9049299145
3559,413.937867641449,159754.23549512975
3560,414.0746533870697,159753.5115770891
3561,414.19775390625,159751.1809902846
3562,414.3279550075531,159747.51341794687
3563,414.48448753356934,159746.78668084255
3564,414.6046211719513,159744.4569758572
3565,414.7425308227539,159740.7908642458
3566,414.9055049419403,159740.07925042632
3567,415.027161359787,159737.74317315192
3568,415.2001094818115,159734.07808984525
3569,415.3699064254761,159733.3692310755
3570,415.49353981018066,159731.03195871963
3571,415.6206085681915,159727.3681620277
3572,415.776873588562,159726.66943763968
3573,415.89809131622314,159724.32778077255
3574,416.05685782432556,159720.66568105205
3575,416.2852075099945,159719.9635339181
3576,416.3672614097595,159717.62301148952
3577,416.42706775665283,159713.96226635604
3578,416.5510802268982,159713.2733408134
3579,416.60713839530945,159710.92717406197
3580,416.66528248786926,159707.2672699683
3581,416.7291855812073,159706.58003209514
3582,416.80850100517273,159704.23316857274
3583,416.88272070884705,159700.5755619778
3584,417.04742074012756,159699.89756467353
3585,417.16599583625793,159697.55364945537
3586,417.29780316352844,159693.95857023087
3587,417.36034774780273,159693.30055484182
3588,417.41710782051086,159691.05823482742
3589,417.4748885631561,159688.19163849836
3590,417.54210233688354,159687.71535838384
3591,417.65441489219666,159686.0409477667
3592,417.7120180130005,159683.47034217595
3593,417.7678873538971,159680.06206151642
3594,417.8606836795807,159679.28674486486
3595,417.9251661300659,159677.1863806693
3596,417.97932052612305,159674.29805246537
3597,418.03853392601013,159673.08089415246
3598,418.101411819458,159671.4588615874
3599,418.18769121170044,159669.1454617509
3600,418.26304817199707,159666.03435077865
3601,418.33068895339966,159665.05574645073
3602,418.42952013015747,159664.0990451804
3603,418.48652172088623,159662.21228026238
3604,418.60261058807373,159658.44675803746
3605,418.7168126106262,159652.15008288788
3606,418.78458285331726,159647.67977716657
3607,418.8534016609192,159641.76197066548
3608,418.9177985191345,159636.02465084867
3609,419.01043605804443,159629.34980893208
3610,419.0918231010437,159627.81798124735
3611,419.1528379917145,159625.62173086338
3612,419.3099875450134,159621.95628115188
3613,419.4621250629425,159621.14530469
3614,419.5780236721039,159618.85639478674
3615,419.6989459991455,159615.2216248238
3616,419.86267948150635,159614.5720066853
3617,419.9728648662567,159612.21989804893
3618,420.105126619339,159608.59289557373
3619,420.2013432979584,159607.9826811459
3620,420.29481291770935,159605.61534403195
3621,420.38845014572144,159601.99018831184
3622,420.48349714279175,159601.39019328082
3623,420.6074101924896,159599.01854138935
3624,420.7174289226532,159595.39466070186
3625,420.8760597705841,159594.79802723962
3626,420.98178696632385,159592.4249256852
3627,421.1147656440735,159588.80284321806
3628,421.26493096351624,159588.21071073017
3629,421.3719964027405,159585.83592358802
3630,421.4787781238556,159582.2167890139
3631,421.62567234039307,159581.62602377482
3632,421.73375034332275,159579.25182738897
3633,421.8519010543823,159575.63885960224
3634,421.9802758693695,159575.04535001257
3635,422.08813667297363,159572.6733954781
3636,422.21940755844116,159569.068987591
3637,422.4023175239563,159568.47833066378
3638,422.5272283554077,159566.11387988852
3639,422.66321539878845,159562.53799853596
3640,422.82461500167847,159561.9127694835
3641,422.94534611701965,159559.56948862452
3642,423.0757141113281,159556.02963421133
3643,423.2348003387451,159555.4122791058
3644,423.3563904762268,159553.10294338278
3645,423.4826319217682,159549.70275980604
3646,423.64136242866516,159548.9013265353
3647,423.7873935699463,159546.6579584624
3648,423.92013788223267,159543.28733275388
3649,424.08301973342896,159542.70337485746
3650,424.1908402442932,159542.02699653487
3651,424.30745363235474,159540.87150377256
3652,424.4229967594147,159538.9685662863
3653,424.5461962223053,159535.4180797737
3654,424.68211698532104,159530.60167189082
3655,424.8338534832001,159526.61359375424
3656,424.97235465049744,159519.09553916534
3657,425.13555669784546,159517.98150378693
3658,425.2093069553375,159515.7276642984
3659,425.3017463684082,159512.1058916125
3660,425.42914748191833,159511.5156564734
3661,425.5468604564667,159509.14209684986
3662,425.67091941833496,159505.53691124744
3663,425.83964705467224,159505.00171043957
3664,425.92139983177185,159504.34116782958
3665,426.05968260765076,159503.14199949827
3666,426.1993839740753,159501.16962874852
3667,426.3176636695862,159497.41601849083
3668,426.4519748687744,159491.2128772385
3669,426.64047837257385,159476.89231952926
3670,426.9771468639374,159454.0819233281
3671,427.24999380111694,159445.588794044
3672,427.41426634788513,159437.56776463415
3673,427.5835039615631,159436.32578306584
3674,427.6529657840729,159433.93670497174
3675,427.765896320343,159430.24932076875
3676,427.8575882911682,159429.55689110103
3677,427.94895672798157,159427.20926318792
3678,428.0231819152832,159423.61762548957
3679,428.1302206516266,159423.05367507852
3680,428.2223265171051,159422.39238261472
3681,428.3360118865967,159421.20332177152
3682,428.458370923996,159419.24400665401
3683,428.5386118888855,159415.51769739384
3684,428.66095900535583,159409.81065259362
3685,428.77254986763,159405.9625255559
3686,428.8544409275055,159402.7957356868
3687,428.9460461139679,159399.3241229926
3688,429.04929757118225,159393.784809968
3689,429.1414113044739,159389.66463867808
3690,429.30022978782654,159386.8418230671
3691,429.4249277114868,159383.304847575
3692,429.5423376560211,159377.86332971288
3693,429.6826922893524,159373.33633140993
3694,429.7380084991455,159370.99769076583
3695,429.79133462905884,159367.23441041622
3696,429.84795212745667,159361.81661167752
3697,429.9033567905426,159355.41779046293
3698,429.9637539386749,159346.55688484423
3699,430.02309703826904,159339.39346050972
3700,430.0911707878113,159325.42077518837
3701,430.1763594150543,159320.35420259883
3702,430.2325053215027,159315.97364458724
3703,430.2973508834839,159315.2346674593
3704,430.34875082969666,159313.41804428224
3705,430.42123079299927,159310.77980975495
3706,430.55439710617065,159307.14569369637
3707,430.7251327037811,159306.4838134941
3708,430.7959723472595,159304.25046983515
3709,430.8778121471405,159301.57264969833
3710,430.95417499542236,159300.74796748324
3711,431.07499384880066,159299.1378551917
3712,431.19710659980774,159296.47907339165
3713,431.33516025543213,159292.77417235042
3714,431.51016330718994,159292.0085816734
3715,431.6546814441681,159289.87529036994
3716,431.7909240722656,159287.45241556084
3717,431.91391587257385,159285.84049780926
3718,432.0398917198181,159282.40285106606
3719,432.1754741668701,159278.33150831278
3720,432.2411413192749,159277.42200216898
3721,432.361510515213,159275.3509143805
3722,432.4818289279938,159272.4013678425
3723,432.5378632545471,159270.5521603569
3724,432.5951282978058,159267.47814284504
3725,432.6863946914673,159263.4687218307
3726,432.74437618255615,159260.83430992276
3727,432.7988975048065,159252.60568270815
3728,432.8873815536499,159251.21365516362
3729,432.9829704761505,159248.89362151784
3730,433.0860526561737,159245.80103498866
3731,433.20043873786926,159244.81559170864
3732,433.3083667755127,159243.8403866049
3733,433.41819953918457,159241.97299372382
3734,433.5355689525604,159238.2737568993
3735,433.6744055747986,159231.27839641774
3736,433.88656067848206,159226.72839035338
3737,434.06408190727234,159210.7001716298
3738,434.25522351264954,159207.31926237963
3739,434.38695883750916,159198.80491494655
3740,434.5225610733032,159188.95999300145
3741,434.65190291404724,159186.89104226293
3742,434.77165365219116,159182.54853604053
3743,434.9291179180145,159178.11303336182
3744,435.071218252182,159172.24778155226
3745,435.2245297431946,159171.86908741327
3746,435.2759373188019,159167.95147944603
3747,435.3909616470337,159161.91733544358
3748,435.55411529541016,159154.89024300023
3749,435.7816116809845,159153.9325287997
3750,435.89089035987854,159152.93607862477
3751,436.0126531124115,159151.0841653918
3752,436.1316258907318,159147.40206833754
3753,436.2810742855072,159140.65028708286
3754,436.47500133514404,159139.81198838973
3755,436.5858178138733,159138.77492186293
3756,436.68400597572327,159136.92909694274
3757,436.79859232902527,159133.31887938557
3758,436.9367415904999,159126.96339997323
3759,437.06990146636963,159123.50773342946
3760,437.14408898353577,159114.99216403114
3761,437.2350676059723,159106.45875736672
3762,437.3551104068756,159104.7656161314
3763,437.46567392349243,159102.77366681857
3764,437.57744455337524,159099.07706785703
3765,437.71407890319824,159095.5812677248
3766,437.8382511138916,159087.68021460302
3767,438.0140256881714,159085.61070422464
3768,438.1339807510376,159083.4778777408
3769,438.25918984413147,159079.82057270507
3770,438.4048342704773,159079.19702601555
3771,438.5107886791229,159075.67652374384
3772,438.6349925994873,159069.89683426227
3773,438.7747640609741,159063.74458953884
3774,438.9659140110016,159062.29086556053
3775,439.0809597969055,159060.03077088064
3776,439.17644476890564,159056.50956745647
3777,439.3059432506561,159055.9306088351
3778,439.4043879508972,159055.2719209305
3779,439.48171734809875,159054.0917260466
3780,439.5552935600281,159052.17126372873
3781,439.6666784286499,159048.45765999786
3782,439.7789478302002,159041.15036147588
3783,439.92100405693054,159030.27462534868
3784,440.1129193305969,159019.31965182195
3785,440.2601227760315,159013.1413016363
3786,440.4982752799988,158998.01782514245
3787,440.68987464904785,158995.5381870135
3788,440.8212835788727,158987.3414573411
3789,440.9404983520508,158981.62130753952
3790,441.0667746067047,158974.7703191883
3791,441.1937417984009,158972.99045979316
3792,441.3064422607422,158970.1573166377
3793,441.42636036872864,158967.14223318922
3794,441.5372083187103,158963.46628541168
3795,441.6415729522705,158963.04347470027
3796,441.69949769973755,158961.4093526187
3797,441.8163924217224,158958.6915581151
3798,441.93922424316406,158954.92185642943
3799,442.12213706970215,158953.9786497362
3800,442.26382970809937,158951.73403478414
3801,442.4185848236084,158948.0912009278
3802,442.58911514282227,158947.37212643435
3803,442.73115158081055,158945.0436047509
3804,442.8891246318817,158941.45559400468
3805,443.04408073425293,158940.94680575858
3806,443.1471002101898,158940.27681354483
3807,443.20195484161377,158939.07369557276
3808,443.3198916912079,158937.13675968852
3809,443.3776340484619,158933.42185655885
3810,443.517431974411,158926.4781752756
3811,443.71084690093994,158913.35975010664
3812,444.0639066696167,158890.04702619594
3813,444.34924054145813,158879.51271742652
3814,444.502014875412,158863.1035665191
3815,444.61584639549255,158855.1890919271
3816,444.7569365501404,158853.56540075756
3817,444.86301589012146,158851.29553388534
3818,444.9871504306793,158847.57328668746
3819,445.16162371635437,158846.67305951583
3820,445.28096532821655,158844.39823082407
3821,445.4022960662842,158840.77016366672
3822,445.5541036128998,158840.10298410946
3823,445.67180490493774,158837.7450465531
3824,445.79592275619507,158834.15441200184
3825,445.9575996398926,158833.62552403804
3826,446.05752086639404,158832.95224199674
3827,446.16165804862976,158831.74565238564
3828,446.26578092575073,158829.79980997785
3829,446.38487434387207,158826.05941536033
3830,446.52170729637146,158819.13253832125
3831,446.69853258132935,158811.5583106368
3832,446.87132573127747,158795.5094841538
3833,447.07724165916443,158786.65129291354
3834,447.2626242637634,158774.1419870486
3835,447.34489607810974,158768.9619469433
3836,447.4098267555237,158761.21934801596
3837,447.47280049324036,158756.04634802428
3838,447.5940589904785,158753.24044946814
3839,447.73517084121704,158749.6269816142
3840,447.8872299194336,158748.73843359773
3841,448.0004982948303,158747.7640879696
3842,448.123792886734,158745.86977127328
3843,448.2537202835083,158742.11960598547
3844,448.404736995697,158735.61875995874
3845,448.6099283695221,158731.6400670757
3846,448.8255069255829,158725.38269154093
3847,448.9789936542511,158719.45173250942
3848,449.1428589820862,158713.51555194618
3849,449.31149435043335,158711.6413153948
3850,449.42246651649475,158709.39405336019
3851,449.5535464286804,158705.81146029793
3852,449.73173809051514,158705.08256741005
3853,449.85452246665955,158702.79085483227
3854,449.99452924728394,158699.25424321488
3855,450.2046058177948,158698.76199939588
3856,450.30698108673096,158698.086365738
3857,450.4181842803955,158696.883966043
3858,450.52635502815247,158694.96929211158
3859,450.6235160827637,158691.26835694283
3860,450.7150197029114,158683.90358988277
3861,450.8218879699707,158671.69137466318
3862,450.9642217159271,158655.0944940104
3863,451.09884214401245,158646.31453416488
3864,451.24627804756165,158634.86970525165
3865,451.41064715385437,158632.0588349043
3866,451.55895948410034,158625.09384019652
3867,451.71486020088196,158621.37389806987
3868,451.8826630115509,158617.47038633638
3869,452.0489842891693,158611.58460531823
3870,452.1229429244995,158606.80971263343
3871,452.24790501594543,158604.46118842848
3872,452.36830592155457,158601.07180048732
3873,452.4965600967407,158596.11270707648
3874,452.6515371799469,158592.26096435892
3875,452.72536158561707,158587.51125560366
3876,452.7824547290802,158586.2135190635
3877,452.85337567329407,158582.12035682946
3878,452.9122211933136,158576.3374361801
3879,452.98010301589966,158569.85432976257
3880,453.05159544944763,158567.33035422492
3881,453.1888928413391,158558.48463591418
3882,453.33571100234985,158550.13783185568
3883,453.5140826702118,158548.94357907877
3884,453.63403940200806,158546.76242377062
3885,453.70991039276123,158543.13481031853
3886,453.7713146209717,158543.00773992098
3887,453.8350260257721,158539.43435900318
3888,453.8977575302124,158533.42835502897
3889,453.9558427333832,158526.12454199276
3890,454.1669783592224,158522.0472986785
3891,454.31403851509094,158514.78329479077
3892,454.4640543460846,158506.44068257784
3893,454.63220167160034,158504.66942852037
3894,454.7422869205475,158502.69568730556
3895,454.86726546287537,158499.0368952229
3896,455.0096652507782,158496.3081742429
3897,455.14344453811646,158490.39698226555
3898,455.20279121398926,158489.5767010531
3899,455.25639367103577,158485.62460289703
3900,455.3254096508026,158479.36489806513
3901,455.4056725502014,158472.49172415005
3902,455.4744338989258,158468.7423540945
3903,455.5328640937805,158460.96370784688
3904,455.5909299850464,158452.87884995682
3905,455.6563096046448,158451.45933675993
3906,455.71737480163574,158449.35662906256
3907,455.7767481803894,158445.74103362096
3908,455.90843081474304,158445.1506543435
3909,455.96329140663147,158441.70111613488
3910,456.0639705657959,158435.913582477
3911,456.16375708580017,158429.78402479424
3912,456.2247669696808,158429.51866038723
3913,456.282514333725,158425.44992462653
3914,456.3374960422516,158420.09242556852
3915,456.4703838825226,158415.3829257205
3916,456.58420968055725,158414.56346181472
3917,456.6404159069061,158410.43883970348
3918,456.7008857727051,158404.87463899277
3919,456.7609634399414,158399.06735939166
3920,456.8251848220825,158396.0425946355
3921,456.8811447620392,158391.8172980217
3922,456.937885761261,158388.29642848068
3923,457.038925409317,158381.7479459484
3924,457.1058282852173,158375.34808267467
3925,457.2094759941101,158373.29600289953
3926,457.2656877040863,158371.0120205911
3927,457.4142553806305,158367.397716645
3928,457.5652348995209,158366.90742591003
3929,457.66593503952026,158363.16746718512
3930,457.7220857143402,158357.47912490746
3931,457.78280425071716,158350.58637646254
3932,457.8482086658478,158343.86059787817
3933,457.9796254634857,158341.1825388992
3934,458.1203439235687,158332.1956575516
3935,458.26963090896606,158323.22490533016
3936,458.46807885169983,158321.51215113362
3937,458.5907735824585,158319.20357371753
3938,458.7335903644562,158315.42290766368
3939,458.89330077171326,158314.77434437737
3940,459.01403880119324,158311.14178653236
3941,459.14417839050293,158305.3166997541
3942,459.29438161849976,158298.58749762084
3943,459.5243282318115,158294.86770503453
3944,459.6608233451843,158287.9178404559
3945,459.7919042110443,158282.08322489323
3946,459.94733214378357,158276.7148961405
3947,460.0985414981842,158276.35880960344
3948,460.2097942829132,158272.26808289962
3949,460.31403517723083,158266.6416585578
3950,460.4667966365814,158260.88930933364
3951,460.5311486721039,158259.506244329
3952,460.65598464012146,158257.30266199037
3953,460.785804271698,158253.7418438428
3954,460.96630454063416,158253.05341375942
3955,461.07331371307373,158250.7534959736
3956,461.1996133327484,158247.26236792345
3957,461.3542983531952,158247.07224296464
3958,461.47056460380554,158243.50296775126
3959,461.61313819885254,158237.5453662707
3960,461.70509934425354,158231.52096870684
3961,461.773889541626,158230.3059616137
3962,461.8323357105255,158226.38333025546
3963,461.8916652202606,158221.32794411684
3964,461.9633309841156,158217.39329484582
3965,462.0217185020447,158215.27171797192
3966,462.11413073539734,158211.27110393374
3967,462.1751880645752,158206.27135396167
3968,462.2343285083771,158201.35990505404
3969,462.2905569076538,158199.67304752878
3970,462.34562039375305,158195.86819626708
3971,462.4082169532776,158190.44019497983
3972,462.46682810783386,158184.6672162349
3973,462.5253555774689,158183.4942086823
3974,462.58028197288513,158179.39827097222
3975,462.65623903274536,158174.40991010587
3976,462.7494320869446,158169.25833397295
3977,462.91159415245056,158168.73313244578
3978,462.9868586063385,158164.8837052033
3979,463.11144042015076,158159.05995287144
3980,463.21633768081665,158153.79319983537
3981,463.35276198387146,158153.56351030417
3982,463.46885347366333,158149.3888798174
3983,463.5949332714081,158143.71451411457
3984,463.7405140399933,158137.5323049835
3985,463.9835901260376,158128.83397285626
3986,464.1650185585022,158124.48902879364
3987,464.2986981868744,158115.2545076463
3988,464.43311405181885,158109.77329303173
3989,464.58853673934937,158108.89793673146
3990,464.6968424320221,158105.3161155713
3991,464.81616711616516,158099.76089251935
3992,464.9740459918976,158093.164500006
3993,465.11055636405945,158087.5135814388
3994,465.1722490787506,158085.86274020563
3995,465.23030948638916,158078.16406883538
3996,465.2849454879761,158072.3020056788
3997,465.34015369415283,158068.33661136776
3998,465.4145839214325,158061.71807781985
3999,465.47292947769165,158058.9602731308
4000,465.5249662399292,158056.58676213794
4001,465.57945728302,158052.68434208972
4002,465.6406433582306,158050.1825884169
4003,465.69540071487427,158042.34746097375
4004,465.7817392349243,158039.9090287334
4005,465.8413062095642,158037.9608211256
4006,465.89889693260193,158034.3478570347
4007,465.95934104919434,158029.69227363783
4008,466.10673451423645,158023.7054612349
4009,466.28003454208374,158021.78535915344
4010,466.3340513706207,158019.67885358707
4011,466.3902835845947,158016.25367068488
4012,466.450608253479,158015.3813969127
4013,466.5053858757019,158013.25905669667
4014,466.5640652179718,158009.78118795555
4015,466.63249349594116,158008.86472706666
4016,466.68690609931946,158006.72529406898
4017,466.7852053642273,158003.27034339536
4018,466.95739912986755,158002.45449678303
4019,467.0708646774292,158000.30771664847
4020,467.19952178001404,157996.95570606738
4021,467.3309600353241,157996.14272505944
4022,467.4526152610779,157993.95537201755
4023,467.5796048641205,157990.6332622393
4024,467.7417879104614,157990.1564845681
4025,467.8533465862274,157989.44803861264
4026,467.9625325202942,157988.29450437624
4027,468.07300662994385,157986.49620653538
4028,468.2013177871704,157983.6119360692
4029,468.34978008270264,157979.01015037575
4030,468.49381947517395,157976.06802220357
4031,468.6108455657959,157972.19975654516
4032,468.7114679813385,157968.11129945182
4033,468.8403551578522,157967.21433895192
4034,468.950471162796,157965.54880875332
4035,469.07260370254517,157963.26183379334
4036,469.24792313575745,157959.7810558968
4037,469.4111018180847,157959.20413728143
4038,469.52869296073914,157956.87839221535
4039,469.6562530994415,157953.46146690423
4040,469.7907054424286,157953.13395718476
4041,469.9136803150177,157949.41676003012
4042,470.04619574546814,157943.7143905391
4043,470.18313574790955,157937.2772492919
4044,470.4064450263977,157928.06945932767
4045,470.5674378871918,157920.30994113692
4046,470.63203144073486,157903.20515448763
4047,470.6968922615051,157898.10347406837
4048,470.74930572509766,157891.77721487277
4049,470.8078079223633,157886.66100994535
4050,470.9641954898834,157883.27182133502
4051,471.12664437294006,157876.93763205298
4052,471.20512437820435,157874.391228601
4053,471.2588520050049,157872.260676387
4054,471.3096923828125,157868.62414898962
4055,471.36039423942566,157867.38488238963
4056,471.40984630584717,157863.51297467318
4057,471.46201968193054,157858.69565681147
4058,471.5151023864746,157856.01850947124
4059,471.5675642490387,157850.20636796448
4060,471.6201424598694,157845.55258530876
4061,471.68033146858215,157843.06468367993
4062,471.7776427268982,157839.28182775213
4063,471.925000667572,157833.63319758687
4064,472.0458447933197,157827.35391077225
4065,472.11754846572876,157822.35967919216
4066,472.18050265312195,157812.8225918354
4067,472.2957558631897,157805.7904783032
4068,472.41524267196655,157800.50507651447
4069,472.48220682144165,157794.02938576802
4070,472.5537676811218,157792.7575608804
4071,472.6694016456604,157791.10014095038
4072,472.74146151542664,157788.79283031134
4073,472.7984311580658,157785.26144120118
4074,472.87704157829285,157784.57289781797
4075,472.93555998802185,157780.8578914651
4076,473.0182132720947,157775.2488415372
4077,473.0770671367645,157768.77568203895
4078,473.142600774765,157760.80912931892
4079,473.2091031074524,157754.9938762159
4080,473.2661826610565,157750.6027939187
4081,473.323038816452,157748.7891963649
4082,473.3825912475586,157745.32416961406
4083,473.43936419487,157742.59656345742
4084,473.4959855079651,157741.945103309
4085,473.54674911499023,157740.2817146348
4086,473.59898805618286,157737.69970298454
4087,473.65255904197693,157734.2779398393
4088,473.7079646587372,157733.73883605812
4089,473.7618339061737,157733.0350744632
4090,473.8208131790161,157731.88293114305
4091,473.8789176940918,157730.06942537843
4092,473.95091557502747,157726.69077639992
4093,474.0056369304657,157721.72910068693
4094,474.09274792671204,157717.56489591574
4095,474.2446177005768,157709.69528566362
4096,474.3159074783325,157708.14326807612
4097,474.37058115005493,157706.04985785353
4098,474.4473352432251,157702.52181518447
4099,474.5606315135956,157702.37635440993
4100,474.68240427970886,157698.61070460398
4101,474.75961804389954,157692.99585536143
4102,474.89531540870667,157687.1323810977
4103,475.0269501209259,157684.82957611853
4104,475.1492750644684,157681.03952384455
4105,475.25365018844604,157676.56765740537
4106,475.3668384552002,157672.0516632515
4107,475.5450758934021,157668.41643952447
4108,475.703510761261,157663.5141027356
4109,475.92562770843506,157662.8110525177
4110,476.0919306278229,157658.35720678623
4111,476.2246513366699,157652.66499910163
4112,476.35363507270813,157646.1190203245
4113,476.61014223098755,157645.22413189386
4114,476.7362060546875,157644.26611503804
4115,476.85247111320496,157642.47307310512
4116,476.98431515693665,157639.26344890305
4117,477.1418902873993,157632.93732268334
4118,477.206711769104,157621.52725989016
4119,477.2714891433716,157617.10039245445
4120,477.3212094306946,157613.81654173642
4121,477.3727779388428,157612.98246512568
4122,477.42274141311646,157612.0515438305
4123,477.47117280960083,157610.25092762298
4124,477.52064037323,157606.7404776245
4125,477.5785810947418,157600.40984513055
4126,477.65179562568665,157587.86285353047
4127,477.7258949279785,157578.41271798257
4128,477.9004864692688,157573.3264419338
4129,477.96143317222595,157551.83973032536
4130,478.0219326019287,157538.7352762685
4131,478.09011149406433,157534.49776373032
4132,478.1439173221588,157529.8072041847
4133,478.2385461330414,157526.21156738093
4134,478.29665541648865,157517.18625304228
4135,478.36393761634827,157514.55107825642
4136,478.4353892803192,157506.83467700897
4137,478.4921052455902,157497.99833804258
4138,478.5567727088928,157496.76067575408
4139,478.6102545261383,157494.52471081653
4140,478.67924213409424,157490.8995968223
4141,478.7699818611145,157489.45453886865
4142,478.8891348838806,157485.97157566296
4143,479.0062065124512,157480.57998605937
4144,479.1547529697418,157475.15932663705
4145,479.31612849235535,157471.56319985277
4146,479.45877146720886,157468.06552901815
4147,479.60409021377563,157462.39838321845
4148,479.75492215156555,157458.129224859
4149,479.8969714641571,157454.02739505132
4150,480.0553231239319,157448.1265915503
4151,480.165358543396,157442.92854726894
4152,480.27930784225464,157440.15508507742
4153,480.364205121994,157437.25714626967
4154,480.4458510875702,157434.41238993563
4155,480.5433259010315,157431.20908052137
4156,480.69827938079834,157430.36038735227
4157,480.80376982688904,157429.42570477014
4158,480.9148530960083,157427.62087399844
4159,481.040739774704,157424.1422080235
4160,481.1401467323303,157417.7680302086
4161,481.23717641830444,157405.2585068525
4162,481.3102641105652,157398.72229193934
4163,481.37137961387634,157382.0546136262
4164,481.42762184143066,157372.4606704119
4165,481.48642659187317,157372.04137832456
4166,481.5416238307953,157367.5490652731
4167,481.5974130630493,157362.30295689314
4168,481.6594090461731,157355.81019250146
4169,481.727294921875,157355.01973678241
4170,481.7868971824646,157345.70405762378
4171,481.84040927886963,157336.83570896715
4172,481.9048557281494,157335.43344078498
4173,481.9586036205292,157333.4624915005
4174,482.0962965488434,157329.89282877045
4175,482.2738764286041,157327.13582157352
4176,482.36376428604126,157321.8761732769
4177,482.41422748565674,157318.8722981463
4178,482.46311378479004,157312.05517558334
4179,482.51514196395874,157309.1111469379
4180,482.56715273857117,157303.2805626108
4181,482.62413573265076,157302.45451522977
4182,482.6769416332245,157298.32115798304
4183,482.80672454833984,157292.84854055257
4184,482.87085938453674,157286.54017833152
4185,482.9561047554016,157285.51943539505
4186,483.0191140174866,157283.86365376724
4187,483.07347416877747,157281.45176752808
4188,483.1317081451416,157277.99837639122
4189,483.1901800632477,157276.13157446578
4190,483.25501108169556,157272.60736709717
4191,483.3164987564087,157267.66255096186
4192,483.3750698566437,157261.7503292997
4193,483.5942711830139,157254.338330288
4194,483.8020570278168,157248.19423797444
4195,483.96656012535095,157243.95582072146
4196,484.1346004009247,157241.33190231968
4197,484.2916672229767,157236.91263405714
4198,484.3516013622284,157235.4646908512
4199,484.4050600528717,157231.33375331215
4200,484.460444688797,157225.77031070337
4201,484.5152361392975,157218.86575061292
4202,484.61400175094604,157217.02770760795
4203,484.66933155059814,157213.2045206534
4204,484.7698493003845,157210.51925818558
4205,484.8330223560333,157205.31707479956
4206,484.89549255371094,157199.91038017726
4207,485.04852294921875,157196.37507735603
4208,485.18493127822876,157194.26216830403
4209,485.28429222106934,157190.35123639746
4210,485.33869910240173,157185.27132399817
4211,485.3942952156067,157180.8995686632
4212,485.45177125930786,157179.64920519217
4213,485.50063943862915,157176.024678901
4214,485.55339074134827,157171.4024888545
4215,485.60466051101685,157170.19968523236
4216,485.65349078178406,157166.1887482915
4217,485.71030020713806,157162.21901499663
4218,485.8334047794342,157159.07170019302
4219,485.95733284950256,157157.99305396932
4220,486.0603621006012,157156.44447262617
4221,486.17235350608826,157154.2338750783
4222,486.2985243797302,157150.82865769617
4223,486.4451515674591,157150.5556515882
4224,486.5518624782562,157146.3744630519
4225,486.6792356967926,157141.33587887028
4226,486.8195881843567,157136.28271414983
4227,486.9805998802185,157132.37569548073
4228,487.14212942123413,157126.65918514074
4229,487.286812543869,157121.77813841787
4230,487.44995498657227,157121.35152699528
4231,487.5761549472809,157117.32019670005
4232,487.680784702301,157111.6976445752
4233,487.732861995697,157106.92569949938
4234,487.79730772972107,157104.24499525968
4235,487.8731119632721,157100.71738821975
4236,487.9395434856415,157099.78970960458
4237,487.99425506591797,157097.70316397393
4238,488.05227184295654,157094.38667891314
4239,488.1095395088196,157094.34363861074
4240,488.1637532711029,157090.1585650436
4241,488.22271394729614,157085.5787920661
4242,488.2832410335541,157081.00918194096
4243,488.37679743766785,157079.16126807706
4244,488.4430003166199,157075.2149068264
4245,488.497540473938,157070.66756280832
4246,488.55920362472534,157065.4492721806
4247,488.622447013855,157063.48449286577
4248,488.67736649513245,157059.73288594512
4249,488.74470376968384,157055.06195842594
4250,488.8026421070099,157050.3301513646
4251,488.8587007522583,157048.5968045583
4252,488.9145886898041,157044.5431848357
4253,488.969868183136,157039.88949559032
4254,489.04905581474304,157033.76186920216
4255,489.1959571838379,157023.86290731013
4256,489.2813775539398,157020.08638302123
4257,489.3411741256714,157016.3730671583
4258,489.4010684490204,157015.62030950456
4259,489.4590060710907,157011.62972719767
4260,489.50755858421326,157006.70537905043
4261,489.5704197883606,157001.96945232508
4262,489.6326894760132,156997.8523038838
4263,489.68596959114075,156996.86503338438
4264,489.73493790626526,156993.08355597744
4265,489.8037853240967,156987.5104914655
4266,489.9293055534363,156984.0196997349
4267,489.99106764793396,156980.875874324
4268,490.04856610298157,156976.86349816964
4269,490.10932207107544,156972.6987638866
4270,490.1674373149872,156967.99875389118
4271,490.23135638237,156967.27272808636
4272,490.28463554382324,156963.01462393353
4273,490.3426866531372,156957.54618037958
4274,490.4371898174286,156951.10046321477
4275,490.58898162841797,156950.10947482847
4276,490.7096788883209,156949.18991203603
4277,490.8273866176605,156947.41954334258
4278,490.9534146785736,156943.99771610647
4279,491.105605840683,156937.65906061482
4280,491.390638589859,156926.26231338704
4281,491.5066885948181,156921.94859397717
4282,491.559077501297,156918.74044740258
4283,491.63814759254456,156918.39512172772
4284,491.69357323646545,156916.61344087182
4285,491.75795125961304,156914.18434546696
4286,491.816933631897,156910.84588334098
4287,491.8754014968872,156910.63822083647
4288,491.9821078777313,156906.4535860349
4289,492.0368700027466,156901.459049898
4290,492.08775424957275,156897.81988787168
4291,492.13966250419617,156891.8548492846
4292,492.2001461982727,156889.2499166393
4293,492.25810074806213,156885.86825800236
4294,492.3310832977295,156880.99280294584
4295,492.39515471458435,156877.20524502994
4296,492.5132157802582,156870.56647060663
4297,492.62961864471436,156867.93751664052
4298,492.8167712688446,156860.27118846212
4299,492.97842025756836,156857.86691343295
4300,493.0292344093323,156855.8141342956
4301,493.0844295024872,156852.3102507869
4302,493.1440169811249,156848.5067856389
4303,493.2014310359955,156843.61517127862
4304,493.2628893852234,156841.03190807105
4305,493.3302803039551,156838.56560330844
4306,493.3993465900421,156835.4977007346
4307,493.47199630737305,156834.49845596298
4308,493.53486680984497,156832.5733090568
4309,493.5936167240143,156829.30983347876
4310,493.65220308303833,156828.38489975146
4311,493.7060356140137,156824.3070383087
4312,493.8345527648926,156820.26973542216
4313,493.9480049610138,156815.6482276271
4314,494.10908460617065,156813.50903486589
4315,494.1897807121277,156809.55491909725
4316,494.2424337863922,156805.12135015163
4317,494.3417775630951,156802.26443003686
4318,494.4262433052063,156799.18459100675
4319,494.47625494003296,156797.71276915874
4320,494.52857184410095,156793.85659042557
4321,494.6112506389618,156791.02986390982
4322,494.68746876716614,156789.828354813
4323,494.75602626800537,156788.19018863648
4324,494.82626724243164,156786.00362809678
4325,494.89260721206665,156782.6961156518
4326,494.9913651943207,156781.8618654634
4327,495.0611732006073,156779.7589631936
4328,495.1221082210541,156776.43920648933
4329,495.18801951408386,156775.32257525017
4330,495.2576525211334,156771.27030224036
4331,495.33866596221924,156766.97162858772
4332,495.41097617149353,156762.39043181302
4333,495.47955560684204,156760.13562778762
4334,495.5538320541382,156756.17995624617
4335,495.62029457092285,156751.9214269992
4336,495.671692609787,156749.01799863926
4337,495.73067474365234,156744.45155530874
4338,495.78754234313965,156744.18482436048
4339,495.8409686088562,156739.69016309283
4340,495.94678497314453,156734.53404069165
4341,496.0383200645447,156727.78732257787
4342,496.29446053504944,156722.8581528443
4343,496.42500925064087,156715.7605136935
4344,496.6048958301544,156704.7826708925
4345,496.7919030189514,156698.28396988058
4346,496.9006667137146,156693.54357279366
4347,497.00111842155457,156690.0663713987
4348,497.0596787929535,156683.07911033032
4349,497.22976636886597,156677.2848679889
4350,497.3520791530609,156674.46973418986
4351,497.41140842437744,156672.48967819108
4352,497.47711634635925,156668.9117472404
4353,497.54144954681396,156663.53116794873
4354,497.60434341430664,156659.63873953637
4355,497.6674404144287,156659.60074601223
4356,497.7276282310486,156655.6313850286
4357,497.7996406555176,156650.02669378478
4358,497.9730567932129,156644.90026730514
4359,498.16191363334656,156642.71907770142
4360,498.297660112381,156639.61554361554
4361,498.4354281425476,156634.65549045126
4362,498.59493374824524,156631.3134462522
4363,498.76026153564453,156628.7582617637
4364,498.9133701324463,156625.17479112805
4365,499.03285813331604,156620.39566513398
4366,499.1635422706604,156617.41234146347
4367,499.33316588401794,156615.99261978106
4368,499.47345089912415,156612.1825023018
4369,499.58299565315247,156606.86541516418
4370,499.71638441085815,156602.30240162736
4371,499.8679597377777,156600.6679929254
4372,499.96222281455994,156597.45139084206
4373,500.14623975753784,156592.59815665608
4374,500.36146426200867,156589.95893386815
4375,500.60104417800903,156588.85648185067
4376,500.7236828804016,156584.7654681285
4377,500.80272793769836,156579.11150140216
4378,500.95948123931885,156572.30162241327
4379,501.13871026039124,156571.20418145234
4380,501.194669008255,156565.15570981905
4381,501.2564330101013,156559.6718105735
4382,501.315034866333,156555.04901555102
4383,501.4611065387726,156548.05158140266
4384,501.6025218963623,156546.16167856732
4385,501.72530937194824,156542.02369263367
4386,501.8628873825073,156537.35985975596
4387,501.9688913822174,156532.1780816817
4388,502.03007197380066,156528.15520219863
4389,502.0854277610779,156524.0099498589
4390,502.14404821395874,156520.54298541578
4391,502.20974135398865,156516.39409874365
4392,502.2871208190918,156510.460065307
4393,502.35000348091125,156507.57070449452
4394,502.43016934394836,156504.52572388
4395,502.4884350299835,156500.36785726677
4396,502.55726742744446,156498.51344830156
4397,502.6269898414612,156494.5909301124
4398,502.6827778816223,156492.7752230074
4399,502.81899857521057,156489.0465452926
4400,502.94405794143677,156486.50369182165
4401,503.0623571872711,156484.8133254549
4402,503.12388730049133,156481.74834877276
4403,503.25161600112915,156478.14160169187
4404,503.3828423023224,156476.58637704092
4405,503.50889897346497,156472.64953647013
4406,503.6375963687897,156470.79257990516
4407,503.68990659713745,156467.08407160259
4408,503.74324917793274,156465.6282000282
4409,503.7973098754883,156461.62454867916
4410,503.9491136074066,156459.66754550557
4411,504.0907459259033,156456.04645477358
4412,504.3360319137573,156454.74605475384
4413,504.4703631401062,156450.62719766473
4414,504.61826825141907,156448.38989000354
4415,504.75474858283997,156445.02198398954
4416,504.89398884773254,156444.48563289468
4417,505.01619243621826,156442.81617220512
4418,505.13480162620544,156440.51109456125
4419,505.26494312286377,156437.23026456812
4420,505.4333567619324,156436.2125476205
4421,505.550333738327,156434.26377978738
4422,505.6798551082611,156431.03162216433
4423,505.80314326286316,156429.932999333
4424,505.9238486289978,156425.8366424381
4425,506.0500457286835,156422.03395415383
4426,506.18425822257996,156418.96108814442
4427,506.2465572357178,156417.97602131622
4428,506.34812355041504,156416.44674535154
4429,506.47093176841736,156414.27160144813
4430,506.5999598503113,156410.9363976274
4431,506.7439501285553,156410.836482083
4432,506.8318212032318,156406.60263987002
4433,506.886527299881,156401.6365912586
4434,507.0265326499939,156397.27787028978
4435,507.12711572647095,156391.65441275414
4436,507.19018840789795,156387.23697037954
4437,507.2519450187683,156382.41206469445
4438,507.3201277256012,156378.69191698424
4439,507.4726564884186,156373.8880120527
4440,507.62721514701843,156368.77033628768
4441,507.77977871894836,156365.47560912347
4442,507.9352071285248,156361.36742096228
4443,508.0632541179657,156355.08125576057
4444,508.1224935054779,156353.6044764393
4445,508.18195390701294,156350.08005916048
4446,508.2367079257965,156345.322190219
4447,508.29754161834717,156340.8999158025
4448,508.3587431907654,156339.22581377876
4449,508.4137213230133,156335.68402052627
4450,508.46886682510376,156331.02848745123
4451,508.53010296821594,156326.62640302134
4452,508.60132479667664,156326.17240119888
4453,508.69840574264526,156322.66727758117
4454,508.7544209957123,156317.50425261015
4455,508.81506729125977,156312.33173574592
4456,508.87202048301697,156309.81445968972
4457,508.93085956573486,156306.72450512974
4458,508.9939429759979,156302.2835111022
4459,509.08275985717773,156299.234073281
4460,509.14093017578125,156297.32244007834
4461,509.26204562187195,156293.69388790114
4462,509.3864207267761,156288.58110779096
4463,509.5417745113373,156281.78336084366
4464,509.6919231414795,156279.61253200297
4465,509.75035071372986,156277.59005611134
4466,509.81299781799316,156273.67397570898
4467,509.8695921897888,156271.84869270975
4468,509.92766761779785,156268.0815001145
4469,510.0650749206543,156265.9639189413
4470,510.19395542144775,156262.63541011297
4471,510.3329141139984,156260.84801372187
4472,510.4569728374481,156258.25595841918
4473,510.6044406890869,156255.04050952924
4474,510.73329162597656,156251.82882418734
4475,510.87017011642456,156250.48804857803
4476,511.002947807312,156246.4491452892
4477,511.15312361717224,156245.03194486894
4478,511.2893714904785,156241.03443514215
4479,511.44040083885193,156239.46275169615
4480,511.5799388885498,156235.92980007952
4481,511.7318251132965,156233.18627852682
4482,511.85488867759705,156230.84380689936
4483,511.9562132358551,156228.74647279741
4484,512.081057548523,156224.86507311932
4485,512.140200138092,156222.68125410588
4486,512.2031350135803,156219.26675990567
4487,512.2790565490723,156217.740421439
4488,512.4084208011627,156213.79392275517
4489,512.532007932663,156210.3255206222
4490,512.6004483699799,156204.1109892687
4491,512.6635513305664,156203.9158956746
4492,512.7269632816315,156200.01549198516
4493,512.8746433258057,156194.8802884185
4494,513.0268290042877,156191.29035666032
4495,513.1838979721069,156188.2799194145
4496,513.3008570671082,156184.8326536846
4497,513.3710029125214,156180.43290347024
4498,513.4276859760284,156176.11789483973
4499,513.4837853908539,156174.58141634188
4500,513.535567522049,156171.0631367479
4501,513.6236991882324,156166.30333481485
4502,513.7726485729218,156163.8625932671
4503,513.93577003479,156158.98259812884
4504,514.0554311275482,156154.0922827033
4505,514.1506736278534,156148.6971237241
4506,514.2195930480957,156146.54107613946
4507,514.2836089134216,156142.74960820892
4508,514.3535747528076,156138.662154323
4509,514.4332101345062,156135.8463255706
4510,514.4963624477386,156132.81289934012
4511,514.5575633049011,156131.57789361462
4512,514.6131196022034,156127.446138105
4513,514.6774015426636,156123.72496276404
4514,514.7348341941833,156117.61174329586
4515,514.8017907142639,156115.41571321385
4516,514.8548164367676,156113.40571872104
4517,514.91259598732,156109.99775362716
4518,514.9743444919586,156106.01078573844
4519,515.0339000225067,156101.81358022755
4520,515.1867213249207,156100.6396322194
4521,515.2824370861053,156096.54677579176
4522,515.3914415836334,156091.56057722855
4523,515.558431148529,156085.35271707404
4524,515.8543002605438,156083.8214502166
4525,515.9853937625885,156079.82909335103
4526,516.136248588562,156075.2111542395
4527,516.3023502826691,156074.87242593578
4528,516.424971818924,156070.4496588357
4529,516.5587546825409,156065.5050574935
4530,516.7345883846283,156060.32694633983
4531,516.8556473255157,156058.1787842682
4532,516.9818930625916,156054.40382395353
4533,517.0936195850372,156050.03700267937
4534,517.2184600830078,156044.12514325447
4535,517.4337890148163,156041.30836540987
4536,517.5758996009827,156034.1035076139
4537,517.675146818161,156029.37017436212
4538,517.8263955116272,156025.4892947554
4539,517.9528698921204,156019.26611761915
4540,518.0935332775116,156019.11735752877
4541,518.2036390304565,156014.9963528458
4542,518.3234248161316,156009.65054965334
4543,518.485458612442,156003.4719477181
4544,518.7169933319092,156001.12966480563
4545,518.8477530479431,155997.56703079364
4546,518.9772672653198,155995.47303739417
4547,519.1090884208679,155990.60552961062
4548,519.242707490921,155985.0974343227
4549,519.3740589618683,155982.9828551985
4550,519.4658641815186,155979.56437475226
4551,519.5942561626434,155974.88767818926
4552,519.7411198616028,155971.11710362736
4553,519.9113140106201,155968.14742915222
4554,520.0672223567963,155962.90295863934
4555,520.2334327697754,155958.55217076108
4556,520.3726799488068,155955.32072800957
4557,520.4861445426941,155952.03894527134
4558,520.618349313736,155948.05570152408
4559,520.7681841850281,155946.11122329082
4560,520.9280633926392,155942.30441007047
4561,521.0577726364136,155940.35280043955
4562,521.1486780643463,155936.98873157066
4563,521.2283012866974,155934.28357789747
4564,521.2980086803436,155931.80701630114
4565,521.4258649349213,155929.36301180226
4566,521.5001921653748,155925.79862423593
4567,521.6305894851685,155923.5800311521
4568,521.7662937641144,155920.19118745887
4569,521.8842821121216,155918.21204961036
4570,522.0123896598816,155914.68754300813
4571,522.143018245697,155913.31453128904
4572,522.2682843208313,155909.32594246333
4573,522.3954336643219,155907.15351264004
4574,522.4999077320099,155904.18582686494
4575,522.581013917923,155901.78845184928
4576,522.6632270812988,155898.46824625152
4577,522.7737581729889,155896.46483372911
4578,522.8826773166656,155893.81165715118
4579,522.9914584159851,155890.8801403892
4580,523.1254148483276,155887.6214886879
4581,523.2521500587463,155885.9891536444
4582,523.3828911781311,155882.2336041862
4583,523.5173287391663,155880.77691473032
4584,523.6503722667694,155876.880838003
4585,523.7781445980072,155875.08809608207
4586,523.9159047603607,155871.7695648947
4587,524.0466854572296,155869.20830044406
4588,524.1927239894867,155866.317214159
4589,524.3051300048828,155864.51987458003
4590,524.4216866493225,155860.99110862802
4591,524.5382287502289,155858.45714843072
4592,524.6622569561005,155855.99728621318
4593,524.735595703125,155853.80569394294
4594,524.8299422264099,155850.08777349218
4595,524.9594004154205,155848.01163505958
4596,525.0924119949341,155844.59094487817
4597,525.1999757289886,155843.20931172694
4598,525.3073928356171,155839.2683688363
4599,525.4458620548248,155836.99200973206
4600,525.5754115581512,155833.7756427205
4601,525.7133326530457,155833.10196407
4602,525.8256039619446,155831.48858548675
4603,525.8802771568298,155829.262310322
4604,525.9374213218689,155825.9495941774
4605,525.9968976974487,155824.88854443026
4606,526.049458026886,155820.77599791545
4607,526.1029191017151,155816.55944438462
4608,526.1574354171753,155814.6243408379
4609,526.2158665657043,155811.46437762506
4610,526.3128247261047,155809.28615879995
4611,526.4283878803253,155805.60541916953
4612,526.4850330352783,155803.9150924006
4613,526.5371854305267,155800.54257812293
4614,526.5905945301056,155798.14635794135
4615,526.6447515487671,155794.7849913152
4616,526.701827287674,155793.2367977891
4617,526.7548749446869,155790.08947440618
4618,526.8078999519348,155787.10447467852
4619,526.8856790065765,155783.97393746872
4620,526.9483830928802,155782.55710271143
4621,527.0023672580719,155778.5192447045
4622,527.085718870163,155775.17807766597
4623,527.1538181304932,155769.5375985187
4624,527.2248952388763,155767.10631723216
4625,527.3447742462158,155764.9914964261
4626,527.5555429458618,155761.56156289432
4627,527.7245457172394,155757.31916328633
4628,527.8752131462097,155752.3103165906
4629,528.0370557308197,155750.56498319982
4630,528.1631410121918,155746.65799500092
4631,528.3096673488617,155741.9972939755
4632,528.476236820221,155735.57445872048
4633,528.7458295822144,155734.32091147816
4634,528.8873958587646,155728.0936391229
4635,529.0300705432892,155720.28211262685
4636,529.2242515087128,155717.92531293601
4637,529.3498487472534,155715.93680443926
4638,529.4874720573425,155712.31094789525
4639,529.6535081863403,155706.2993259949
4640,529.8925018310547,155698.1463000842
4641,530.1270241737366,155694.39963131168
4642,530.2748243808746,155686.9459977797
4643,530.4175269603729,155679.67985474283
4644,530.6063933372498,155677.32379403355
4645,530.7308969497681,155675.3576112192
4646,530.8665039539337,155671.76626251335
4647,531.041163444519,155666.26567180757
4648,531.2461128234863,155657.7441064343
4649,531.504590511322,155655.66580025275
4650,531.6534943580627,155647.38705736387
4651,531.7967367172241,155638.38194850105
4652,531.9868514537811,155636.80659530812
4653,532.1077687740326,155634.81400554004
4654,532.2314176559448,155631.4096988486
4655,532.4050405025482,155627.9965568855
4656,532.6064536571503,155622.9566118575
4657,532.7553584575653,155619.08123685772
4658,532.890260219574,155614.45043600933
4659,533.0142183303833,155611.19540905542
4660,533.15212225914,155605.86682564806
4661,533.225519657135,155599.99742453953
4662,533.3038046360016,155597.6412419073
4663,533.3787634372711,155595.74827119653
4664,533.5167665481567,155592.3010394116
4665,533.6806206703186,155585.83081738712
4666,533.8717558383942,155579.48506438127
4667,534.1225864887238,155573.46669135915
4668,534.2525174617767,155569.84263585764
4669,534.3894851207733,155567.03202263545
4670,534.5223119258881,155564.0479153253
4671,534.590166091919,155562.69237699112
4672,534.7277483940125,155558.74373123114
4673,534.7814984321594,155555.96702539298
4674,534.8557765483856,155553.0987314193
4675,534.9324595928192,155551.63607003534
4676,534.987957239151,155547.79017903263
4677,535.0496327877045,155545.7331220915
4678,535.1143050193787,155542.3548746672
4679,535.2035067081451,155540.76999108028
4680,535.3184897899628,155537.02315699437
4681,535.4054937362671,155534.51904876297
4682,535.4924545288086,155532.14977506854
4683,535.603330373764,155530.0440139993
4684,535.7181677818298,155526.31960535698
4685,535.8284614086151,155524.19462995965
4686,535.9439363479614,155520.88106128445
4687,536.0594818592072,155519.78078645005
4688,536.1659817695618,155515.66509581843
4689,536.2887675762177,155513.09803709085
4690,536.3931822776794,155510.32946536073
4691,536.5112411975861,155508.71078607973
4692,536.6394917964935,155505.020643221
4693,536.7665388584137,155502.45984534017
4694,536.8798403739929,155499.9574108209
4695,536.9868211746216,155498.1009083032
4696,537.1213448047638,155494.25881209876
4697,537.2370841503143,155491.92532409565
4698,537.2949929237366,155488.7627088369
4699,537.3503587245941,155487.67572405006
4700,537.4071624279022,155486.21179241993
4701,537.4636778831482,155484.1250062267
4702,537.5198111534119,155480.79117647724
4703,537.6495890617371,155478.95111015008
4704,537.7615928649902,155475.10833074254
4705,537.8969247341156,155471.36810803413
4706,538.0183193683624,155469.8793197482
4707,538.1345160007477,155466.10506016013
4708,538.2601592540741,155463.67540830697
4709,538.3864076137543,155460.8110259668
4710,538.5056405067444,155459.11660013947
4711,538.6242694854736,155455.1436686718
4712,538.7691740989685,155451.99295829487
4713,538.9193344116211,155445.81541977308
4714,539.072028875351,155445.31152728555
4715,539.1835703849792,155441.6124128167
4716,539.3121767044067,155436.70580730063
4717,539.5053851604462,155432.53749994008
4718,539.7033472061157,155429.4944496072
4719,539.9367768764496,155425.79643772022
4720,540.1048166751862,155417.15897949736
4721,540.2971978187561,155415.4127137892
4722,540.4367320537567,155413.58437579012
4723,540.5690937042236,155410.30335653585
4724,540.7384588718414,155405.80702758374
4725,540.9075450897217,155401.4323552571
4726,541.0668261051178,155396.63620906588
4727,541.2311100959778,155393.68111110787
4728,541.3619105815887,155390.35760119747
4729,541.4911904335022,155386.194976099
4730,541.6784789562225,155382.56938359074
4731,541.8410642147064,155376.87242946075
4732,542.0082302093506,155374.40765849923
4733,542.0991904735565,155371.12968090654
4734,542.1536543369293,155366.97394503697
4735,542.2130978107452,155363.1201928442
4736,542.277108669281,155357.79120605573
4737,542.3386979103088,155357.1408399967
4738,542.4432127475739,155353.2772861545
4739,542.5738108158112,155348.38043972666
4740,542.7475228309631,155342.61077203325
4741,543.0309400558472,155339.85564512288
4742,543.1850719451904,155336.14028844328
4743,543.357298374176,155329.95579436547
4744,543.4793634414673,155328.7617641719
4745,543.5408170223236,155321.48831318854
4746,543.6001031398773,155316.74269245504
4747,543.6686410903931,155311.98383958242
4748,543.7545471191406,155305.910252696
4749,543.8542377948761,155303.83088008105
4750,543.9873492717743,155301.68069952496
4751,544.0417549610138,155298.2021406377
4752,544.1058332920074,155294.28197559473
4753,544.1674928665161,155289.92929080484
4754,544.2256739139557,155288.35259774543
4755,544.3557329177856,155284.54179213988
4756,544.4874711036682,155279.6173753606
4757,544.6721112728119,155273.3800398398
4758,544.959187746048,155273.18114380742
4759,545.1072704792023,155265.83835582697
4760,545.2523283958435,155257.7097469055
4761,545.4508612155914,155255.45287563195
4762,545.5695126056671,155253.55108275008
4763,545.7026495933533,155250.0069742246
4764,545.8565516471863,155243.43721116497
4765,546.0479843616486,155236.31102278872
4766,546.289148569107,155231.20842184476
4767,546.4462804794312,155227.70889267727
4768,546.5880618095398,155225.62424942176
4769,546.6950490474701,155222.2554088464
4770,546.7987189292908,155219.7592265615
4771,546.8579082489014,155216.8860255423
4772,546.9201476573944,155214.68942691982
4773,546.9773473739624,155211.22329456208
4774,547.0312232971191,155209.13961817094
4775,547.1582798957825,155205.7608414133
4776,547.3022422790527,155203.75638033883
4777,547.437600851059,155200.3042424532
4778,547.5764365196228,155198.29400606733
4779,547.7089636325836,155194.8646813322
4780,547.8506355285645,155192.89477103666
4781,547.9829435348511,155189.42738860653
4782,548.0383036136627,155187.4908665239
4783,548.09938788414,155184.0165904058
4784,548.16388630867,155182.3670292618
4785,548.2232840061188,155178.66970329467
4786,548.2821741104126,155176.66084948703
4787,548.3408668041229,155173.23682435602
4788,548.3988058567047,155171.4663453213
4789,548.4572439193726,155168.25076758338
4790,548.5135226249695,155165.8109577849
4791,548.5692598819733,155162.51927358584
4792,548.6988260746002,155161.04347874393
4793,548.8132183551788,155157.2265566037
4794,548.9560077190399,155154.7122044002
4795,549.0834238529205,155151.65547343306
4796,549.1409847736359,155150.71042486976
4797,549.2128746509552,155149.23725865825
4798,549.2766644954681,155147.12914596824
4799,549.3371214866638,155143.8569999782
4800,549.3957674503326,155141.92152923672
4801,549.4522976875305,155133.46446071425
4802,549.52827501297,155131.74710956131
4803,549.5846855640411,155130.02825954242
4804,549.7182500362396,155126.85402648075
4805,549.8617687225342,155122.54844363258
4806,550.0215528011322,155119.09563654615
4807,550.0782237052917,155115.80969913834
4808,550.1387073993683,155111.99092303103
4809,550.2447502613068,155103.6905563562
4810,550.3089511394501,155101.94224218538
4811,550.3642194271088,155100.20455207257
4812,550.4995465278625,155096.80334340144
4813,550.6520805358887,155090.80694870348
4814,550.7317404747009,155084.7144479117
4815,550.8477551937103,155081.25596699456
4816,550.9152386188507,155073.45529848375
4817,550.9994053840637,155064.3417813161
4818,551.057904958725,155061.95396607762
4819,551.130512714386,155056.73166879677
4820,551.2851266860962,155051.66112114387
4821,551.4522054195404,155048.35320960934
4822,551.6391501426697,155044.94408119677
4823,551.8077704906464,155039.84550152716
4824,551.9951696395874,155035.88113240697
4825,552.150936126709,155031.49952317635
4826,552.2602257728577,155027.7243120927
4827,552.3739688396454,155023.8043376378
4828,552.5175271034241,155020.67619728108
4829,552.6331603527069,155017.41707172725
4830,552.7661552429199,155013.17303334817
4831,552.9112453460693,155006.74854146625
4832,553.2217016220093,155004.33821104656
4833,553.3944842815399,155000.9181586038
4834,553.542927980423,154998.30343228474
4835,553.6497700214386,154995.55171900778
4836,553.7048561573029,154993.0600936956
4837,553.7616970539093,154989.82583496574
4838,553.8228733539581,154987.50758684723
4839,553.8806099891663,154984.36163144844
4840,553.9392263889313,154982.1689278642
4841,554.0812323093414,154979.0521327172
4842,554.21804022789,154977.01384879948
4843,554.3608808517456,154973.99992138692
4844,554.5051095485687,154971.52054463964
4845,554.6421065330505,154968.4294139181
4846,554.7832539081573,154966.3494567507
4847,554.9231550693512,154963.33668158224
4848,555.0671615600586,154960.7535231612
4849,555.2080764770508,154957.89416490166
4850,555.3560626506805,154955.77017024887
4851,555.498304605484,154952.56013908048
4852,555.6313509941101,154950.2663555653
4853,555.7667274475098,154947.44379708442
4854,555.9091875553131,154945.1889961466
4855,556.0405061244965,154942.22923836688
4856,556.1883537769318,154939.85952713643
4857,556.3804395198822,154936.72871448353
4858,556.569751739502,154934.61111558176
4859,556.7012395858765,154931.61763509648
4860,556.8363156318665,154929.31670774744
4861,556.9585723876953,154926.13356749128
4862,557.0991113185883,154924.48748109728
4863,557.2360227108002,154920.91057430976
4864,557.3722431659698,154918.58544388553
4865,557.5007927417755,154916.0477852311
4866,557.6527717113495,154913.7302075054
4867,557.7883946895599,154910.35852157508
4868,557.9320743083954,154908.3904371625
4869,558.0660440921783,154905.27758632548
4870,558.2083320617676,154902.8858047262
4871,558.346444606781,154899.66217771964
4872,558.4923238754272,154897.81925536745
4873,558.6240885257721,154894.3599774943
4874,558.7750251293182,154892.1659395073
4875,558.910875082016,154888.95910039486
4876,559.1383512020111,154887.42957556213
4877,559.2594299316406,154883.7223081023
4878,559.3847484588623,154881.39161697455
4879,559.4368476867676,154878.42385095698
4880,559.497162103653,154876.62806509994
4881,559.5563583374023,154873.1790141736
4882,559.6219794750214,154870.78671929665
4883,559.6797904968262,154867.72559082028
4884,559.7967710494995,154866.0381081999
4885,559.8678364753723,154862.6996353628
4886,559.9304039478302,154860.11513479843
4887,560.0689888000488,154857.2772325268
4888,560.1995759010315,154855.54684371903
4889,560.2591595649719,154852.18282168976
4890,560.3178625106812,154849.72542221402
4891,560.375251531601,154846.84439824696
4892,560.4358108043671,154845.14109381186
4893,560.5066874027252,154841.91718122183
4894,560.5690083503723,154839.30679723754
4895,560.6296434402466,154836.61399252043
4896,560.6899263858795,154834.78118758625
4897,560.8034443855286,154831.12449336235
4898,560.9399037361145,154828.98177750106
4899,561.0725710391998,154825.76420772675
4900,561.1375303268433,154824.06091257182
4901,561.2025282382965,154820.46643340358
4902,561.2638597488403,154818.2748125128
4903,561.3758437633514,154815.16059230355
4904,561.435896396637,154813.4697300421
4905,561.4972927570343,154810.0634635159
4906,561.5819008350372,154807.72607943916
4907,561.6419615745544,154805.11455383414
4908,561.7788581848145,154803.11969812133
4909,561.9075617790222,154799.52914741964
4910,562.0654263496399,154797.56715641782
4911,562.2922475337982,154794.2503450908
4912,562.4516379833221,154792.41273527924
4913,562.5913381576538,154789.18820169737
4914,562.7713003158569,154786.9844919716
4915,562.9375703334808,154783.893616545
4916,563.1158039569855,154782.01707082873
4917,563.2649729251862,154778.82023552974
4918,563.3741564750671,154776.7151511068
4919,563.424393415451,154773.7179975785
4920,563.4775812625885,154771.99930732153
4921,563.5332272052765,154768.61343011772
4922,563.5911748409271,154766.6207511768
4923,563.6465573310852,154763.60030256427
4924,563.7078742980957,154761.5901122468
4925,563.7662222385406,154758.39227026084
4926,563.8267357349396,154756.3690203784
4927,563.8852200508118,154753.10196965374
4928,563.9425284862518,154751.13671475544
4929,563.9974353313446,154748.06863929855
4930,564.0571627616882,154746.02348640913
4931,564.1140966415405,154742.78040262684
4932,564.1761403083801,154740.9118675785
4933,564.2329528331757,154737.79931671228
4934,564.3828496932983,154735.60080755013
4935,564.4384717941284,154732.65627901326
4936,564.4947426319122,154730.69218628836
4937,564.558183670044,154727.21741012446
4938,564.6166524887085,154725.37626598016
4939,564.6794424057007,154722.03951317782
4940,564.7359235286713,154720.0755289951
4941,564.7948660850525,154717.26353513577
4942,564.8509199619293,154714.99682337235
4943,564.9088354110718,154711.6429653839
4944,565.0066466331482,154709.93590773735
4945,565.0694961547852,154706.34951393586
4946,565.1227188110352,154704.37089807706
4947,565.1840491294861,154701.06735118094
4948,565.242101430893,154699.4156694663
4949,565.2959935665131,154695.7888504712
4950,565.3498566150665,154693.88408722688
4951,565.4888205528259,154690.63889988136
4952,565.5619819164276,154688.8942402562
4953,565.6734874248505,154685.6643070413
4954,565.7985379695892,154683.40196111565
4955,565.92040848732,154680.4642149703
4956,566.0376224517822,154678.64653025143
4957,566.1651396751404,154675.0694487621
4958,566.2528398036957,154672.9697451394
4959,566.3096520900726,154670.14044326168
4960,566.3696575164795,154668.2581327799
4961,566.4974961280823,154664.65292139258
4962,566.6278555393219,154662.939798768
4963,566.760381937027,154659.3857432259
4964,566.9122323989868,154657.5558540079
4965,567.044668674469,154654.13395281427
4966,567.1838443279266,154652.26958901252
4967,567.3057768344879,154648.82892465763
4968,567.4363477230072,154647.03227978438
4969,567.5600545406342,154643.86845799122
4970,567.711375951767,154641.75009488786
4971,567.8470985889435,154638.86959942602
4972,567.9303023815155,154636.85137287818
4973,568.0059792995453,154633.60700415593
4974,568.0918536186218,154631.76813294477
4975,568.1481330394745,154628.41529898025
4976,568.2740964889526,154626.77940501733
4977,568.4054172039032,154623.19226879944
4978,568.5410649776459,154621.3559378373
4979,568.6770632266998,154618.0089060494
4980,568.8227641582489,154616.11335200584
4981,568.9605987071991,154612.7668527355
4982,569.1095266342163,154610.89920634244
4983,569.1669268608093,154607.56295393704
4984,569.3106489181519,154605.66622170902
4985,569.4424991607666,154602.8515392411
4986,569.5819842815399,154600.58540581842
4987,569.7227971553802,154597.29396665146
4988,569.8693764209747,154595.64144130904
4989,569.9929256439209,154592.07847453593
4990,570.1389091014862,154590.03837543126
4991,570.2796993255615,154586.88682807054
4992,570.4237186908722,154585.39068902674
4993,570.55992603302,154581.6600833048
4994,570.7085812091827,154579.6150322878
4995,570.8452022075653,154576.60746621207
4996,570.9135706424713,154574.81441842363
4997,570.9690687656403,154571.62966613472
4998,571.026273727417,154569.41265777705
4999,571.0956325531006,154566.25426233263
5000,571.1591310501099,154564.62694930713
5001,571.2250747680664,154561.26944841366
5002,571.2865107059479,154558.9425393132
5003,571.3691244125366,154556.15817063447
5004,571.4839618206024,154554.38118028519
5005,571.5530230998993,154550.76590808982
5006,571.6812291145325,154548.7668905454
5007,571.8142042160034,154545.70131059163
5008,571.959263086319,154543.82943954848
5009,572.0934891700745,154540.24657290312
5010,572.2413191795349,154538.3700417527
5011,572.4118497371674,154534.98956608737
5012,572.5519602298737,154533.30027968672
5013,572.6979522705078,154529.84511089628
5014,572.9349718093872,154527.96134747338
5015,573.0107417106628,154524.94952585798
5016,573.0699193477631,154522.9581907857
5017,573.1284124851227,154519.51001628937
5018,573.1852216720581,154517.79690682507
5019,573.2436625957489,154514.2820366295
5020,573.3119828701019,154512.52657853998
5021,573.4076454639435,154509.04028659244
5022,573.4682307243347,154507.34449751984
5023,573.5836489200592,154503.88099501928
5024,573.644259929657,154501.86982085695
5025,573.7049314975739,154498.65162066772
5026,573.8010764122009,154496.9503786485
5027,573.9219169616699,154493.49692883645
5028,574.0489914417267,154491.48434071845
5029,574.1073606014252,154488.94731885393
5030,574.1678500175476,154486.74724326874
5031,574.2256488800049,154483.40615221098
5032,574.2851791381836,154481.80992069875
5033,574.3405478000641,154478.20773784822
5034,574.3982193470001,154476.3041334528
5035,574.4639084339142,154473.01706137203
5036,574.5261740684509,154471.39690449985
5037,574.5851845741272,154467.77783122234
5038,574.6477653980255,154465.71479425114
5039,574.7085011005402,154462.6961404248
5040,574.7724719047546,154460.9419787163
5041,574.8339741230011,154457.37824946875
5042,574.8908438682556,154455.38911650056
5043,574.9708166122437,154452.581577362
5044,575.0308334827423,154450.58807207135
5045,575.0940849781036,154447.1428148088
5046,575.1603312492371,154445.4295052914
5047,575.2287790775299,154442.00605878228
5048,575.2887041568756,154440.04948652763
5049,575.3458516597748,154436.9010635256
5050,575.4160850048065,154435.07829021272
5051,575.4776921272278,154431.56957402098
5052,575.5496716499329,154429.67892875505
5053,575.6107375621796,154426.3529095681
5054,575.674468755722,154424.65115404653
5055,575.7364311218262,154421.33733862604
5056,575.798127412796,154419.40858176816
5057,575.8862862586975,154416.26673497196
5058,575.9821407794952,154414.49790166641
5059,576.0439879894257,154411.08202239824
5060,576.1638684272766,154409.11428947223
5061,576.3050651550293,154406.1661002873
5062,576.3850784301758,154404.1979501876
5063,576.4489183425903,154400.7649100374
5064,576.5151867866516,154399.011778492
5065,576.5772006511688,154395.72634467884
5066,576.634298324585,154393.7405335243
5067,576.6889576911926,154390.7286688175
5068,576.8391816616058,154388.81320813144
5069,576.968875169754,154385.44302691834
5070,577.0262935161591,154383.5851352193
5071,577.0803513526917,154380.3975048952
5072,577.1371202468872,154378.47992330207
5073,577.1933815479279,154375.16445399573
5074,577.2522819042206,154373.391787531
5075,577.3077394962311,154370.12651203823
5076,577.368551492691,154368.13230328963
5077,577.4988095760345,154365.0695389969
5078,577.6187093257904,154363.20277877423
5079,577.7409982681274,154359.88996677127
5080,577.798755645752,154357.95351875463
5081,577.8821811676025,154354.95401313796
5082,577.936851978302,154353.03223668857
5083,577.9929881095886,154349.84566644297
5084,578.0495221614838,154348.03012336613
5085,578.1046712398529,154344.79706718828
5086,578.1584100723267,154342.88617588076
5087,578.2136714458466,154339.81369212072
5088,578.268536567688,154337.84608821326
5089,578.3496851921082,154334.55168679624
5090,578.4150438308716,154332.7388414651
5091,578.5181214809418,154329.4940119396
5092,578.5773730278015,154327.5317000456
5093,578.6304340362549,154324.4494867101
5094,578.6871979236603,154322.5453859595
5095,578.7439436912537,154319.2717054518
5096,578.7990474700928,154317.3486373029
5097,578.8612661361694,154314.20289306052
5098,578.9155275821686,154312.3342887087
5099,578.9758665561676,154309.09018319834
5100,579.107298374176,154307.1960107938
5101,579.2365894317627,154304.15816683593
5102,579.3776345252991,154302.13762633072
5103,579.5142438411713,154298.897046834
5104,579.6317012310028,154297.0961815536
5105,579.767110824585,154293.81798939037
5106,579.9200222492218,154291.85953918207
5107,580.0362973213196,154288.6848986008
5108,580.133317232132,154286.9969417607
5109,580.2113456726074,154283.57307263077
5110,580.2906920909882,154281.62085444856
5111,580.4258172512054,154278.56642648217
5112,580.5031044483185,154276.65735990176
5113,580.6445825099945,154273.31571583365
5114,580.7874760627747,154271.48045424095
5115,580.8855047225952,154268.381225162
5116,581.0289096832275,154266.31859641013
5117,581.1523010730743,154263.10299171228
5118,581.2934575080872,154261.3629373674
5119,581.4304852485657,154258.04152949082
5120,581.5636358261108,154255.99812303172
5121,581.6892371177673,154252.90798532855
5122,581.8326833248138,154251.160523757
5123,581.9520936012268,154247.75709657627
5124,582.0472040176392,154245.76533103196
5125,582.1409392356873,154242.831878098
5126,582.2000350952148,154240.89272965092
5127,582.2676162719727,154237.49269979307
5128,582.3322930335999,154235.66499758646
5129,582.3916704654694,154232.45850068668
5130,582.4466338157654,154230.54331808863
5131,582.5015370845795,154227.31161990692
5132,582.5632338523865,154225.5639513143
5133,582.6197130680084,154222.2495497217
5134,582.6766827106476,154220.29800530203
5135,582.7756786346436,154217.19252060907
5136,582.8966693878174,154215.36582895723
5137,582.9489734172821,154212.27433590265
5138,583.0063443183899,154210.22787227534
5139,583.063928604126,154207.27455068726
5140,583.2032887935638,154205.45292704419
5141,583.3344080448151,154202.12146353757
5142,583.4788208007812,154200.17326021788
5143,583.6077878475189,154197.12138318698
5144,583.758261680603,154195.2281674139
5145,583.897230386734,154191.94489306113
5146,584.0440723896027,154190.0532456785
5147,584.1552629470825,154186.8921806882
5148,584.2774131298065,154184.95313084163
5149,584.3896644115448,154181.79268923902
5150,584.5305845737457,154179.9312481871
5151,584.6649408340454,154176.76470521127
5152,584.8047969341278,154174.78881281195
5153,584.9493083953857,154171.72534220087
5154,585.091073513031,154169.83552060305
5155,585.3270213603973,154166.580517673
5156,585.4954719543457,154164.65505012788
5157,585.6351416110992,154161.48606634745
5158,585.7731311321259,154159.6405445518
5159,585.9000942707062,154156.37694312682
5160,586.0392563343048,154154.45975914615
5161,586.0935311317444,154151.37786378677
5162,586.1462233066559,154149.4280381816
5163,586.2041018009186,154146.16332994303
5164,586.264078617096,154144.32166502075
5165,586.3218703269958,154141.1012463457
5166,586.3754632472992,154139.17069782878
5167,586.4340355396271,154135.9678064683
5168,586.4902245998383,154134.14330530248
5169,586.5445964336395,154130.88650677472
5170,586.6032354831696,154128.95220100993
5171,586.6596343517303,154125.87872301124
5172,586.7236988544464,154123.9525218986
5173,586.7802848815918,154120.67796863389
5174,586.8344337940216,154118.81477355506
5175,586.8896241188049,154115.62426219814
5176,586.9448206424713,154113.71839286527
5177,586.9990196228027,154110.4771700915
5178,587.0548851490021,154108.73523221407
5179,587.1914267539978,154105.44194342374
5180,587.2855715751648,154103.48578295336
5181,587.3385751247406,154100.35926036432
5182,587.3955826759338,154098.52247150565
5183,587.4461686611176,154095.2556580376
5184,587.5057966709137,154093.31564149488
5185,587.5578169822693,154090.24669276434
5186,587.6187133789062,154088.3402271437
5187,587.6942887306213,154085.05638276634
5188,587.766918182373,154083.19958607585
5189,587.8224275112152,154080.06455622613
5190,587.9854040145874,154078.15200607193
5191,588.0446119308472,154075.1588879283
5192,588.1048247814178,154073.18514044638
5193,588.1598737239838,154070.12881035524
5194,588.305988073349,154068.30464670027
5195,588.4358575344086,154065.08937044238
5196,588.4955062866211,154063.13012606886
5197,588.6367492675781,154060.08692737605
5198,588.8011958599091,154058.19277966238
5199,588.8666224479675,154054.9367270414
5200,589.0204255580902,154053.04147534518
5201,589.1638295650482,154049.91866319982
5202,589.2847256660461,154048.0223450941
5203,589.3431181907654,154044.83272765888
5204,589.4054725170135,154042.95044733642
5205,589.4707114696503,154039.78525767985
5206,589.5275709629059,154037.8683643775
5207,589.666829586029,154034.72470760345
5208,589.826847076416,154032.82372290545
5209,589.9665732383728,154029.6070955826
5210,590.1162478923798,154027.71087818482
5211,590.1967647075653,154024.511268336
5212,590.2549707889557,154022.65315557847
5213,590.3471965789795,154019.4269072288
5214,590.4039521217346,154017.53643850292
5215,590.4618573188782,154014.38971660464
5216,590.514331817627,154012.48169407624
5217,590.6161994934082,154009.26088992582
5218,590.6715490818024,154007.40667606765
5219,590.7406008243561,154004.24378856958
5220,590.7986447811127,154002.29500589022
5221,590.8669879436493,153999.1075110866
5222,590.9278392791748,153997.28859830342
5223,590.9853975772858,153994.06892728488
5224,591.047248840332,153992.11003252957
5225,591.1090965270996,153988.9887804166
5226,591.1696019172668,153987.1590404837
5227,591.229082107544,153983.91782526433
5228,591.2903542518616,153981.96661843258
5229,591.3537573814392,153978.84701241605
5230,591.4241142272949,153977.0061439928
5231,591.5507552623749,153973.7484565755
5232,591.6166162490845,153971.8388512219
5233,591.671187877655,153968.71221125915
5234,591.7291822433472,153966.83234390453
5235,591.7924702167511,153963.63039865106
5236,591.8541650772095,153961.7312628929
5237,591.9260685443878,153958.56978772697
5238,591.9792039394379,153956.66695407435
5239,592.0348637104034,153953.4527273922
5240,592.0929274559021,153951.62690995226
5241,592.1479351520538,153948.442936623
5242,592.205295085907,153946.5122128745
5243,592.2620723247528,153943.42200071365
5244,592.3190426826477,153941.6409699144
5245,592.3741986751556,153938.58343831982
5246,592.4311640262604,153936.54718030425
5247,592.4882180690765,153933.5667135624
5248,592.5450127124786,153931.8087013388
5249,592.6023044586182,153928.53990493447
5250,592.6624238491058,153926.5315564006
5251,592.7202994823456,153923.51768078952
5252,592.7805652618408,153921.69578826433
5253,592.874965429306,153918.37487019497
5254,592.9769089221954,153916.46529812037
5255,593.0302157402039,153913.36789684862
5256,593.1481001377106,153911.47923521508
5257,593.2033631801605,153908.24324444734
5258,593.2570631504059,153906.3930799989
5259,593.3101558685303,153903.23093275592
5260,593.3642039299011,153901.29249140612
5261,593.4739158153534,153898.13044920354
5262,593.58633685112,153896.3154813473
5263,593.683801651001,153893.0910555715
5264,593.7858169078827,153891.1308212807
5265,593.8972201347351,153888.01715935432
5266,594.0228555202484,153886.21724936107
5267,594.0799996852875,153882.95953271806
5268,594.1616363525391,153881.00518741593
5269,594.2312507629395,153877.9448695469
5270,594.3283767700195,153876.0993596217
5271,594.403883934021,153872.81360101097
5272,594.4669768810272,153870.9238654899
5273,594.526873588562,153867.80643958223
5274,594.6457912921906,153865.93889932198
5275,594.7340428829193,153862.7380036523
5276,594.8971891403198,153860.84733609026
5277,594.9549515247345,153857.70039695865
5278,595.0231082439423,153855.80768480568
5279,595.0825941562653,153852.60145320633
5280,595.1611545085907,153850.77448931866
5281,595.2242419719696,153847.6002937504
5282,595.2851991653442,153845.68493059897
5283,595.3472859859467,153842.54311710552
5284,595.480806350708,153840.7560893211
5285,595.5383539199829,153837.53068473295
5286,595.6002411842346,153835.6131152509
5287,595.6590611934662,153832.5307689313
5288,595.7122280597687,153830.67109945157
5289,595.7699437141418,153827.45071116654
5290,595.8259892463684,153825.58255765476
5291,595.8824355602264,153822.4746511212
5292,595.9400758743286,153820.55403221003
5293,595.9988331794739,153817.34456043705
5294,596.1712744235992,153815.53780300368
5295,596.3267240524292,153812.3453552326
5296,596.3822710514069,153810.4157876626
5297,596.4372978210449,153807.3603790611
5298,596.5197958946228,153805.5320043843
5299,596.572300195694,153802.51705040454
5300,596.6295390129089,153800.49428304518
5301,596.7605378627777,153797.4806142979
5302,596.910840511322,153795.74736613035
5303,597.0455996990204,153792.4561182997
5304,597.195294380188,153790.45269292104
5305,597.3258662223816,153787.4793145735
5306,597.4718630313873,153785.66591298353
5307,597.6089596748352,153782.32513219124
5308,597.7594752311707,153780.43164262926
5309,597.8948709964752,153777.3653854841
5310,598.0328526496887,153775.49411803862
5311,598.1748421192169,153772.26242582485
5312,598.3319733142853,153770.40619487004
5313,598.4701902866364,153767.2638661539
5314,598.6299934387207,153765.3542774087
5315,598.7680649757385,153762.1627453412
5316,598.9157836437225,153760.36640332922
5317,599.0502879619598,153757.16725610773
5318,599.2038154602051,153755.23174197532
5319,599.3380742073059,153752.1353985479
5320,599.4776475429535,153750.3111890534
5321,599.5997712612152,153747.07315437
5322,599.7441687583923,153745.16381113007
5323,599.8815450668335,153742.05478709005
5324,600.0287599563599,153740.22543627524
5325,600.1623284816742,153736.98780556765
5326,600.2886290550232,153735.13699230988
5327,600.3968191146851,153732.0079381681
5328,600.5481290817261,153730.132392031
5329,600.685448884964,153726.94130065848
5330,600.8101661205292,153725.11294732193
5331,600.9441061019897,153722.00188673244
5332,601.1015803813934,153720.05856375268
5333,601.1591506004333,153716.9336585653
5334,601.2626004219055,153715.13911517127
5335,601.3201477527618,153711.95010511344
5336,601.3757081031799,153710.01243743472
5337,601.4570112228394,153706.94084184125
5338,601.5240345001221,153705.12101184923
5339,601.5788314342499,153701.87903763412
5340,601.6391441822052,153699.97814659646
5341,601.7043924331665,153696.87066575038
5342,601.7670402526855,153695.04265184753
5343,601.8446342945099,153691.80976142085
5344,601.9340932369232,153689.93734329072
5345,601.9898009300232,153686.8383975649
5346,602.0588974952698,153684.95680145474
5347,602.11372590065,153681.75172572583
5348,602.1719233989716,153679.92532190125
5349,602.2383172512054,153676.79075433593
5350,602.3150064945221,153674.9018519658
5351,602.3747410774231,153671.9160245906
5352,602.4424340724945,153669.99344829944
5353,602.49853348732,153666.96174995383
5354,602.5538151264191,153665.14084631784
5355,602.6412014961243,153661.98165793088
5356,602.6995091438293,153660.09910090722
5357,602.8170204162598,153656.97016759773
5358,602.8835818767548,153655.13409806325
5359,602.9537487030029,153651.95560208763
5360,603.0091831684113,153650.0672523217
5361,603.1411232948303,153646.93353828558
5362,603.2953448295593,153645.09050625004
5363,603.4286246299744,153641.89166160612
5364,603.5091645717621,153640.03396527754
5365,603.6425693035126,153636.90316459408
5366,603.788938999176,153635.03414703044
5367,603.8447742462158,153631.85980256012
5368,603.8997857570648,153630.01837665337
5369,603.9540634155273,153626.87843516923
5370,604.060131072998,153624.98709528783
5371,604.18066239357,153621.8368933099
5372,604.330480337143,153620.00780092066
5373,604.459490776062,153616.83719208383
5374,604.6089835166931,153614.95700499287
5375,604.7540059089661,153611.8570207041
5376,604.8644123077393,153609.99624901588
5377,604.9790849685669,153606.84162387496
5378,605.1255662441254,153604.97771079012
5379,605.2548930644989,153601.86530567234
5380,605.40731549263,153600.0010694642
5381,605.5425775051117,153596.86650640456
5382,605.6871564388275,153595.0112467525
5383,605.7974483966827,153591.86821806573
5384,605.908390045166,153590.00168396576
5385,606.0053594112396,153586.8560199955
5386,606.0972650051117,153585.00975988226
5387,606.1505932807922,153581.8462211364
5388,606.2113945484161,153579.97380792708
5389,606.2678129673004,153576.8215395992
5390,606.3251740932465,153574.99358628032
5391,606.3831634521484,153571.83462992957
5392,606.5125844478607,153569.94125970197
5393,606.5692398548126,153566.8058476881
5394,606.6265826225281,153564.98496436107
5395,606.730254650116,153561.796195778
5396,606.786331653595,153559.91750011314
5397,606.8922398090363,153556.7958856504
5398,606.9552297592163,153554.96511274175
5399,607.0111265182495,153551.78870864888
5400,607.0921132564545,153549.91153674576
5401,607.1528759002686,153546.79169668295
5402,607.2571020126343,153544.95270899587
5403,607.3944189548492,153541.79619078236
5404,607.4706978797913,153539.95044306197
5405,607.5243272781372,153536.99323749176
5406,607.5830390453339,153535.02861371855
5407,607.6425485610962,153532.0212473361
5408,607.7105507850647,153530.25955160373
5409,607.7903780937195,153527.07178312526
5410,607.8476800918579,153525.14847340412
5411,607.9046633243561,153522.08790825252
5412,608.0315191745758,153520.28679345152
5413,608.0864465236664,153517.05853420857
5414,608.1509084701538,153515.17703316026
5415,608.206659078598,153512.11003821803
5416,608.2616205215454,153510.25648488672
5417,608.3198902606964,153507.04939497192
5418,608.3933682441711,153505.22453161262
5419,608.4520802497864,153502.12168926783
5420,608.5253584384918,153500.21537419304
5421,608.5795917510986,153497.07041817432
5422,608.6384704113007,153495.27976101654
5423,608.7003457546234,153492.1244738522
5424,608.7684438228607,153490.20181031575
5425,608.8390130996704,153487.13431177792
5426,608.9512014389038,153485.33258021116
5427,609.0089831352234,153482.16523203973
5428,609.0620090961456,153480.2525165485
5429,609.1151106357574,153477.19952264568
5430,609.1749401092529,153475.38511720533
5431,609.23592710495,153472.19864093288
5432,609.3476665019989,153470.31897944325
5433,609.4022510051727,153467.2374840605
5434,609.5598478317261,153465.398277958
5435,609.6994788646698,153462.2084715796
5436,609.8564965724945,153460.36021018308
5437,609.993611574173,153457.24808744036
5438,610.0902180671692,153455.38649644214
5439,610.1472444534302,153452.22502384783
5440,610.2061386108398,153450.39569590526
5441,610.3111534118652,153447.25887473446
5442,610.3703966140747,153445.38274071048
5443,610.4236164093018,153442.2504759167
5444,610.4775984287262,153440.42823596057
5445,610.5556836128235,153437.27227760828
5446,610.6186134815216,153435.39285353135
5447,610.6832282543182,153432.2706113931
5448,610.7416832447052,153430.45474791355
5449,610.8324975967407,153427.29392061234
5450,610.8909666538239,153425.41284927184
5451,610.9492392539978,153422.30361461482
5452,611.0084052085876,153420.48092650928
5453,611.06853556633,153417.30902279267
5454,611.1243209838867,153415.44818460886
5455,611.1837773323059,153412.3499470321
5456,611.2649121284485,153410.50672373327
5457,611.3296523094177,153407.38462479142
5458,611.3890602588654,153405.5451746817
5459,611.4711582660675,153402.61142602016
5460,611.6263773441315,153400.64302067287
5461,611.7651057243347,153397.64268792252
5462,611.9195685386658,153395.90460224162
5463,612.0503923892975,153392.70243284912
5464,612.2025587558746,153390.76644179618
5465,612.3393630981445,153387.7419286673
5466,612.4946887493134,153385.9632418122
5467,612.6316299438477,153382.73722910797
5468,612.7865777015686,153380.8377940495
5469,612.8661603927612,153377.80518689886
5470,612.9797265529633,153375.9801225342
5471,613.033613204956,153372.77863760153
5472,613.1332874298096,153370.9295008501
5473,613.2105512619019,153367.86950519372
5474,613.2788007259369,153365.99543395033
5475,613.376537322998,153362.8549661996
5476,613.4341652393341,153361.0421410799
5477,613.546977519989,153357.94940806183
5478,613.653247833252,153356.04339007701
5479,613.7566916942596,153352.9581171252
5480,613.8566596508026,153351.16287624816
5481,613.9564661979675,153348.01708351474
5482,614.0185945034027,153346.11418556955
5483,614.0762677192688,153343.03429548856
5484,614.133641242981,153341.23903474584
5485,614.1889221668243,153338.061158157
5486,614.2427785396576,153336.1717117012
5487,614.3722984790802,153333.09619912092
5488,614.5226874351501,153331.28303839028
5489,614.6597003936768,153328.1030762879
5490,614.7375407218933,153326.2375378776
5491,614.7941932678223,153323.15689228708
5492,614.9488565921783,153321.31858527532
5493,615.0906405448914,153318.15207938745
5494,615.2517428398132,153316.31437354712
5495,615.3949229717255,153313.21573022773
5496,615.5554885864258,153311.35248834794
5497,615.6907231807709,153308.20982362112
5498,615.8348731994629,153306.39488378068
5499,615.9656195640564,153303.2726393578
5500,616.1240386962891,153301.39232170957
5501,616.2593553066254,153298.27632637954
5502,616.4090673923492,153296.47354233105
5503,616.5488591194153,153293.33106008012
5504,616.6995005607605,153291.4458327241
5505,616.8385019302368,153288.35053205412
5506,616.9803414344788,153286.54800985527
5507,617.1042602062225,153283.39434287348
5508,617.2636277675629,153281.5159088585
5509,617.4012036323547,153278.44005146614
5510,617.5582935810089,153276.6300640723
5511,617.699423789978,153273.54798986626
5512,617.8616585731506,153271.66775971424
5513,617.9959027767181,153268.79386196306
5514,618.1523606777191,153266.86786115667
5515,618.2926089763641,153263.8114677697
5516,618.4475688934326,153262.0736562633
5517,618.5805835723877,153258.8979090973
5518,618.730073928833,153256.96577740388
5519,618.8778929710388,153253.93801871184
5520,619.0387437343597,153252.17049592198
5521,619.177262544632,153248.9749839903
5522,619.340651512146,153247.06784463595
5523,619.4804885387421,153244.04692699158
5524,619.6412570476532,153242.25123451048
5525,619.7992663383484,153239.0750429638
5526,619.9582784175873,153237.1918279455
5527,620.1023972034454,153234.17920254922
5528,620.2625284194946,153232.33204173305
5529,620.4127106666565,153229.19162253116
5530,620.5723814964294,153227.3502380075
5531,620.7097821235657,153224.2987703787
5532,620.8699581623077,153222.42083281896
5533,620.9777827262878,153219.30451055273
5534,621.036360502243,153217.49501977034
5535,621.1561942100525,153214.38887818166
5536,621.2186617851257,153212.49500365063
5537,621.2883195877075,153209.40003781096
5538,621.4183146953583,153207.60082550131
5539,621.5401890277863,153204.46798292655
5540,621.6001174449921,153202.56846641938
5541,621.6896507740021,153199.49542808023
5542,621.7522022724152,153197.6929557767
5543,621.813702583313,153194.54869773638
5544,621.8849139213562,153192.6570315226
5545,621.9460849761963,153189.59358139886
5546,622.0079970359802,153187.77887777064
5547,622.0715148448944,153184.63322879086
5548,622.1350626945496,153182.75801651969
5549,622.198899269104,153179.69379385345
5550,622.3512740135193,153177.86104194794
5551,622.5021386146545,153174.72264615115
5552,622.6524567604065,153172.86812476124
5553,622.7097179889679,153169.79595430885
5554,622.7672975063324,153167.94369711855
5555,622.8273365497589,153164.81907926622
5556,622.9145469665527,153162.98480770426
5557,622.968992471695,153159.89997741944
5558,623.0406270027161,153158.0296957399
5559,623.1282949447632,153154.92421599498
5560,623.2044756412506,153153.10569570053
5561,623.2674398422241,153150.01473271573
5562,623.3345189094543,153148.1348723104
5563,623.4268724918365,153145.11987320558
5564,623.5782649517059,153143.29269618608
5565,623.7101016044617,153140.38367893707
5566,623.769829750061,153138.40884987882
5567,623.8530888557434,153135.43414480102
5568,623.9154756069183,153133.7089608415
5569,624.0485324859619,153130.52239676096
5570,624.1837763786316,153128.57718705002
5571,624.2357084751129,153125.59801678275
5572,624.2938187122345,153123.821030047
5573,624.3501946926117,153120.63126371152
5574,624.4119975566864,153118.72918919174
5575,624.4745733737946,153115.74269655225
5576,624.5365071296692,153113.91457141103
5577,624.596776008606,153110.75476008127
5578,624.663896560669,153108.90450978713
5579,624.7216758728027,153105.8917479203
5580,624.8014833927155,153104.01620942078
5581,624.9200913906097,153100.91457656166
5582,625.0150079727173,153099.09864731322
5583,625.1573264598846,153096.04828377962
5584,625.3047542572021,153094.14850440677
5585,625.4467735290527,153091.08336599835
5586,625.60227394104,153089.2864638904
5587,625.7465603351593,153086.18706988636
5588,625.9061439037323,153084.2858108603
5589,626.0437371730804,153081.23021410732
5590,626.2002680301666,153079.4352197043
5591,626.3383591175079,153076.31474013356
5592,626.4971566200256,153074.4176003157
5593,626.624621629715,153071.3729982784
5594,626.7737357616425,153069.56898778316
5595,626.9186444282532,153066.44456650116
5596,627.0665185451508,153064.56128062503
5597,627.2124862670898,153061.52022648684
5598,627.369383096695,153059.70188793636
5599,627.5176646709442,153056.58118108832
5600,627.6715755462646,153054.71720909356
5601,627.822475194931,153051.672226383
5602,627.958568572998,153049.8357024603
5603,628.0163598060608,153046.72425475632
5604,628.1414594650269,153044.88202085684
5605,628.1990525722504,153041.82829368836
5606,628.2599534988403,153039.97307794873
5607,628.3177642822266,153036.87670377616
5608,628.4755401611328,153035.0541643784
5609,628.6573715209961,153031.98775817506
5610,628.9010643959045,153030.11712581705
5611,629.1541805267334,153027.03976651552
5612,629.3174202442169,153025.2315381499
5613,629.4695427417755,153022.15827556135
5614,629.6242756843567,153020.28041445315
5615,629.7711708545685,153017.2673171562
5616,629.9321677684784,153015.46356997517
5617,630.0913105010986,153012.56124254136
5618,630.266891002655,153010.57806154803
5619,630.4163897037506,153007.6619968859
5620,630.5695903301239,153005.93921022708
5621,630.7149851322174,153002.78440057393
5622,630.8403701782227,153000.8587778997
5623,630.9885268211365,152997.89270300424
5624,631.1429371833801,152996.11973374625
5625,631.2883217334747,152992.96249479897
5626,631.4253175258636,152991.07202141572
5627,631.4868719577789,152988.104641403
5628,631.5496995449066,152986.28141147827
5629,631.6035921573639,152983.15350681444
5630,631.661758184433,152981.3107092671
5631,631.7238748073578,152978.3217218908
5632,631.7807269096375,152976.45324350864
5633,631.8378496170044,152973.37644557405
5634,631.9815821647644,152971.56714871846
5635,632.119833946228,152968.5380129214
5636,632.1823678016663,152966.6476128776
5637,632.2400779724121,152963.59723927922
5638,632.3043308258057,152961.80742458045
5639,632.3641481399536,152958.73198518684
5640,632.5015301704407,152956.83695405914
5641,632.5609543323517,152953.79937317112
5642,632.6175549030304,152952.01144084358
5643,632.7117714881897,152948.9194779935
5644,632.7705762386322,152947.026102642
5645,632.8786005973816,152944.00234893363
5646,632.9459326267242,152942.2074648343
5647,633.0068562030792,152939.11142731886
5648,633.0672361850739,152937.2288856513
5649,633.205094575882,152934.2108066866
5650,633.2675712108612,152932.40320312482
5651,633.4041855335236,152929.30949548772
5652,633.5385000705719,152927.44281841975
5653,633.685662984848,152924.4238190367
5654,633.8476996421814,152922.5997861706
5655,633.9621934890747,152919.51312322795
5656,634.0978140830994,152917.66544947168
5657,634.2503743171692,152914.64136760542
5658,634.3875892162323,152912.79962551818
5659,634.534597158432,152909.72501411394
5660,634.6911475658417,152907.89497048073
5661,634.835037946701,152904.86187193834
5662,634.9366638660431,152903.00436594698
5663,635.0710213184357,152899.94598228522
5664,635.1862034797668,152898.12960672937
5665,635.3045024871826,152895.0907861103
5666,635.4428691864014,152893.22285768393
5667,635.5886886119843,152890.21169644868
5668,635.7331111431122,152888.40645218152
5669,635.877001285553,152885.51224276685
5670,636.0347776412964,152883.55211974643
5671,636.1833095550537,152880.67666470402
5672,636.3316237926483,152878.91763973795
5673,636.4736921787262,152875.82730270972
5674,636.6102845668793,152873.94530212964
5675,636.7383971214294,152870.96299181713
5676,636.8954665660858,152869.16752422764
5677,637.033926486969,152866.07372817272
5678,637.1948006153107,152864.2042501864
5679,637.3407964706421,152861.23325772546
5680,637.4437563419342,152859.3996755765
5681,637.5246024131775,152856.333936775
5682,637.6364996433258,152854.49249749712
5683,637.7645366191864,152851.51301734368
5684,637.8959743976593,152849.65059093662
5685,638.0187559127808,152846.612584923
5686,638.1809027194977,152844.79505537497
5687,638.3280146121979,152841.78604559586
5688,638.4863533973694,152839.91047928558
5689,638.6329095363617,152836.8817593218
5690,638.7463300228119,152835.0789938753
5691,638.8341631889343,152832.04003378047
5692,638.989333152771,152830.1584029086
5693,639.1315937042236,152827.14170964013
5694,639.2802627086639,152825.34072292084
5695,639.4215221405029,152822.29257271346
5696,639.583817243576,152820.40996494077
5697,639.7337789535522,152817.40636757817
5698,639.8891561031342,152815.60191537088
5699,640.0222775936127,152812.55250876513
5700,640.179336309433,152810.67487814886
5701,640.2975046634674,152807.6780647855
5702,640.4552536010742,152805.86631656913
5703,640.6094763278961,152802.81842026286
5704,640.7535848617554,152800.95013190672
5705,640.8885872364044,152797.95670626799
5706,641.0375552177429,152796.13488218808
5707,641.1718122959137,152793.0924648727
5708,641.317291021347,152791.23549871947
5709,641.4523739814758,152788.24232706928
5710,641.6591188907623,152786.40852470108
5711,641.7986743450165,152783.3742122057
5712,641.9497423171997,152781.52896174236
5713,642.0949058532715,152778.53377516297
5714,642.2455866336823,152776.68837671942
5715,642.3821732997894,152773.66572823847
5716,642.5347440242767,152771.83010031117
5717,642.6674346923828,152768.83231172347
5718,642.8191576004028,152766.97853995883
5719,642.9559416770935,152763.9770546189
5720,643.1056332588196,152762.14921472754
5721,643.2411346435547,152759.21111819168
5722,643.3747699260712,152757.3425676147
5723,643.5008301734924,152754.54146281985
5724,643.64985871315,152752.61587931614
5725,643.7901844978333,152749.70440619215
5726,643.9410061836243,152747.94721312687
5727,644.0905556678772,152744.8850913272
5728,644.2371535301208,152742.99351693812
5729,644.3394410610199,152740.0513826921
5730,644.4560859203339,152738.25368150295
5731,644.6028709411621,152735.2029075138
5732,644.7579717636108,152733.32706474798
5733,644.9033777713776,152730.3951049727
5734,645.0488679409027,152728.56246373235
5735,645.1909627914429,152725.5350611421
5736,645.3539137840271,152723.68686856134
5737,645.500556230545,152720.7404500899
5738,645.6016206741333,152718.88296002324
5739,645.7155041694641,152715.875414717
5740,645.8618628978729,152714.04896239933
5741,646.0052590370178,152711.07770288826
5742,646.1830034255981,152709.20597718048
5743,646.3254890441895,152706.21232211535
5744,646.4696085453033,152704.39752619676
5745,646.6156613826752,152701.40730857928
5746,646.7459442615509,152699.5283438668
5747,646.8034007549286,152696.54769365565
5748,646.8748354911804,152694.73564131168
5749,646.9327118396759,152691.73701223487
5750,646.9933166503906,152689.85689473955
5751,647.0485925674438,152686.88814896726
5752,647.1078789234161,152685.07319086633
5753,647.1697554588318,152682.0727055672
5754,647.226371049881,152680.197116682
5755,647.2889428138733,152677.2347673843
5756,647.3488202095032,152675.41377478003
5757,647.40958070755,152672.41472837757
5758,647.4674649238586,152670.5464693883
5759,647.6089856624603,152667.58727240257
5760,647.7669010162354,152665.75754514866
5761,647.833781003952,152662.76291189843
5762,647.8989019393921,152660.90355651174
5763,647.9628188610077,152657.945492324
5764,648.0476236343384,152656.1056451915
5765,648.1970126628876,152653.11751948588
5766,648.3556172847748,152651.26812369516
5767,648.446487903595,152648.31069451344
5768,648.5066423416138,152646.46031404196
5769,648.5761291980743,152643.4822380874
5770,648.6354002952576,152641.64226056033
5771,648.6937382221222,152638.69055431016
5772,648.7578089237213,152636.8328040393
5773,648.8934149742126,152633.91842274216
5774,648.9534246921539,152632.0808687659
5775,649.0880331993103,152629.30763747272
5776,649.1481845378876,152627.3429063804
5777,649.2059419155121,152624.4907380601
5778,649.26740193367,152622.75227421083
5779,649.385707616806,152619.71335667637
5780,649.4850814342499,152617.80283864643
5781,649.545905828476,152614.91270874089
5782,649.646642446518,152613.12641148912
5783,649.7073154449463,152610.0913966785
5784,649.8625702857971,152608.20759265736
5785,650.0087575912476,152605.31404156468
5786,650.1614537239075,152603.48993006037
5787,650.2448534965515,152600.48809150123
5788,650.3053553104401,152598.63296009504
5789,650.364725112915,152595.72337315485
5790,650.5021209716797,152593.87171361424
5791,650.5644834041595,152590.8940770043
5792,650.7234055995941,152589.0632033753
5793,650.7794969081879,152586.13498311455
5794,650.8404924869537,152584.2635470818
5795,650.8963112831116,152581.30325991515
5796,650.9525327682495,152579.4899951294
5797,651.0082514286041,152576.54725065545
5798,651.0637452602386,152574.66307285446
5799,651.1217751502991,152571.72000948628
5800,651.1797752380371,152569.91354889155
5801,651.2371950149536,152566.95422918125
5802,651.3495409488678,152565.07061723387
5803,651.4033873081207,152562.1409770161
5804,651.460440158844,152560.3309496105
5805,651.5569443702698,152557.36345919312
5806,651.6875925064087,152555.4880261716
5807,651.794474363327,152552.56684655824
5808,651.9312705993652,152550.74786329124
5809,651.9965605735779,152547.78184201126
5810,652.0557646751404,152545.91709964685
5811,652.2011966705322,152542.99395421403
5812,652.2608108520508,152541.1679800079
5813,652.3160247802734,152538.2136813793
5814,652.4575562477112,152536.3551914676
5815,652.6062545776367,152533.43238307463
5816,652.6752581596375,152531.60071091008
5817,652.7337176799774,152528.65301720964
5818,652.7930669784546,152526.80122678424
5819,652.8671700954437,152523.87916315804
5820,652.9991939067841,152522.0423094887
5821,653.1414997577667,152519.10287014686
5822,653.265380859375,152517.25657002864
5823,653.3210713863373,152514.3423219261
5824,653.3813087940216,152512.50226384442
5825,653.4407305717468,152509.6231061493
5826,653.5076267719269,152507.77546229883
5827,653.5660784244537,152505.0413350526
5828,653.7048435211182,152503.0964433785
5829,653.7641267776489,152500.2694294799
5830,653.8250226974487,152498.52390227342
5831,653.8848221302032,152495.53419156212
5832,653.9397814273834,152493.63996546518
5833,654.0028023719788,152490.77158221687
5834,654.0636558532715,152488.98139791467
5835,654.1238391399384,152485.99502099273
5836,654.2776036262512,152484.1230779806
5837,654.4240825176239,152481.2526980242
5838,654.4864344596863,152479.42548671787
5839,654.5451457500458,152476.4609402684
5840,654.6129987239838,152474.6192543092
5841,654.759090423584,152471.73819920095
5842,654.8522624969482,152469.8816949749
5843,654.9134731292725,152466.94321370823
5844,654.9765713214874,152465.12316435366
5845,655.0352334976196,152462.22052609027
5846,655.1449074745178,152460.3475092673
5847,655.2740800380707,152457.42200130378
5848,655.3572282791138,152455.6183554324
5849,655.4620459079742,152452.70701117758
5850,655.5310943126678,152450.81962153153
5851,655.6208026409149,152447.90519189145
5852,655.6786086559296,152446.10930150625
5853,655.828723192215,152443.17848264135
5854,655.8852217197418,152441.29261652447
5855,656.0310196876526,152438.39400412716
5856,656.1870653629303,152436.5916909415
5857,656.3337976932526,152433.65514700717
5858,656.4856433868408,152431.7774103291
5859,656.5448870658875,152428.88140026154
5860,656.6059396266937,152427.07161206118
5861,656.6698608398438,152424.13383967927
5862,656.8262567520142,152422.2677082938
5863,656.9742457866669,152419.37464851953
5864,657.0615046024323,152417.5529066354
5865,657.1206486225128,152414.6211387387
5866,657.179455280304,152412.7661563096
5867,657.3232493400574,152409.86843493953
5868,657.4817972183228,152408.03642640324
5869,657.6314222812653,152405.1000781527
5870,657.7824311256409,152403.26411540096
5871,657.8390057086945,152400.38225169008
5872,657.8966908454895,152398.5256256068
5873,657.9572494029999,152395.59799450685
5874,658.0319967269897,152393.77807463217
5875,658.0873577594757,152390.87679652963
5876,658.1546885967255,152389.0251010495
5877,658.2749176025391,152386.19929325086
5878,658.3381993770599,152384.3552455636
5879,658.4891922473907,152381.63151042853
5880,658.5458810329437,152379.69270375668
5881,658.6653819084167,152376.87125259053
5882,658.7306101322174,152375.16099079835
5883,658.7892363071442,152372.18025143404
5884,658.8800737857819,152370.26844980326
5885,658.937609910965,152367.43143594466
5886,659.0077123641968,152365.6580871637
5887,659.1083433628082,152362.67370757856
5888,659.1711547374725,152360.8008300818
5889,659.2270174026489,152357.95255609252
5890,659.2901368141174,152356.137896955
5891,659.3493237495422,152353.17703653264
5892,659.4609327316284,152351.33888342476
5893,659.5239713191986,152348.4706247889
5894,659.6203434467316,152346.6240179097
5895,659.7679905891418,152343.6710739533
5896,659.9109044075012,152341.87182702468
5897,660.0559906959534,152339.00358244812
5898,660.211377620697,152337.11846172946
5899,660.3477039337158,152334.19794232
5900,660.506046295166,152332.41818720064
5901,660.6507933139801,152329.50144761323
5902,660.8052554130554,152327.62308332956
5903,660.9316136837006,152324.74923273336
5904,661.074601650238,152322.95246184184
5905,661.213446855545,152320.02191130247
5906,661.3589468002319,152318.1529990145
5907,661.4963710308075,152315.25294328347
5908,661.6478095054626,152313.46672607635
5909,661.7566673755646,152310.55387775303
5910,661.8145935535431,152308.6759273871
5911,661.874208688736,152305.78133547996
5912,661.9301433563232,152303.99330717511
5913,661.9843080043793,152301.06255784936
5914,662.0372188091278,152299.19980037445
5915,662.0916032791138,152296.33660263495
5916,662.14834856987,152294.52254601716
5917,662.2063732147217,152291.58785091934
5918,662.2709271907806,152289.7431547843
5919,662.3317921161652,152286.8490395873
5920,662.420196056366,152285.03902595502
5921,662.4795274734497,152282.13699046816
5922,662.5391745567322,152280.2840119209
5923,662.6617252826691,152277.39036081426
5924,662.8047559261322,152275.5774969702
5925,662.9399111270905,152272.65923350665
5926,663.0873339176178,152270.8276431577
5927,663.1440322399139,152267.99382669
5928,663.2051894664764,152266.15461130004
5929,663.265218257904,152263.384181484
5930,663.3215780258179,152261.4886438771
5931,663.379985332489,152258.73663605325
5932,663.4416508674622,152256.94222013498
5933,663.5014963150024,152254.04598591826
5934,663.5659096240997,152252.2249631585
5935,663.6248154640198,152249.3857915633
5936,663.6802830696106,152247.54582141226
5937,663.7366709709167,152244.69509734516
5938,663.8484885692596,152242.8462544872
5939,663.9044914245605,152240.096499227
5940,663.9589099884033,152238.20129889686
5941,664.0223350524902,152235.41220087718
5942,664.0874202251434,152233.5867498633
5943,664.1477937698364,152230.7183345503
5944,664.3021800518036,152228.8628980304
5945,664.4508213996887,152226.0114722938
5946,664.6091704368591,152224.20217627301
5947,664.7584352493286,152221.34879315793
5948,664.9083638191223,152219.48102781764
5949,665.055139541626,152216.62513497713
5950,665.179988861084,152214.8123784241
5951,665.2394285202026,152211.92383584197
5952,665.2962975502014,152210.07986467192
5953,665.3581202030182,152207.25134332516
5954,665.4172122478485,152205.4080627864
5955,665.4793183803558,152202.5141299824
5956,665.5490367412567,152200.68550285426
5957,665.6670575141907,152197.80495056906
5958,665.8171322345734,152195.97748391592
5959,665.87424659729,152193.10932283432
5960,665.9338476657867,152191.27502337872
5961,665.9962291717529,152188.3888634858
5962,666.0505027770996,152186.5463392233
5963,666.1091930866241,152183.6535040547
5964,666.2616066932678,152181.83250130952
5965,666.4015736579895,152178.9486211348
5966,666.5381960868835,152177.10262887884
5967,666.6000940799713,152174.23054200513
5968,666.751008272171,152172.40253218266
5969,666.8888959884644,152169.5325056146
5970,667.0426063537598,152167.6793468636
5971,667.1901581287384,152164.80980835843
5972,667.3031241893768,152162.98518440718
5973,667.3760225772858,152160.10675064928
5974,667.4331984519958,152158.25710005127
5975,667.4914343357086,152155.40312704988
5976,667.5539357662201,152153.57090149005
5977,667.699670791626,152150.69504605277
5978,667.8360617160797,152148.84704470873
5979,667.987363576889,152145.9950716455
5980,668.0902245044708,152144.18598985634
5981,668.1538083553314,152141.48921551774
5982,668.2110736370087,152139.53659299918
5983,668.2731504440308,152136.80907436617
5984,668.3362715244293,152135.0385875241
5985,668.3950822353363,152132.14327925295
5986,668.4507346153259,152130.29998125837
5987,668.5079169273376,152127.48945366716
5988,668.664843082428,152125.66721283138
5989,668.8138031959534,152122.76250916725
5990,668.9610373973846,152120.9304636604
5991,669.0212125778198,152118.08296914084
5992,669.0945379734039,152116.24984088336
5993,669.1566665172577,152113.40722567655
5994,669.2182173728943,152111.55534685974
5995,669.2816054821014,152108.69392234238
5996,669.3413002490997,152106.85728865457
5997,669.3978641033173,152103.98146419864
5998,669.4543075561523,152102.15827813547
5999,669.5146954059601,152099.3374771253
6000,669.5745599269867,152097.47468752993
6001,669.6310517787933,152094.66317779472
6002,669.6927590370178,152092.82284859288
6003,669.7547397613525,152090.0944596971
6004,669.8286738395691,152088.1810602359
6005,669.9770350456238,152085.43783164528
6006,670.110503911972,152083.60978182868
6007,670.2409174442291,152080.80007842614
6008,670.3082866668701,152078.9376138201
6009,670.4213457107544,152076.12330281577
6010,670.5154113769531,152074.3041687594
6011,670.653564453125,152071.476908439
6012,670.712780714035,152069.61777410225
6013,670.7708687782288,152066.78507242713
6014,670.8306407928467,152064.95928965343
6015,670.980101108551,152062.08677508793
6016,671.1327652931213,152060.256172385
6017,671.2863616943359,152057.43727286017
6018,671.4372913837433,152055.58294032665
6019,671.5821013450623,152052.72930412076
6020,671.660854101181,152050.90345917278
6021,671.78582239151,152048.0711920826
6022,671.8474688529968,152046.20941608824
6023,671.9069700241089,152043.35719936047
6024,671.9646708965302,152041.54081009788
6025,672.0261015892029,152038.71559007093
6026,672.1428632736206,152036.83974930138
6027,672.2802746295929,152033.9879799892
6028,672.411908864975,152032.17846275299
6029,672.5136921405792,152029.32299577974
6030,672.574371099472,152027.46538317096
6031,672.708788394928,152024.696812644
6032,672.8624134063721,152022.85642642208
6033,673.0100076198578,152020.1343678876
6034,673.1790299415588,152018.21424766685
6035,673.322820186615,152015.5069491543
6036,673.4719080924988,152013.72177185921
6037,673.5962221622467,152010.87136437694
6038,673.7451658248901,152009.0305513036
6039,673.8284842967987,152006.25777976916
6040,673.8897180557251,152004.41344039465
6041,673.9459974765778,152001.54045463566
6042,674.0081791877747,151999.70631497927
6043,674.0698840618134,151996.86532321633
6044,674.1268520355225,151995.03438009854
6045,674.2157382965088,151992.19433307185
6046,674.3478138446808,151990.35485298734
6047,674.4828264713287,151987.56055656093
6048,674.6417672634125,151985.69657998753
6049,674.7958443164825,151982.8500970291
6050,674.9581789970398,151981.02008203694
6051,675.1157858371735,151978.1724778318
6052,675.2706561088562,151976.33647803476
6053,675.4231178760529,151973.54128333062
6054,675.578283071518,151971.68243015255
6055,675.7070994377136,151968.8501232788
6056,675.7696256637573,151967.01652592732
6057,675.8297038078308,151964.2276730867
6058,675.967050075531,151962.36564047242
6059,676.1268212795258,151959.67181885
6060,676.1900482177734,151957.76895439648
6061,676.2500684261322,151955.0408477416
6062,676.3105025291443,151953.1838112186
6063,676.3665461540222,151950.3958269191
6064,676.424364566803,151948.5641493458
6065,676.4835960865021,151945.81864585716
6066,676.5423293113708,151943.93802200715
6067,676.6012268066406,151941.1183800575
6068,676.6594476699829,151939.30067647935
6069,676.7204883098602,151936.47173803803
6070,676.8730962276459,151934.62035466667
6071,677.0236921310425,151931.83854634405
6072,677.160234451294,151929.99012851852
6073,677.291895866394,151927.15290727644
6074,677.4481019973755,151925.30916441174
6075,677.6040322780609,151922.47583092758
6076,677.7721290588379,151920.64783991728
6077,677.9297094345093,151917.85520263013
6078,678.0945887565613,151915.98126149524
6079,678.2484979629517,151913.1525651399
6080,678.4161262512207,151911.32976032028
6081,678.573648929596,151908.4982711651
6082,678.7392547130585,151906.64688062266
6083,678.8804709911346,151903.91322177026
6084,679.0107116699219,151902.0513637993
6085,679.1708314418793,151899.3598872736
6086,679.2404923439026,151897.44290233473
6087,679.3014860153198,151894.75496469013
6088,679.3650259971619,151892.95834902272
6089,679.4249761104584,151890.13584108365
6090,679.4840319156647,151888.303163116
6091,679.5864925384521,151885.55098979574
6092,679.645795583725,151883.69534814224
6093,679.6995432376862,151880.8624089665
6094,679.8031628131866,151879.02477653328
6095,679.8700153827667,151876.19579211302
6096,679.9416496753693,151874.36731220974
6097,680.0445444583893,151871.60065717448
6098,680.1062333583832,151869.71839572972
6099,680.164263010025,151866.89607388762
6100,680.2573082447052,151865.07427960838
6101,680.3165435791016,151862.25077111053
6102,680.3758924007416,151860.39761930448
6103,680.4333567619324,151857.64997675503
6104,680.4979336261749,151855.7834244336
6105,680.5683641433716,151852.96197130796
6106,680.6305148601532,151851.11348170257
6107,680.6903398036957,151848.30373769582
6108,680.7469937801361,151846.47019512477
6109,680.8038108348846,151843.68284456665
6110,680.865375995636,151841.82494296264
6111,680.9232110977173,151839.0981325556
6112,680.9811871051788,151837.22027939922
6113,681.0378637313843,151834.48993839303
6114,681.0962240695953,151832.6136626098
6115,681.1504919528961,151829.9116356754
6116,681.210857629776,151828.04593409365
6117,681.2653958797455,151825.36853330978
6118,681.3211295604706,151823.4832091608
6119,681.3773386478424,151820.69561272132
6120,681.432932138443,151818.86736261885
6121,681.4896104335785,151816.0755286214
6122,681.5488200187683,151814.2294182704
6123,681.6570789813995,151811.4650819757
6124,681.7148637771606,151809.61508842863
6125,681.7941884994507,151806.82105076182
6126,681.8565764427185,151804.9715913631
6127,681.9125576019287,151802.2161380737
6128,681.9972169399261,151800.3519398451
6129,682.1249856948853,151797.54690442144
6130,682.2539367675781,151795.70136778452
6131,682.4040811061859,151792.88784924764
6132,682.5684108734131,151791.05335171442
6133,682.6999807357788,151788.33097682998
6134,682.7599642276764,151786.4342276765
6135,682.8258585929871,151783.64390327688
6136,682.9925742149353,151781.83104359306
6137,683.1215422153473,151779.17172297733
6138,683.1998584270477,151777.23246097987
6139,683.2803580760956,151774.60333107656
6140,683.3588631153107,151772.80107428512
6141,683.4199948310852,151770.0192971467
6142,683.4781999588013,151768.16300288725
6143,683.5344767570496,151765.40357634076
6144,683.5919415950775,151763.58302611692
6145,683.6467308998108,151760.80277853963
6146,683.7015981674194,151758.93329648918
6147,683.7916874885559,151756.14709378537
6148,683.8521044254303,151754.32317122925
6149,683.9109854698181,151751.5532997707
6150,683.9708733558655,151749.676222041
6151,684.0361433029175,151746.9064533599
6152,684.0962929725647,151745.06786312864
6153,684.1538953781128,151742.24804274127
6154,684.2114810943604,151740.41466146338
6155,684.2696192264557,151737.71835390295
6156,684.3297884464264,151735.81351811078
6157,684.3869097232819,151733.01541935903
6158,684.4499406814575,151731.1910936051
6159,684.5066618919373,151728.40239968678
6160,684.62189245224,151726.54134508906
6161,684.7676022052765,151723.79395610347
6162,684.8992230892181,151721.94647887177
6163,684.9597270488739,151719.24641493883
6164,685.0219309329987,151717.34774411266
6165,685.0795378684998,151714.63666216933
6166,685.1883506774902,151712.785920922
6167,685.3104252815247,151710.1529622153
6168,685.3655812740326,151708.22857469998
6169,685.4254102706909,151705.50313578776
6170,685.4869129657745,151703.68774498138
6171,685.5694108009338,151700.91740305704
6172,685.6281566619873,151699.05546056008
6173,685.6892824172974,151696.37748442302
6174,685.7503032684326,151694.50427568168
6175,685.8119637966156,151691.70969221627
6176,685.8697052001953,151689.86759889076
6177,685.9263050556183,151687.08798786573
6178,685.9855630397797,151685.24784003216
6179,686.046472787857,151682.50350370535
6180,686.1098825931549,151680.6380483979
6181,686.1682012081146,151677.8884458989
6182,686.224541425705,151676.03606444626
6183,686.2823503017426,151673.26423991355
6184,686.342089176178,151671.40889507654
6185,686.4008815288544,151668.6973576684
6186,686.4647970199585,151666.82619416766
6187,686.5233807563782,151664.0910501681
6188,686.5831427574158,151662.24462948227
6189,686.7369868755341,151659.63047824198
6190,686.8957998752594,151657.70456868564
6191,687.0490562915802,151655.1057203348
6192,687.1451971530914,151653.28999978572
6193,687.2049231529236,151650.47950460008
6194,687.261825799942,151648.64153186933
6195,687.4109039306641,151645.90514118318
6196,687.5684671401978,151644.07920090586
6197,687.7268559932709,151641.36930405343
6198,687.879732131958,151639.47562538908
6199,688.0290350914001,151636.72386017366
6200,688.1296377182007,151634.88196036793
6201,688.2804553508759,151632.0755368332
6202,688.4270000457764,151630.2482893502
6203,688.5780365467072,151627.50365954117
6204,688.7323932647705,151625.6431358678
6205,688.9013526439667,151622.9128693713
6206,688.971645116806,151621.06220075724
6207,689.1079320907593,151618.30688429278
6208,689.1671936511993,151616.44521927024
6209,689.2621183395386,151613.6817659852
6210,689.329243183136,151611.8531025821
6211,689.419638633728,151609.1838411948
6212,689.4788160324097,151607.26761082822
6213,689.537388086319,151604.5001740304
6214,689.5964069366455,151602.6926743263
6215,689.7153244018555,151600.01270008145
6216,689.7765951156616,151598.09463238192
6217,689.8925511837006,151595.51769988783
6218,690.0378921031952,151593.62642118073
6219,690.17440533638,151590.92318084012
6220,690.3324801921844,151589.04915385385
6221,690.4916808605194,151586.30677565257
6222,690.577002286911,151584.4925828529
6223,690.6315171718597,151581.78940972232
6224,690.6887714862823,151579.90171896023
6225,690.7448318004608,151577.20873244875
6226,690.8827040195465,151575.3630282134
6227,691.0144221782684,151572.61278092844
6228,691.1687345504761,151570.73841501874
6229,691.2278196811676,151567.98353793222
6230,691.3039195537567,151566.1640435401
6231,691.3615317344666,151563.49616313662
6232,691.4186682701111,151561.56792315762
6233,691.4778754711151,151558.8034925741
6234,691.5369062423706,151556.98268192742
6235,691.643697977066,151554.23497280717
6236,691.7022471427917,151552.3565027701
6237,691.7882297039032,151549.62587293645
6238,691.8552973270416,151547.81538457435
6239,692.0074775218964,151545.2915117424
6240,692.1701560020447,151543.2835373289
6241,692.3253769874573,151540.66898130742
6242,692.4905366897583,151538.88193898983
6243,692.6409657001495,151536.11911605377
6244,692.7365424633026,151534.26802616235
6245,692.8393142223358,151531.5465630233
6246,692.8969373703003,151529.73533551986
6247,692.9545977115631,151527.04352120034
6248,693.016441822052,151525.13859463806
6249,693.0773086547852,151522.4106500998
6250,693.1494588851929,151520.57683347745
6251,693.2053725719452,151517.79869060847
6252,693.2656202316284,151515.95419160038
6253,693.3419117927551,151513.32403338363
6254,693.3990244865417,151511.41035879255
6255,693.4523141384125,151508.65392749428
6256,693.5169699192047,151506.81573376784
6257,693.6770117282867,151504.07673587443
6258,693.8378801345825,151502.21564758426
6259,693.902800321579,151499.49086428544
6260,693.9592039585114,151497.64700283838
6261,694.0154807567596,151495.00900113035
6262,694.1724758148193,151493.0887164917
6263,694.3173904418945,151490.37988129858
6264,694.4515995979309,151488.52971639478
6265,694.6253263950348,151485.85313260517
6266,694.8108270168304,151483.9691501524
6267,694.8649845123291,151481.3828923
6268,694.9201140403748,151479.48276691735
6269,694.9771375656128,151476.79687090177
6270,695.0358335971832,151474.94776351805
6271,695.1111507415771,151472.2402078162
6272,695.167929649353,151470.3980898562
6273,695.3221650123596,151467.78793429962
6274,695.4824850559235,151465.8725144976
6275,695.6200041770935,151463.13813653088
6276,695.7800180912018,151461.30166661405
6277,695.9381165504456,151458.5632528764
6278,696.0971245765686,151456.7050534312
6279,696.2539594173431,151453.97502677553
6280,696.371889591217,151452.13532574536
6281,696.5005834102631,151449.49993126967
6282,696.6404168605804,151447.57611346414
6283,696.7365124225616,151444.8541112217
6284,696.7954981327057,151443.0023277354
6285,696.8601961135864,151440.25398131966
6286,696.9257488250732,151438.40147198096
6287,697.0035202503204,151435.68901090726
6288,697.0676922798157,151433.83842321925
6289,697.238094329834,151431.22626151706
6290,697.305561542511,151429.32675937572
6291,697.3728199005127,151426.78155243822
6292,697.4397008419037,151424.8380352428
6293,697.5045480728149,151422.18707821728
6294,697.5923528671265,151420.4232826574
6295,697.6465249061584,151417.72757155847
6296,697.745970249176,151415.8305488118
6297,697.8063299655914,151413.16885524342
6298,698.0145094394684,151411.3520629315
6299,698.1425120830536,151408.62876711713
6300,698.3158519268036,151406.74878932926
6301,698.4875311851501,151404.10027277286
6302,698.6521127223969,151402.24720746742
6303,698.7901165485382,151399.50385704904
6304,698.8528950214386,151397.6468141757
6305,698.917181968689,151394.9372936797
6306,698.9805080890656,151393.1008295963
6307,699.0430994033813,151390.4996546412
6308,699.1115446090698,151388.56841322265
6309,699.1702606678009,151385.85478539922
6310,699.2408571243286,151384.02183139333
6311,699.3160953521729,151381.34571058006
6312,699.3789737224579,151379.46128633944
6313,699.4805274009705,151376.85260378107
6314,699.5405457019806,151374.97889514433
6315,699.663257598877,151372.38312247634
6316,699.803254365921,151370.48000873113
6317,699.9400012493134,151367.8201966161
6318,700.0429592132568,151365.9888598028
6319,700.1235446929932,151363.35297530374
6320,700.182984828949,151361.45495585332
6321,700.2429573535919,151358.74652815473
6322,700.3133616447449,151356.92695148019
6323,700.367285490036,151354.24569973198
6324,700.4263401031494,151352.36134764494
6325,700.486448764801,151349.70294494036
6326,700.5478012561798,151347.84554579126
6327,700.6053235530853,151345.12468619418
6328,700.6604650020599,151343.25692849563
6329,700.8259794712067,151340.59076422456
6330,700.975653886795,151338.72739148396
6331,701.0298216342926,151336.03621506732
6332,701.0981645584106,151334.1617281239
6333,701.1663174629211,151331.51377073268
6334,701.2336461544037,151329.63278839106
6335,701.2951645851135,151326.94206768635
6336,701.4309206008911,151325.06182093284
6337,701.5545010566711,151322.33551872714
6338,701.6988296508789,151320.50847410178
6339,701.842221736908,151317.9423585616
6340,701.9685397148132,151316.00358807723
6341,702.1087467670441,151313.4098491277
6342,702.2052798271179,151311.5263623713
6343,702.269693851471,151308.95634685742
6344,702.3605046272278,151307.0978861555
6345,702.4337022304535,151304.4390138403
6346,702.5207970142365,151302.62367021333
6347,702.633421421051,151300.01932415832
6348,702.7968647480011,151298.1070956953
6349,702.943286895752,151295.3970482889
6350,703.0862843990326,151293.57432202017
6351,703.2236838340759,151290.86851962362
6352,703.3883233070374,151289.00226112327
6353,703.633181810379,151286.38513615346
6354,703.8573207855225,151284.50448747716
6355,704.1057138442993,151281.8205882212
6356,704.1681129932404,151279.94801851228
6357,704.2213432788849,151277.3379954727
6358,704.279589176178,151275.4732254912
6359,704.3367536067963,151273.1543267861
6360,704.3981175422668,151271.06536247427
6361,704.4572513103485,151268.4331692783
6362,704.5287716388702,151266.63126930775
6363,704.587076663971,151263.95969517267
6364,704.6532807350159,151262.043508959
6365,704.7809643745422,151259.45729534246
6366,704.953394651413,151257.62047661017
6367,705.1448175907135,151255.0144225114
6368,705.306233882904,151253.09645352518
6369,705.4616990089417,151250.42194791124
6370,705.6215891838074,151248.5995397577
6371,705.7745535373688,151245.92964586764
6372,705.9717900753021,151244.0523904637
6373,706.1243886947632,151241.47993275287
6374,706.2759020328522,151239.58570940647
6375,706.4218757152557,151236.89696193425
6376,706.5733399391174,151235.01635693052
6377,706.7130100727081,151232.31758441663
6378,706.8607671260834,151230.48410939248
6379,707.0088348388672,151227.81340114182
6380,707.1675732135773,151225.93260898397
6381,707.372211933136,151223.3402990185
6382,707.604177236557,151221.44343838474
6383,707.7180881500244,151218.78565466378
6384,707.8656077384949,151216.88486117672
6385,707.9222359657288,151214.16333042935
6386,707.9769694805145,151212.34532448114
6387,708.0847859382629,151209.69752400424
6388,708.1434035301208,151207.8001715198
6389,708.1976616382599,151205.25731038806
6390,708.2559971809387,151203.35928048374
6391,708.3095810413361,151200.87125736268
6392,708.3704314231873,151198.90441259567
6393,708.4341661930084,151196.44367093686
6394,708.5607538223267,151194.54836454205
6395,708.7066648006439,151192.05438963047
6396,708.8634378910065,151190.1708642646
6397,709.0168602466583,151187.66091785717
6398,709.1957256793976,151185.76691903028
6399,709.2917819023132,151183.27661477128
6400,709.3496813774109,151181.34334585984
6401,709.5049588680267,151178.79123732238
6402,709.5790963172913,151176.90668457194
6403,709.642728805542,151174.45608204044
6404,709.6957039833069,151172.48138563972
6405,709.7497556209564,151169.95106509654
6406,709.8075642585754,151168.0478599355
6407,709.8677747249603,151165.4988952322
6408,709.9250736236572,151163.5919279634
6409,710.009699344635,151161.1925657963
6410,710.0855071544647,151159.19955754743
6411,710.1404461860657,151156.69199236188
6412,710.1980195045471,151154.78194718267
6413,710.2552032470703,151152.29203330533
6414,710.3136913776398,151150.3605616044
6415,710.3728885650635,151147.99534067442
6416,710.433961391449,151146.00023059285
6417,710.4965744018555,151143.49060412677
6418,710.6021296977997,151141.5752391082
6419,710.6631484031677,151139.0459244686
6420,710.7237195968628,151137.13587397107
6421,710.7804806232452,151134.64155381155
6422,710.8594071865082,151132.70722644098
6423,710.9143505096436,151130.3130561327
6424,710.986706495285,151128.31958371832
6425,711.0447828769684,151125.82051562343
6426,711.1826252937317,151123.87884514913
6427,711.2441375255585,151121.34716879402
6428,711.3014397621155,151119.43939907363
6429,711.4375004768372,151116.9570227455
6430,711.5986747741699,151115.0005043157
6431,711.7573759555817,151112.58423651804
6432,711.9454548358917,151110.61424302086
6433,712.198591709137,151108.13124007598
6434,712.4695465564728,151106.17584205937
6435,712.6571543216705,151103.67505148685
6436,712.8552536964417,151101.76073257637
6437,713.0452926158905,151099.42109878783
6438,713.2174813747406,151097.37100741593
6439,713.3762814998627,151094.88402170065
6440,713.5550339221954,151092.96774479205
6441,713.7166545391083,151090.47729962145
6442,713.889434337616,151088.53131032403
6443,713.9973151683807,151086.1360395017
6444,714.1286323070526,151084.18268299196
6445,714.2759029865265,151081.9132878019
6446,714.4375674724579,151079.8728873566
6447,714.5372498035431,151077.48459435624
6448,714.6788377761841,151075.647551323
6449,714.8325395584106,151073.19163106562
6450,714.8899168968201,151071.2038078396
6451,714.9472026824951,151068.8185519304
6452,715.0051500797272,151066.867015561
6453,715.0669295787811,151064.29796988695
6454,715.1728055477142,151062.44343759524
6455,715.231752872467,151060.21324373098
6456,715.2915370464325,151058.079894739
6457,715.3494818210602,151055.5443878303
6458,715.407963514328,151053.73873461207
6459,715.4728932380676,151051.34213727032
6460,715.5338561534882,151049.27072666527
6461,715.6537563800812,151046.7887160487
6462,715.787024974823,151044.97887506412
6463,715.8475041389465,151042.71380826295
6464,715.9054210186005,151040.54636426648
6465,715.967282295227,151038.08556024526
6466,716.0263454914093,151036.32302670472
6467,716.0889022350311,151033.87329697635
6468,716.1504991054535,151031.79954756473
6469,716.2997434139252,151029.46865025125
6470,716.4647300243378,151027.57485887725
6471,716.6164178848267,151025.14565678817
6472,716.6836934089661,151023.0927340161
6473,716.7398748397827,151020.60637873848
6474,716.8003392219543,151018.7832022862
6475,716.8607370853424,151016.50089483144
6476,716.9173672199249,151014.34485944165
6477,716.9748687744141,151011.8649498027
6478,717.0331318378448,151010.0526476919
6479,717.1610913276672,151007.65150307328
6480,717.2930788993835,151005.56780194212
6481,717.4382884502411,151003.2109675774
6482,717.5801167488098,151001.31777023146
6483,717.636880159378,150998.92538211198
6484,717.7055401802063,150996.83946935408
6485,717.7632308006287,150994.35030508644
6486,717.8187274932861,150992.53565292462
6487,717.8776800632477,150990.244896409
6488,717.9352958202362,150988.08944943166
6489,718.004269361496,150985.63832564148
6490,718.0585024356842,150983.82803992546
6491,718.1179528236389,150981.58738386183
6492,718.182285785675,150979.41159361237
6493,718.2418897151947,150977.08016758043
6494,718.3025181293488,150975.21613561624
6495,718.3619546890259,150972.9389806099
6496,718.4164838790894,150970.88208442403
6497,718.4727385044098,150968.49692832568
6498,718.532577753067,150966.7059520696
6499,718.5890481472015,150964.35306157463
6500,718.7580349445343,150962.23913900694
6501,718.8407759666443,150959.86173861672
6502,718.8983421325684,150958.0314865363
6503,718.9601058959961,150955.70555168515
6504,719.0212004184723,150953.57458927896
6505,719.0778861045837,150951.22712839584
6506,719.1428027153015,150949.3750248009
6507,719.2003674507141,150947.0560688217
6508,719.2609794139862,150944.91636761025
6509,719.3644092082977,150942.48275510696
6510,719.4235100746155,150940.72920639132
6511,719.4842157363892,150938.52613588393
6512,719.5442454814911,150936.2737891072
6513,719.6257529258728,150933.87586196765
6514,719.6865446567535,150932.12620154777
6515,719.7467563152313,150929.75284773932
6516,719.863817691803,150927.6103250533
6517,719.9209287166595,150925.27326199113
6518,719.9797148704529,150923.42257709557
6519,720.0827167034149,150921.12153431494
6520,720.2302911281586,150918.97800569524
6521,720.3665599822998,150916.63905307098
6522,720.5012516975403,150914.77264293339
6523,720.6481368541718,150912.4705039672
6524,720.8002479076385,150910.3141589674
6525,720.9544005393982,150907.8502357348
6526,721.0158188343048,150906.06450951227
6527,721.0757710933685,150903.825345516
6528,721.1360831260681,150901.61884266144
6529,721.1940627098083,150899.29232387446
6530,721.2561292648315,150897.48285130854
6531,721.3129799365997,150895.1466837752
6532,721.372983455658,150892.97550283404
6533,721.4275240898132,150890.55433711075
6534,721.487464427948,150888.76274616053
6535,721.5624651908875,150886.57315099172
6536,721.7254559993744,150884.3287386042
6537,721.7903914451599,150881.90112159966
6538,721.8572242259979,150880.16719604723
6539,721.9207191467285,150877.93185518793
6540,721.9950141906738,150875.6872252792
6541,722.0630779266357,150873.32577854497
6542,722.137345790863,150871.53546651968
6543,722.2125160694122,150869.41619432459
6544,722.2830150127411,150867.14802264946
6545,722.3891096115112,150864.88794054653
6546,722.4719295501709,150863.08135660394
6547,722.5444707870483,150860.861980908
6548,722.629665851593,150858.75109035734
6549,722.7994861602783,150856.4476943932
6550,722.9163780212402,150854.5885996258
6551,722.9883954524994,150852.36920256563
6552,723.080619096756,150850.17993113902
6553,723.2463114261627,150847.73345639813
6554,723.420816898346,150846.0184332605
6555,723.5992484092712,150843.78496081516
6556,723.7132141590118,150841.5452741102
6557,723.8179471492767,150839.34488847083
6558,723.9048302173615,150837.45896455672
6559,724.0040254592896,150835.20970437423
6560,724.095988035202,150833.007769256
6561,724.2046167850494,150830.58720526533
6562,724.307258605957,150828.856510902
6563,724.4552879333496,150826.60658168394
6564,724.6206662654877,150824.38255561006
6565,724.7796754837036,150822.05927722706
6566,724.9458413124084,150820.2400541281
6567,725.1013607978821,150818.08139328694
6568,725.2722771167755,150815.83489067928
6569,725.4358537197113,150813.47397261052
6570,725.6019673347473,150811.72108279247
6571,725.7574427127838,150809.5047027113
6572,725.906007528305,150807.26350211664
6573,726.0557627677917,150805.00271060338
6574,726.2213277816772,150803.19647004752
6575,726.3714120388031,150800.93778911338
6576,726.5073518753052,150798.71628445978
6577,726.6316628456116,150796.31210989002
6578,726.7954742908478,150794.53897332604
6579,726.9471552371979,150792.39392697968
6580,727.110244512558,150790.12125799299
6581,727.2374625205994,150787.81100681826
6582,727.2927901744843,150786.03015523602
6583,727.422607421875,150783.7904393596
6584,727.4798414707184,150781.5582890578
6585,727.5498096942902,150779.17758884444
6586,727.6023128032684,150777.39864945028
6587,727.6605014801025,150775.3562911001
6588,727.8190815448761,150773.01174046853
6589,727.91384100914,150770.61406024764
6590,727.9679269790649,150768.90658387082
6591,728.0422501564026,150766.714497517
6592,728.1015031337738,150764.46251222838
6593,728.1697461605072,150762.3301280989
6594,728.225264787674,150760.41179948405
6595,728.2822015285492,150758.3167340932
6596,728.3426220417023,150756.1739641255
6597,728.3992373943329,150753.81631696073
6598,728.4571197032928,150752.03862738758
6599,728.6214542388916,150749.89073914548
6600,728.8155229091644,150747.63274540863
6601,729.0154840946198,150745.24120678712
6602,729.1892011165619,150743.5400056648
6603,729.3439886569977,150741.47781256697
6604,729.5068366527557,150739.10559019985
6605,729.6555585861206,150736.7709449085
6606,729.7197351455688,150735.11510432634
6607,729.8285355567932,150732.85596766527
6608,729.9530501365662,150730.585590811
6609,730.079975605011,150728.44509243214
6610,730.2431418895721,150726.54883412967
6611,730.398805141449,150724.38059806303
6612,730.5399680137634,150722.13994952527
6613,730.6934044361115,150719.72149931852
6614,730.8357141017914,150718.00296766192
6615,730.8911826610565,150715.8236664402
6616,730.9470326900482,150713.563742582
6617,731.0077447891235,150711.26424856973
6618,731.0677614212036,150709.4428072275
6619,731.1224067211151,150707.3350440237
6620,731.1884007453918,150705.0717464185
6621,731.244912147522,150702.78762553635
6622,731.3021082878113,150700.9904886244
6623,731.4577758312225,150698.81282681768
6624,731.6051325798035,150696.55551145523
6625,731.6784360408783,150694.16672937264
6626,731.7399084568024,150692.44065878142
6627,731.8279278278351,150690.32261753752
6628,731.8864517211914,150688.02200065675
6629,731.9390895366669,150685.74365925515
6630,731.9955983161926,150683.95668071005
6631,732.1382405757904,150681.77096341536
6632,732.2774333953857,150679.52737220313
6633,732.4328100681305,150677.14626821625
6634,732.601708650589,150675.36185140343
6635,732.7506601810455,150673.38246574477
6636,732.9038746356964,150671.0266503218
6637,733.1414349079132,150668.62115059257
6638,733.3164157867432,150666.91051334608
6639,733.4678237438202,150664.74291357302
6640,733.633538722992,150662.49973238204
6641,733.7830760478973,150660.3126284778
6642,733.948974609375,150658.4340435043
6643,734.106219291687,150656.41884873263
6644,734.2660903930664,150654.17940937923
6645,734.4222922325134,150651.80179875006
6646,734.5859344005585,150650.17058231673
6647,734.7386753559113,150648.10223876723
6648,734.8981485366821,150645.73760187186
6649,735.0515785217285,150643.40887597975
6650,735.2113215923309,150641.76865619843
6651,735.3664853572845,150639.52741081492
6652,735.5331094264984,150637.26134851258
6653,735.6862218379974,150635.09728978353
6654,735.8534009456635,150633.2132510352
6655,736.0096085071564,150631.0319557339
6656,736.1728703975677,150628.82931829806
6657,736.3289713859558,150626.38806909393
6658,736.500940322876,150624.60694486366
6659,736.6523153781891,150622.4597194559
6660,736.8170733451843,150620.2593344763
6661,736.9701905250549,150617.98728439683
6662,737.1235315799713,150616.09586793592
6663,737.2691884040833,150613.9467902759
6664,737.4351217746735,150611.75860043277
6665,737.5898747444153,150609.31129727294
6666,737.7708649635315,150607.51054943362
6667,737.9162139892578,150605.4363100068
6668,738.0758481025696,150603.2093554522
6669,738.2283418178558,150600.89593229143
6670,738.3875362873077,150599.0778648795
6671,738.5442955493927,150596.88325031908
6672,738.7141411304474,150594.71324189426
6673,738.8652648925781,150592.3049080274
6674,739.0263276100159,150590.48768413387
6675,739.1813328266144,150588.50312752667
6676,739.3504619598389,150586.21641599917
6677,739.5030789375305,150583.77715505366
6678,739.679140329361,150582.03154196002
6679,739.8371851444244,150579.8215067359
6680,740.0027701854706,150577.66099569164
6681,740.1432032585144,150575.31035318726
6682,740.3014914989471,150573.45151359023
6683,740.4519958496094,150571.33007240953
6684,740.6107296943665,150569.15947138265
6685,740.7673001289368,150566.76355434486
6686,740.9429709911346,150564.91274818225
6687,741.0947732925415,150562.7835631709
6688,741.2574124336243,150560.63093685522
6689,741.4110019207001,150558.36322030693
6690,741.5676259994507,150556.4556351691
6691,741.7334017753601,150554.40601913322
6692,741.8914251327515,150552.19490871805
6693,742.0445528030396,150549.8356694893
6694,742.204779624939,150548.09294858825
6695,742.3617472648621,150545.92184499552
6696,742.5779454708099,150543.78543633607
6697,742.7713956832886,150541.45719824196
6698,742.8314282894135,150539.59553108242
6699,742.8961834907532,150537.43082306086
6700,743.0543773174286,150535.296863202
6701,743.2082459926605,150533.0165305651
6702,743.3244307041168,150531.0864539488
6703,743.3824305534363,150528.91954247208
6704,743.4452412128448,150526.78445469594
6705,743.5461685657501,150524.3348334414
6706,743.6143999099731,150522.49814511105
6707,743.6733963489532,150520.34991402001
6708,743.760231256485,150518.22977094445
6709,743.8201832771301,150515.88654614723
6710,743.8822033405304,150513.98158475646
6711,743.9383270740509,150511.8140004711
6712,744.0789098739624,150509.71209857825
6713,744.1322751045227,150507.29897851206
6714,744.2977111339569,150505.4173834653
6715,744.4328422546387,150503.3592842259
6716,744.4937391281128,150501.19039214044
6717,744.5542566776276,150498.7414862172
6718,744.6178212165833,150496.90315952612
6719,744.7877314090729,150494.88729026497
6720,744.9538984298706,150492.68042428888
6721,745.1059522628784,150490.22161720443
6722,745.2828869819641,150488.39927465247
6723,745.4446973800659,150486.22195463514
6724,745.6168811321259,150484.1199022298
6725,745.716968536377,150481.8482572038
6726,745.7764842510223,150479.8851216218
6727,745.8328373432159,150477.6837451494
6728,745.892970085144,150475.57992478154
6729,745.953450679779,150473.09043034475
6730,746.1056351661682,150471.23099190366
6731,746.1674427986145,150469.02418686048
6732,746.3316140174866,150466.95217633943
6733,746.4750170707703,150464.44913195976
6734,746.6456594467163,150462.57324655502
6735,746.7925493717194,150460.4987374051
6736,746.9413743019104,150458.35509853618
6737,747.0909445285797,150455.87770343918
6738,747.2584109306335,150454.02636391847
6739,747.4126026630402,150452.0455606545
6740,747.5701882839203,150449.85093405764
6741,747.7175416946411,150447.5136014164
6742,747.7968633174896,150445.62032500055
6743,747.8542368412018,150443.5206838259
6744,747.9110815525055,150441.49072960846
6745,747.9658634662628,150439.11804547685
6746,748.0221893787384,150437.2352511279
6747,748.0795035362244,150435.05383811897
6748,748.1339042186737,150432.9821341586
6749,748.189204454422,150430.51419373025
6750,748.2757394313812,150428.6754286541
6751,748.3504588603973,150426.68474472288
6752,748.6201877593994,150424.47419828366
6753,748.7599189281464,150422.00062619586
6754,748.8946614265442,150420.17617500998
6755,749.0443620681763,150417.95907610818
6756,749.1328866481781,150415.90254836855
6757,749.2181775569916,150413.44745127845
6758,749.3867678642273,150411.58011753001
6759,749.5384588241577,150409.58733614723
6760,749.698921918869,150407.3980880479
6761,749.8542404174805,150404.92406206086
6762,750.0218069553375,150403.07532589266
6763,750.1772630214691,150400.8799259911
6764,750.3459107875824,150398.83449152092
6765,750.5027446746826,150396.35438450234
6766,750.6783602237701,150394.48919443396
6767,750.8323020935059,150392.4412829837
6768,750.9934179782867,150390.29952592187
6769,751.1512882709503,150387.8155525011
6770,751.3130071163177,150385.96249739564
6771,751.4653091430664,150383.78612783644
6772,751.6216976642609,150381.74202220596
6773,751.7786893844604,150379.44651594755
6774,751.9395699501038,150377.46879177046
6775,752.0989220142365,150375.21714997318
6776,752.2757661342621,150373.19202453588
6777,752.4213280677795,150370.6746569842
6778,752.578515291214,150368.78867407446
6779,752.7316818237305,150366.5712121963
6780,752.8934397697449,150364.55375016044
6781,753.0496714115143,150362.0531109721
6782,753.2466197013855,150360.15123723334
6783,753.3965721130371,150358.13152510254
6784,753.5450305938721,150355.98934350608
6785,753.6824054718018,150353.47981882349
6786,753.8324129581451,150351.62063011908
6787,753.9887158870697,150349.4337816607
6788,754.1524040699005,150347.42430007638
6789,754.2991819381714,150345.0468888751
6790,754.4638063907623,150343.10589206152
6791,754.61390209198,150341.14865164086
6792,754.7724289894104,150339.06310868496
6793,754.9226574897766,150336.5398925033
6794,755.0926814079285,150334.71968444198
6795,755.2479281425476,150332.50943409558
6796,755.4115998744965,150330.50248715858
6797,755.562558889389,150328.1622905071
6798,755.7336194515228,150326.19987129053
6799,755.8875572681427,150323.92515552175
6800,756.0484187602997,150321.93736663982
6801,756.1975684165955,150319.42820558883
6802,756.3670704364777,150317.52747237173
6803,756.5346939563751,150315.48764242476
6804,756.7001626491547,150313.37682458552
6805,756.8588497638702,150310.86987134247
6806,757.0329899787903,150309.0123316307
6807,757.186014175415,150306.8085666507
6808,757.3554842472076,150304.80560097244
6809,757.5171773433685,150302.53363844342
6810,757.6985056400299,150300.52466723317
6811,757.849809885025,150298.25543120815
6812,758.0109069347382,150296.2515754411
6813,758.1717839241028,150293.7312039972
6814,758.3451025485992,150291.84483642472
6815,758.4991655349731,150289.57942015055
6816,758.6560471057892,150287.6063074748
6817,758.8039560317993,150285.06194998004
6818,758.9696481227875,150283.15431891725
6819,759.1206467151642,150280.92939102996
6820,759.2920734882355,150278.95026676016
6821,759.4721450805664,150276.6517977729
6822,759.8019556999207,150274.61903084398
6823,759.9375987052917,150272.3523105078
6824,760.0789840221405,150270.36007313844
6825,760.2037694454193,150267.82127566764
6826,760.3334045410156,150265.9231911117
6827,760.4775590896606,150263.64913957712
6828,760.6329848766327,150261.69571673602
6829,760.7614271640778,150259.1424448471
6830,760.9341444969177,150257.23038670685
6831,761.0887713432312,150254.96185545129
6832,761.2593560218811,150253.02116175884
6833,761.4068477153778,150250.50311898688
6834,761.574714422226,150248.59021679044
6835,761.7679421901703,150246.61610362557
6836,762.021635055542,150244.5210116544
6837,762.1368753910065,150242.1285997201
6838,762.2916498184204,150240.23159496387
6839,762.4332008361816,150238.09170939415
6840,762.5890934467316,150236.1533331074
6841,762.6841397285461,150233.63524429424
6842,762.7746558189392,150231.8080693172
6843,762.9048483371735,150229.8042456578
6844,763.0348336696625,150227.67909634917
6845,763.1867733001709,150225.16035043623
6846,763.3565368652344,150223.3237836518
6847,763.5140066146851,150221.0308379789
6848,763.6861140727997,150219.0846455379
6849,763.7561228275299,150216.55225995384
6850,763.8154323101044,150214.66411872918
6851,763.8739802837372,150212.4110093547
6852,763.9325017929077,150210.46054010748
6853,764.0002813339233,150208.22845495597
6854,764.0708780288696,150206.16842380905
6855,764.1367926597595,150203.89079502254
6856,764.191903591156,150201.92379278206
6857,764.248471736908,150199.4112173488
6858,764.3096277713776,150197.5145461354
6859,764.368542432785,150195.24573503702
6860,764.4775540828705,150193.31135028842
6861,764.6222941875458,150190.76960249187
6862,764.809770822525,150188.8687925612
6863,764.8787298202515,150186.56860546072
6864,765.0164670944214,150184.65596458275
6865,765.090261220932,150182.2149473689
6866,765.1584148406982,150180.2493571128
6867,765.2202482223511,150178.0102205834
6868,765.287008523941,150176.06798443117
6869,765.3473334312439,150173.7264471992
6870,765.519816160202,150171.7240277283
6871,765.6818747520447,150169.41839453482
6872,765.814768075943,150167.47830975373
6873,765.9257879257202,150164.9198480605
6874,766.0927038192749,150163.02952845718
6875,766.2532625198364,150160.73375234194
6876,766.4249241352081,150158.80473527347
6877,766.5017342567444,150156.26987995024
6878,766.561550617218,150154.36481025213
6879,766.6228816509247,150152.3464358554
6880,766.6846311092377,150150.25597877096
6881,766.7468452453613,150147.704022054
6882,766.8068146705627,150145.8372001901
6883,766.8724088668823,150143.57517283023
6884,766.952029466629,150141.65651500013
6885,767.0356152057648,150139.2303001246
6886,767.1029183864594,150137.2789868431
6887,767.1713755130768,150135.0979487894
6888,767.2273397445679,150133.19487898078
6889,767.282387971878,150130.70496056406
6890,767.3380393981934,150128.86556697387
6891,767.3987271785736,150126.89078794108
6892,767.4549448490143,150124.78057510566
6893,767.5096788406372,150122.25605209134
6894,767.5712547302246,150120.4202556898
6895,767.6320400238037,150118.12502916355
6896,767.7153401374817,150116.2064839173
6897,767.77015376091,150113.69343344014
6898,767.8628215789795,150111.79980358708
6899,768.0065023899078,150109.5310678805
6900,768.078533411026,150107.6129891489
6901,768.1389005184174,150105.2643853468
6902,768.2429332733154,150103.2942000905
6903,768.4506721496582,150101.0006183321
6904,768.6113443374634,150099.09176930328
6905,768.6719491481781,150096.64110454769
6906,768.7292025089264,150094.7060941711
6907,768.8732216358185,150092.63468035948
6908,768.9467270374298,150090.6041670884
6909,769.0508649349213,150088.09647471335
6910,769.1611993312836,150086.2221717322
6911,769.2211806774139,150083.9508513776
6912,769.282187461853,150082.03711331746
6913,769.3962435722351,150079.54615065246
6914,769.453622341156,150077.63392002278
6915,769.5098843574524,150075.55264730597
6916,769.5918378829956,150073.50748829677
6917,769.7420544624329,150071.0036892335
6918,769.8572833538055,150069.1163195951
6919,769.9841902256012,150066.81013304036
6920,770.0886058807373,150064.89588407427
6921,770.152313709259,150062.38430146436
6922,770.2506079673767,150060.4784336913
6923,770.3225500583649,150058.20592441197
6924,770.4225499629974,150056.28269332065
6925,770.4995627403259,150053.99248846067
6926,770.7236988544464,150051.96679885298
6927,770.9633991718292,150049.6401967506
6928,771.1499645709991,150047.71098510607
6929,771.306845664978,150045.19080895252
6930,771.5096094608307,150043.2806049105
6931,771.7260956764221,150040.96162573187
6932,771.9544622898102,150039.07077463358
6933,772.0135698318481,150036.57830766408
6934,772.0790452957153,150034.67138397213
6935,772.1354501247406,150032.4943843774
6936,772.3078486919403,150030.53835537075
6937,772.4604294300079,150028.21978930634
6938,772.6220791339874,150026.3260450604
6939,772.7721903324127,150024.09665176025
6940,772.9403171539307,150022.16166025502
6941,773.0940477848053,150019.89496545735
6942,773.2674729824066,150017.93227119072
6943,773.4308776855469,150015.5911197819
6944,773.6002564430237,150013.62616905582
6945,773.7586646080017,150011.0845544304
6946,773.935560464859,150009.22745004957
6947,774.0958256721497,150006.95277156789
6948,774.2616827487946,150005.0004977906
6949,774.4232342243195,150002.47350428853
6950,774.6040563583374,150000.60590147876
6951,774.7685248851776,149998.30462873887
6952,774.9405932426453,149996.3815395727
6953,775.0996181964874,149994.01461909566
6954,775.2575993537903,149992.07816392096
6955,775.4169836044312,149989.8142923864
6956,775.5757415294647,149987.88270554342
6957,775.7381563186646,149985.64297943257
6958,775.9060506820679,149983.6389202844
6959,776.0701041221619,149981.27474435858
6960,776.2323369979858,149979.34763654522
6961,776.3852994441986,149976.87280226962
6962,776.5099809169769,149974.9842782903
6963,776.6667578220367,149972.67461435538
6964,776.8395099639893,149970.7778125403
6965,776.9910578727722,149968.2887010499
6966,777.1676983833313,149966.38289317474
6967,777.3351562023163,149964.02929015877
6968,777.5051553249359,149962.16825182128
6969,777.6547651290894,149959.8448407198
6970,777.8290901184082,149957.86831941604
6971,777.9905791282654,149955.52168619237
6972,778.1447947025299,149953.6432945331
6973,778.2982034683228,149951.16763542496
6974,778.4739482402802,149949.23100970205
6975,778.6421444416046,149947.11924236242
6976,778.8153631687164,149945.1233252162
6977,778.9654653072357,149942.6362842676
6978,779.1430625915527,149940.71486509597
6979,779.3061366081238,149938.3663516187
6980,779.4783403873444,149936.49182610927
6981,779.6407163143158,149934.05105295728
6982,779.7883894443512,149932.16994192594
6983,779.9363162517548,149929.9720009252
6984,780.1151173114777,149928.01943794574
6985,780.255895614624,149925.5690282095
6986,780.4373610019684,149923.75001246814
6987,780.5829577445984,149921.43691322213
6988,780.7281837463379,149919.53035856038
6989,780.8858618736267,149917.11793771418
6990,781.0834844112396,149915.2339584004
6991,781.2470240592957,149913.0045108122
6992,781.4167854785919,149911.02651226404
6993,781.4804677963257,149908.62721831
6994,781.5417718887329,149906.71533223338
6995,781.6488587856293,149904.36931670457
6996,781.7123398780823,149902.45812903027
6997,781.7687430381775,149900.12910797863
6998,781.8427205085754,149898.17418763347
6999,781.9161624908447,149895.8390701608
7000,782.0118668079376,149893.9102760346
7001,782.069117307663,149891.44017891464
7002,782.1276800632477,149889.5481050273
7003,782.1887495517731,149887.50633363644
7004,782.2534565925598,149885.4450954591
7005,782.316752910614,149882.97876576165
7006,782.3781464099884,149881.0979442589
7007,782.4774305820465,149878.7613799691
7008,782.5478489398956,149876.87570840385
7009,782.617641210556,149874.37185400963
7010,782.7878794670105,149872.477636208
7011,782.9481449127197,149870.12287146287
7012,783.1171333789825,149868.2407379501
7013,783.2214839458466,149865.93159170946
7014,783.2807276248932,149863.93775458357
7015,783.4281027317047,149861.57061775718
7016,783.5961589813232,149859.66905484739
7017,783.7401075363159,149857.16700106996
7018,783.8294463157654,149855.26474244296
7019,783.9517138004303,149853.0375116886
7020,784.0104658603668,149851.08668926047
7021,784.0710353851318,149848.59413981249
7022,784.1422355175018,149846.7251413745
7023,784.2054724693298,149844.5911978722
7024,784.2632839679718,149842.60011477352
7025,784.4084253311157,149840.07052401575
7026,784.5883417129517,149838.1926864965
7027,784.7447962760925,149835.83743871967
7028,784.929182767868,149833.96575869623
7029,785.0932760238647,149831.6097966937
7030,785.2711186408997,149829.62960833023
7031,785.4242932796478,149827.29490778368
7032,785.4847037792206,149825.42420275658
7033,785.5457122325897,149823.1714447934
7034,785.6126718521118,149821.2191153455
7035,785.6725127696991,149819.22742995288
7036,785.781818151474,149817.27086753122
7037,785.8980882167816,149814.74105626284
7038,786.054033279419,149812.92010786102
7039,786.2251517772675,149810.59514239593
7040,786.392867565155,149808.74271316925
7041,786.5381526947021,149806.23434003236
7042,786.6847450733185,149804.37245905356
7043,786.844979763031,149802.05469918146
7044,786.9958317279816,149800.18783809646
7045,787.1666114330292,149797.97674981185
7046,787.3406884670258,149795.98940580816
7047,787.4057071208954,149793.61331130765
7048,787.4675333499908,149791.73060046154
7049,787.5266609191895,149789.25897306457
7050,787.5909588336945,149787.38674873963
7051,787.6530029773712,149785.01563135002
7052,787.7151658535004,149783.18655857642
7053,787.8009448051453,149780.72954300954
7054,787.8689551353455,149778.8709226472
7055,787.9556605815887,149776.5076278973
7056,788.035685300827,149774.69143240896
7057,788.0996098518372,149772.39961171735
7058,788.1599361896515,149770.40105515663
7059,788.2167508602142,149767.96433641016
7060,788.2774353027344,149766.13956663004
7061,788.3398835659027,149763.70554670846
7062,788.4026625156403,149761.83306319098
7063,788.4653851985931,149759.51082927312
7064,788.5518260002136,149757.6586717575
7065,788.6118185520172,149755.35959850214
7066,788.6721792221069,149753.40753418274
7067,788.7329881191254,149750.9971538923
7068,788.7998912334442,149749.17200990082
7069,788.9587938785553,149746.67389077583
7070,789.1398150920868,149744.78321642554
7071,789.3145952224731,149742.4771442684
7072,789.4861295223236,149740.620720626
7073,789.6371424198151,149738.21852757136
7074,789.7043352127075,149736.33559828746
7075,789.7639837265015,149734.16998046674
7076,789.8318388462067,149732.24636604256
7077,789.8925518989563,149729.79115630686
7078,789.9551985263824,149727.91098930364
7079,790.018922328949,149725.60907561914
7080,790.0756368637085,149723.7507061694
7081,790.1324641704559,149721.3989737462
7082,790.3085501194,149719.5535522612
7083,790.4679934978485,149717.23243073124
7084,790.6388847827911,149715.42420936306
7085,790.7883741855621,149712.99738681575
7086,790.9580974578857,149711.11992765663
7087,791.1229436397552,149708.91569681777
7088,791.3014760017395,149706.9968325469
7089,791.4664373397827,149704.5408272264
7090,791.6547563076019,149702.65357548062
7091,791.7282145023346,149700.2255950141
7092,791.934709072113,149698.42480659398
7093,791.9983639717102,149695.9964262636
7094,792.0766141414642,149694.1128658509
7095,792.1403868198395,149691.95574716764
7096,792.2078142166138,149690.02947542755
7097,792.2749969959259,149687.54804859572
7098,792.341463804245,149685.67429187807
7099,792.4092991352081,149683.35736680927
7100,792.4780147075653,149681.5342072875
7101,792.5507092475891,149679.33939753182
7102,792.6354641914368,149677.3295890142
7103,792.7011160850525,149674.89093074607
7104,792.7662267684937,149673.0690133386
7105,792.8747372627258,149670.6784165932
7106,792.9348151683807,149668.81275392423
7107,792.993077993393,149666.35963643575
7108,793.0638275146484,149664.55994842615
7109,793.1229107379913,149662.16409933526
7110,793.1818099021912,149660.29208608423
7111,793.2446444034576,149657.94855822474
7112,793.3075091838837,149656.091111103
7113,793.3669576644897,149653.72940124414
7114,793.450047492981,149651.83078114825
7115,793.509840965271,149649.62162329667
7116,793.5681538581848,149647.71227783462
7117,793.6298096179962,149645.29619158755
7118,793.6915953159332,149643.37363328223
7119,793.7540578842163,149640.85143340225
7120,793.8198869228363,149639.04933068177
7121,793.8848142623901,149636.70874224984
7122,793.9511270523071,149634.8472666088
7123,794.0169467926025,149632.30332160677
7124,794.0807199478149,149630.85070982997
7125,794.1355302333832,149628.28095992678
7126,794.2280592918396,149626.41926266046
7127,794.291510105133,149623.92982267364
7128,794.3697078227997,149622.0705597848
7129,794.4265577793121,149619.84450389713
7130,794.5588924884796,149617.9412862962
7131,794.7187552452087,149615.556659961
7132,794.8988163471222,149613.77013456094
7133,795.0606727600098,149611.43251312742
7134,795.2421550750732,149609.62984897805
7135,795.4035637378693,149607.40611609002
7136,795.562643289566,149605.4687389182
7137,795.7292423248291,149603.04111927722
7138,795.9128386974335,149601.16002885244
7139,796.0834107398987,149598.6585967056
7140,796.1940181255341,149596.82885417453
7141,796.2554275989532,149594.4611716777
7142,796.3365650177002,149592.62524743204
7143,796.4034943580627,149590.13476172904
7144,796.549952507019,149588.34838160357
7145,796.7165040969849,149585.98833828312
7146,796.892769575119,149584.15105935914
7147,797.0648958683014,149581.65850758948
7148,797.2548089027405,149579.82285446426
7149,797.4283435344696,149577.70573790386
7150,797.6007788181305,149575.74989446037
7151,797.6813042163849,149573.34572334378
7152,797.8643333911896,149571.45611403591
7153,798.0005836486816,149568.9716499921
7154,798.0647675991058,149567.14215362517
7155,798.1302952766418,149564.7481078642
7156,798.1943824291229,149563.0733240078
7157,798.2731714248657,149560.5741672712
7158,798.3453822135925,149558.97921969305
7159,798.4106118679047,149556.36426528858
7160,798.4758276939392,149554.5097065607
7161,798.5970997810364,149552.08213046455
7162,798.6637756824493,149550.40162985565
7163,798.791225194931,149547.87274469202
7164,798.8616809844971,149546.11686559313
7165,798.9223716259003,149543.6706771453
7166,798.9836194515228,149542.08877830708
7167,799.0543441772461,149539.46027181458
7168,799.2344570159912,149537.66974067746
7169,799.3060216903687,149535.31230290193
7170,799.3725349903107,149533.44765290146
7171,799.4388606548309,149530.9836509418
7172,799.5088217258453,149529.17047620358
7173,799.57661652565,149526.73739661498
7174,799.700122833252,149524.97413553554
7175,799.7657115459442,149522.6173544619
7176,799.8322629928589,149520.82853353614
7177,800.0011870861053,149518.41810003805
7178,800.1918432712555,149516.59674765143
7179,800.3540694713593,149514.29337910126
7180,800.5339949131012,149512.5254452582
7181,800.6583969593048,149510.4969765092
7182,800.720094203949,149508.5645225935
7183,800.8364882469177,149506.0062873581
7184,800.9820890426636,149504.2259001812
7185,801.1473174095154,149501.84444562878
7186,801.3408799171448,149500.054328197
7187,801.4998371601105,149497.54765165187
7188,801.6804773807526,149495.7391514263
7189,801.8418691158295,149493.28609713123
7190,801.9861612319946,149491.5450392395
7191,802.1550238132477,149489.16172322587
7192,802.3398814201355,149487.36074343504
7193,802.4952254295349,149484.84010963692
7194,802.6807563304901,149483.06847288212
7195,802.8586940765381,149480.71425580545
7196,803.0238978862762,149478.89691980087
7197,803.1910471916199,149476.801596002
7198,803.3313972949982,149474.8755188706
7199,803.4714357852936,149472.3809682925
7200,803.5466842651367,149470.52761030884
7201,803.602207660675,149468.12599659344
7202,803.6545631885529,149466.4133809102
7203,803.7065567970276,149463.94185742168
7204,803.7673795223236,149462.45336385389
7205,803.8198037147522,149459.82217753778
7206,803.8797850608826,149458.071318063
7207,803.9354169368744,149455.60041522761
7208,803.9882769584656,149453.68300367295
7209,804.0412123203278,149451.24878650907
7210,804.0931434631348,149449.52826190143
7211,804.151618719101,149447.03364547485
7212,804.2125639915466,149445.26537451477
7213,804.2801978588104,149443.07825731835
7214,804.3428773880005,149441.21933574797
7215,804.4013171195984,149438.6730124758
7216,804.469092130661,149436.93123628877
7217,804.5291323661804,149434.57973612062
7218,804.5914988517761,149432.79639367317
7219,804.6595346927643,149430.59999502607
7220,804.7307150363922,149428.69938728507
7221,804.7904608249664,149426.23558776846
7222,804.8514702320099,149424.42102864594
7223,804.9097108840942,149421.91747788017
7224,804.9778370857239,149420.15454503382
7225,805.0474228858948,149417.7740700631
7226,805.1087009906769,149416.09134188306
7227,805.1677646636963,149413.71883904721
7228,805.3453669548035,149412.2056930511
7229,805.4974339008331,149409.61410128497
7230,805.5816061496735,149407.8754356936
7231,805.7479281425476,149405.50745741918
7232,805.8119657039642,149403.64166761393
7233,805.8753571510315,149401.12919105822
7234,805.9321291446686,149399.35697781347
7235,805.9878480434418,149396.96834868105
7236,806.0434441566467,149395.1690161142
7237,806.0988230705261,149392.75762501365
7238,806.2268395423889,149391.0529987646
7239,806.2859556674957,149388.6085421905
7240,806.3545637130737,149386.79613534833
7241,806.4106426239014,149384.70861890464
7242,806.4647099971771,149382.84805618983
7243,806.5175776481628,149380.29157729787
7244,806.5776851177216,149378.53465338686
7245,806.6367838382721,149376.01564171506
7246,806.7035551071167,149374.54426656547
7247,806.7625939846039,149371.91679217955
7248,806.8262169361115,149370.21709995222
7249,806.8828971385956,149367.69598654014
7250,806.9371263980865,149366.18242579506
7251,806.9914479255676,149363.5265232084
7252,807.0699245929718,149361.8370593689
7253,807.1341006755829,149359.33170901999
7254,807.2040016651154,149357.5313970123
7255,807.2746403217316,149355.0427802076
7256,807.342759847641,149353.36200157044
7257,807.3943989276886,149350.8724411616
7258,807.4530460834503,149349.15620126599
7259,807.5095925331116,149346.61513500326
7260,807.6844234466553,149344.97237638858
7261,807.7479391098022,149342.4980424195
7262,807.8065609931946,149340.7579534976
7263,807.8644030094147,149338.22433713984
7264,807.9208354949951,149336.57856686064
7265,807.9821627140045,149334.21232279923
7266,808.1555597782135,149332.40708594018
7267,808.317461013794,149330.07978433484
7268,808.4782772064209,149328.33488817237
7269,808.6330344676971,149325.84038049745
7270,808.764565706253,149324.0827604925
7271,808.8259768486023,149321.62855629972
7272,808.9151606559753,149319.94951610087
7273,809.0176227092743,149317.85812519147
7274,809.0697889328003,149315.9295189631
7275,809.1222670078278,149313.39742426667
7276,809.1740188598633,149311.69036229444
7277,809.2256665229797,149309.3853506753
7278,809.2778584957123,149307.57676348937
7279,809.3370246887207,149305.18090485773
7280,809.3989653587341,149303.6764176736
7281,809.4584472179413,149301.09879239753
7282,809.5233619213104,149299.61459322818
7283,809.5881435871124,149296.9833085038
7284,809.6490185260773,149295.2618293015
7285,809.7143995761871,149292.76026483986
7286,809.7741806507111,149290.97734310437
7287,809.8394629955292,149288.48832449008
7288,809.8919324874878,149287.01104075625
7289,809.9427719116211,149284.38429457555
7290,809.9991593360901,149282.7063340144
7291,810.0560364723206,149280.1833010627
7292,810.1248073577881,149278.68549819294
7293,810.1860091686249,149276.0303263193
7294,810.3169281482697,149274.36127255237
7295,810.3793308734894,149271.8619239926
7296,810.4418261051178,149270.0778455165
7297,810.5788686275482,149267.5884078374
7298,810.6440744400024,149265.93753983668
7299,810.7018897533417,149263.4352364739
7300,810.7615537643433,149261.92897531734
7301,810.8201487064362,149259.25672211035
7302,810.8738722801208,149257.58991707859
7303,810.9362285137177,149255.13761750748
7304,810.9948391914368,149253.38659348866
7305,811.0538022518158,149250.83817311254
7306,811.1227796077728,149249.44949179795
7307,811.1919298171997,149246.7720733711
7308,811.2627809047699,149245.03865111718
7309,811.322184085846,149242.61712406145
7310,811.4234898090363,149240.83172832726
7311,811.4861462116241,149238.3161526344
7312,811.5496923923492,149236.67773910417
7313,811.6084930896759,149234.19724370062
7314,811.7678759098053,149232.48030114087
7315,811.9230020046234,149229.98701810514
7316,812.0838394165039,149228.34156517423
7317,812.2276730537415,149225.82737481807
7318,812.4075484275818,149224.4689308023
7319,812.550615310669,149221.71513079028
7320,812.7123484611511,149220.02370332813
7321,812.875504732132,149217.5517737003
7322,813.0657455921173,149215.70523568924
7323,813.2258234024048,149213.26200911764
7324,813.4107234477997,149211.58987643602
7325,813.5652034282684,149209.4179490713
7326,813.7348771095276,149207.53950700775
7327,814.041467666626,149205.1125942655
7328,814.2093541622162,149203.48450092305
7329,814.3669035434723,149201.06840263645
7330,814.5445249080658,149199.3400177809
7331,814.702695608139,149197.172718528
7332,814.8744366168976,149195.3494321887
7333,815.0055046081543,149192.80065777528
7334,815.1022703647614,149190.99372016647
7335,815.1519742012024,149188.51999359913
7336,815.2022981643677,149186.8545082568
7337,815.2545034885406,149184.39767506614
7338,815.3052122592926,149182.7076873901
7339,815.3556723594666,149180.19136303687
7340,815.4114103317261,149178.83365167232
7341,815.4784791469574,149176.13441124882
7342,815.5323801040649,149174.37662834808
7343,815.592687368393,149171.91264327423
7344,815.6669178009033,149170.09056026296
7345,815.7205634117126,149167.65858529398
7346,815.7829732894897,149165.93002250112
7347,815.8334577083588,149163.5766939083
7348,815.8844437599182,149161.83110194124
7349,815.9368662834167,149159.63363528572
7350,815.9882173538208,149157.83666961297
7351,816.0428538322449,149155.29325160952
7352,816.1091573238373,149153.53180725855
7353,816.1622297763824,149151.0405399265
7354,816.2167477607727,149149.36174962594
7355,816.2710719108582,149146.90851411418
7356,816.3376708030701,149145.16109574548
7357,816.3907341957092,149142.65330077303
7358,816.4428644180298,149140.9539158188
7359,816.5073051452637,149138.5157500061
7360,816.5774867534637,149136.72320980293
7361,816.6475298404694,149134.3084071564
7362,816.718141078949,149132.57807889496
7363,816.7947192192078,149130.34525958705
7364,816.8615086078644,149128.46393998616
7365,816.9285306930542,149125.94939807817
7366,817.0008490085602,149124.22010698085
7367,817.0689241886139,149121.76110501774
7368,817.1578516960144,149120.04061457008
7369,817.336540222168,149117.5672405271
7370,817.4433779716492,149115.8708375374
7371,817.5122504234314,149113.63679080934
7372,817.6928627490997,149111.7775682056
7373,817.8603386878967,149109.3088038877
7374,818.048431634903,149107.56428480294
7375,818.2177219390869,149105.3086187532
7376,818.3609578609467,149103.48187681078
7377,818.5042316913605,149101.1736091937
7378,818.6798212528229,149099.50101724296
7379,818.8409261703491,149097.3446449863
7380,819.0275681018829,149095.48941625818
7381,819.2015736103058,149092.96503829776
7382,819.3818943500519,149091.26463664562
7383,819.4889893531799,149088.83262312834
7384,819.570072889328,149087.12547294731
7385,819.621993303299,149084.6537843935
7386,819.6793780326843,149083.0089239535
7387,819.7451937198639,149080.5363349325
7388,819.8102858066559,149078.83902449612
7389,819.873063325882,149076.3615592698
7390,819.9267892837524,149074.69133217455
7391,819.9878976345062,149072.40254722472
7392,820.0480544567108,149070.5716465768
7393,820.1048572063446,149068.11576409123
7394,820.1614286899567,149066.40638979318
7395,820.21626329422,149064.25811644294
7396,820.2772784233093,149062.3931178697
7397,820.3293206691742,149059.87620012026
7398,820.3844549655914,149058.1524596867
7399,820.4400668144226,149055.70506244776
7400,820.4982950687408,149054.01135695074
7401,820.5533120632172,149051.54514655896
7402,820.6094291210175,149049.87637393808
7403,820.6671876907349,149047.36206815974
7404,820.7202851772308,149045.70127700706
7405,820.7732515335083,149043.2721858157
7406,820.8320372104645,149041.53044697823
7407,820.8854470252991,149039.42899909333
7408,820.9395751953125,149037.5391106048
7409,820.9920978546143,149034.99747512006
7410,821.0464231967926,149033.20350394753
7411,821.104248046875,149030.72709319252
7412,821.1604564189911,149029.37426828523
7413,821.2343347072601,149026.6579760762
7414,821.2876303195953,149025.0021660845
7415,821.3425505161285,149022.53690860147
7416,821.3970775604248,149020.7359205827
7417,821.4491038322449,149018.24512587703
7418,821.5034916400909,149016.63570080727
7419,821.5567145347595,149014.14467004058
7420,821.6162087917328,149012.40336910597
7421,821.6726410388947,149009.99884984182
7422,821.822407245636,149008.2941835186
7423,821.875732421875,149005.9714612871
7424,821.9338221549988,149004.2009767804
7425,821.9884073734283,149001.80490084234
7426,822.0454285144806,149000.1777786146
7427,822.1046760082245,148998.06175858201
7428,822.158584356308,148996.17866437638
7429,822.2131295204163,148993.606531081
7430,822.2703330516815,148991.88849950378
7431,822.324524641037,148989.45312955842
7432,822.3814911842346,148987.92794067046
7433,822.4348208904266,148985.34050368404
7434,822.4917206764221,148983.87526828906
7435,822.5445327758789,148981.27100058374
7436,822.6005880832672,148979.54559248817
7437,822.6563801765442,148977.0758954786
7438,822.7129483222961,148975.57178341737
7439,822.7669267654419,148972.94071395556
7440,822.8244383335114,148971.29310046887
7441,822.8809125423431,148968.84553349196
7442,822.9400508403778,148967.03080917848
7443,822.9948847293854,148964.5624817693
7444,823.0547099113464,148963.12586995735
7445,823.1106355190277,148960.5084510664
7446,823.1673393249512,148958.99454817545
7447,823.2255415916443,148956.4609421361
7448,823.2841491699219,148954.84904051537
7449,823.3386027812958,148952.3150862121
7450,823.397757768631,148950.7917965081
7451,823.4576156139374,148948.27080678372
7452,823.5107235908508,148946.6831093093
7453,823.5638644695282,148944.13720497285
7454,823.6184344291687,148942.67065679218
7455,823.6728405952454,148940.08603259773
7456,823.7272384166718,148938.4461337961
7457,823.7799541950226,148935.94895906362
7458,823.8360307216644,148934.45675125156
7459,823.8914284706116,148931.83498009335
7460,823.9498655796051,148930.22214168686
7461,824.0032434463501,148927.75414407023
7462,824.061635017395,148925.98197974107
7463,824.1146771907806,148923.51016313137
7464,824.1830296516418,148922.14299325185
7465,824.2446472644806,148919.4767232287
7466,824.302708864212,148917.8364616019
7467,824.3556094169617,148915.38376796534
7468,824.4094724655151,148913.75077615114
7469,824.4633438587189,148911.21321640786
7470,824.5255968570709,148909.79931579385
7471,824.5776631832123,148907.3187294543
7472,824.6315801143646,148905.56675042285
7473,824.6838784217834,148903.19560222854
7474,824.7392423152924,148901.77277819344
7475,824.7920746803284,148899.1446544034
7476,824.8518931865692,148897.5211851181
7477,824.9103000164032,148895.05624164967
7478,824.9644742012024,148893.26714345405
7479,825.01926612854,148890.80532177706
7480,825.0739901065826,148889.20759352186
7481,825.1251740455627,148886.7282817754
7482,825.1826436519623,148885.05613325158
7483,825.2414622306824,148882.58975274363
7484,825.3008666038513,148880.94918766464
7485,825.3539788722992,148878.46715759372
7486,825.430212020874,148876.8217169299
7487,825.493616104126,148874.32164429055
7488,825.5522818565369,148872.6862132125
7489,825.6056718826294,148870.23360863654
7490,825.6608467102051,148868.53735022547
7491,825.716625213623,148866.05882622467
7492,825.771556854248,148864.4119151721
7493,825.8231520652771,148862.0111973486
7494,825.8773481845856,148860.29503468354
7495,825.9396753311157,148858.18695289892
7496,825.9916548728943,148856.35317954796
7497,826.0456917285919,148853.7935127866
7498,826.1029887199402,148852.0939742665
7499,826.1531920433044,148849.6548302849
7500,826.2068755626678,148848.1365772493
7501,826.261650800705,148845.56819886586
7502,826.3160002231598,148844.1571879851
7503,826.3701503276825,148841.52014354855
7504,826.4319577217102,148839.81797084
7505,826.4837148189545,148837.35437544613
7506,826.5371353626251,148835.59915220906
7507,826.5906631946564,148833.15211139005
7508,826.6452043056488,148831.66359654375
7509,826.6967532634735,148829.11274071582
7510,826.7505054473877,148827.71200317692
7511,826.8032352924347,148825.0286641845
7512,826.8699772357941,148823.37397300213
7513,826.9231269359589,148820.92660668917
7514,826.9806492328644,148819.1369445244
7515,827.0343368053436,148816.69235295156
7516,827.0907871723175,148815.18011885023
7517,827.1448764801025,148812.64775002564
7518,827.2012310028076,148811.34538627695
7519,827.25514960289,148808.65730591034
7520,827.3122849464417,148807.0186305231
7521,827.3653931617737,148804.68364620936
7522,827.4413256645203,148802.8328193726
7523,827.4960832595825,148800.5495458238
7524,827.5522527694702,148798.93080440682
7525,827.6050012111664,148796.51460191127
7526,827.6589829921722,148794.89902497412
7527,827.7200503349304,148792.62324486498
7528,827.7729496955872,148790.85758921062
7529,827.8399229049683,148788.37606563137
7530,827.8927958011627,148786.6952237236
7531,827.9468958377838,148784.27401758614
7532,828.0030555725098,148782.62868882334
7533,828.0570156574249,148780.52545203757
7534,828.1113529205322,148778.6816855097
7535,828.1650004386902,148776.14424455506
7536,828.2242419719696,148774.43067703577
7537,828.3024799823761,148771.98633254264
7538,828.3701047897339,148770.4810475316
7539,828.4238891601562,148767.94724394032
7540,828.4816143512726,148766.54113669327
7541,828.5350971221924,148763.874178456
7542,828.5914931297302,148762.2121475709
7543,828.6465437412262,148759.76487000228
7544,828.7037451267242,148757.94713182835
7545,828.7567918300629,148755.52537599535
7546,828.8128643035889,148753.92264129946
7547,828.8715381622314,148751.4474747076
7548,828.9250209331512,148749.78715077494
7549,828.9777636528015,148747.33212153404
7550,829.0310440063477,148745.68013449182
7551,829.0819311141968,148743.2227453545
7552,829.1346125602722,148741.57917986403
7553,829.1923391819,148739.29746255864
7554,829.2496416568756,148737.5335769352
7555,829.3040912151337,148735.0817894273
7556,829.3611643314362,148733.3845174238
7557,829.4157755374908,148730.9897015771
7558,829.478392124176,148729.34023207697
7559,829.5762526988983,148727.2340464334
7560,829.65283370018,148725.39848778356
7561,829.708352804184,148722.86306794407
7562,829.7662763595581,148721.17519441585
7563,829.8186829090118,148718.7366775754
7564,829.8851048946381,148717.12670023658
7565,829.9401805400848,148714.66276480153
7566,829.9978511333466,148713.2203240641
7567,830.0548400878906,148710.58502541063
7568,830.1133873462677,148708.9537870392
7569,830.1675519943237,148706.5116878844
7570,830.2228484153748,148704.9130574313
7571,830.2758791446686,148702.35768807304
7572,830.332347869873,148700.78055927283
7573,830.3849856853485,148698.43240684734
7574,830.4436810016632,148696.57546476249
7575,830.495406627655,148694.23287519946
7576,830.5498142242432,148692.79220433137
7577,830.6020922660828,148690.23077086362
7578,830.6603832244873,148688.9198931912
7579,830.715277671814,148686.2040782829
7580,830.7744448184967,148684.57074321163
7581,830.8291652202606,148682.12070584347
7582,830.8878891468048,148680.33424361152
7583,830.9428424835205,148677.91909836855
7584,830.9996628761292,148676.34725528033
7585,831.0539722442627,148673.8785947357
7586,831.1115992069244,148672.21352148376
7587,831.1728539466858,148669.80925932515
7588,831.2337229251862,148668.12875943456
7589,831.2899219989777,148665.97403880046
7590,831.3517961502075,148664.19013499134
7591,831.4179329872131,148661.66970257455
7592,831.4772617816925,148660.02343663448
7593,831.5432488918304,148657.58982255775
7594,831.609067440033,148655.94039152534
7595,831.6663901805878,148653.47874936022
7596,831.7191109657288,148651.82676048705
7597,831.7718005180359,148649.36649915623
7598,831.8278889656067,148647.73196037428
7599,831.8962783813477,148645.4650457916
7600,831.9514489173889,148643.71284579585
7601,832.0047307014465,148641.23162674205
7602,832.060848236084,148639.60566816363
7603,832.1152141094208,148637.4479870467
7604,832.1687333583832,148635.6223769749
7605,832.2239656448364,148633.11080747927
7606,832.2797954082489,148631.4089425678
7607,832.3334031105042,148628.99674049913
7608,832.3874320983887,148627.34039973098
7609,832.4405825138092,148624.89445622134
7610,832.4990394115448,148623.22682538792
7611,832.5531578063965,148620.77160491413
7612,832.6073870658875,148619.12278654886
7613,832.6588644981384,148616.7539290472
7614,832.7140436172485,148615.0580068729
7615,832.7677612304688,148613.02067907256
7616,832.8316531181335,148611.13912568486
7617,832.8878245353699,148608.6170329448
7618,832.9463469982147,148606.87654199617
7619,833.1137802600861,148604.4524597855
7620,833.1693804264069,148603.15377350425
7621,833.223827123642,148600.50147282507
7622,833.277895450592,148598.8734312696
7623,833.3341076374054,148596.59466906043
7624,833.3886573314667,148594.6787270277
7625,833.442040681839,148592.35988575456
7626,833.4962186813354,148590.79902909388
7627,833.5479760169983,148588.3463864814
7628,833.6028115749359,148586.72674082735
7629,833.6554465293884,148584.24734597
7630,833.7289600372314,148582.65109382806
7631,833.7809207439423,148580.26285711827
7632,833.8390851020813,148578.56747175843
7633,833.8906948566437,148576.5134433208
7634,833.9440929889679,148574.69181467168
7635,833.9987041950226,148572.16720227618
7636,834.0589683055878,148570.4937769415
7637,834.1110649108887,148568.08075925632
7638,834.1673069000244,148566.63441869093
7639,834.220201253891,148564.0678296165
7640,834.2770183086395,148562.511212967
7641,834.3303127288818,148560.0470230204
7642,834.4012773036957,148558.56054656726
7643,834.453987121582,148555.9765847767
7644,834.6398832798004,148554.4062704626
7645,834.7259047031403,148551.95319124716
7646,834.7954623699188,148550.1719036221
7647,834.8724694252014,148547.8161757787
7648,834.9529466629028,148546.252859648
7649,835.0090775489807,148543.76361857387
7650,835.0635702610016,148542.116073358
7651,835.1177775859833,148539.75138015667
7652,835.1751403808594,148538.06887763733
7653,835.233989238739,148535.61356801598
7654,835.2938673496246,148533.98165723524
7655,835.3472716808319,148531.59724644932
7656,835.3999185562134,148529.91336261452
7657,835.4557201862335,148527.58589099883
7658,835.5271172523499,148525.87119426957
7659,835.5831243991852,148523.9042206049
7660,835.638028383255,148522.04465540667
7661,835.6912829875946,148519.5122529395
7662,835.7501127719879,148517.87504106516
7663,835.8019404411316,148515.52921252704
7664,835.8580031394958,148514.15030463567
7665,835.9119365215302,148511.46688114206
7666,835.9674026966095,148509.89585549582
7667,836.0215284824371,148507.53114653274
7668,836.0785999298096,148505.6873818765
7669,836.1348760128021,148503.31893686554
7670,836.1903295516968,148501.75921089665
7671,836.2453489303589,148499.4804592965
7672,836.3004355430603,148497.78117997127
7673,836.3567230701447,148495.3951150656
7674,836.4115164279938,148494.21600468075
7675,836.4660408496857,148491.52561987005
7676,836.5204064846039,148489.9195679207
7677,836.5734212398529,148487.48793738865
7678,836.6290204524994,148485.6337023525
7679,836.6835153102875,148483.3563188573
7680,836.7386071681976,148481.75360186785
7681,836.7964725494385,148479.6213002586
7682,836.8590240478516,148477.8037559927
7683,836.9183032512665,148475.38637472372
7684,836.9748866558075,148473.70316575048
7685,837.0305774211884,148471.25384863076
7686,837.0922009944916,148469.66018246423
7687,837.1470415592194,148467.32541571493
7688,837.2007074356079,148465.64502948624
7689,837.2538578510284,148463.179421052
7690,837.3088328838348,148461.94092116776
7691,837.3639688491821,148459.2807481599
7692,837.4206309318542,148457.69036706808
7693,837.4768240451813,148455.2618820901
7694,837.53391456604,148453.42952907993
7695,837.5882816314697,148451.13697711914
7696,837.6419563293457,148449.56817933844
7697,837.6963937282562,148447.08852133297
7698,837.7546987533569,148445.45241109555
7699,837.8533396720886,148443.30955505258
7700,837.9086573123932,148441.53281490502
7701,837.9623119831085,148439.08233961722
7702,838.0215535163879,148437.4877019956
7703,838.0734221935272,148435.49579008817
7704,838.1282050609589,148433.62211082035
7705,838.1822717189789,148431.1074423492
7706,838.2379930019379,148429.48895515763
7707,838.291779756546,148427.19640806084
7708,838.3468029499054,148425.54382382988
7709,838.40123462677,148423.0596004661
7710,838.4597852230072,148421.52771508542
7711,838.5123519897461,148419.1328180351
7712,838.5694162845612,148417.8206970269
7713,838.621170759201,148415.147859293
7714,838.6753733158112,148413.52640154326
7715,838.7303068637848,148411.20420536172
7716,838.7834186553955,148409.32310244683
7717,838.8359348773956,148406.9279075869
7718,838.8922905921936,148405.34147228033
7719,838.9473991394043,148403.1427743322
7720,839.0038120746613,148401.44867172514
7721,839.0573003292084,148399.24167195085
7722,839.111647605896,148397.5759977466
7723,839.1635701656342,148395.49245937384
7724,839.2321333885193,148393.75693899125
7725,839.2834005355835,148391.35813917677
7726,839.3395063877106,148389.71423432967
7727,839.3942606449127,148387.29981636297
7728,839.4577884674072,148385.68453756458
7729,839.5087373256683,148383.39737286617
7730,839.5688450336456,148381.70295279534
7731,839.6198670864105,148379.28840889293
7732,839.6761271953583,148377.6418222572
7733,839.7316286563873,148375.38503892414
7734,839.7902710437775,148373.70859856316
7735,839.8713014125824,148371.24081247963
7736,839.9251136779785,148369.65310620284
7737,839.9817056655884,148367.33005874016
7738,840.0384068489075,148365.62535314643
7739,840.0921602249146,148363.23208123233
7740,840.151317358017,148361.57560637462
7741,840.2057116031647,148359.50881750524
7742,840.2577741146088,148357.70483702412
7743,840.3168575763702,148355.19560611752
7744,840.3751502037048,148353.58342193358
7745,840.4300889968872,148351.33669540304
7746,840.4879567623138,148349.6432673734
7747,840.5419945716858,148347.55943901563
7748,840.5965120792389,148345.7108667757
7749,840.6490936279297,148343.3267225576
7750,840.7044544219971,148341.63985897746
7751,840.7580046653748,148339.2231228024
7752,840.8165791034698,148337.9717095991
7753,840.8691208362579,148335.39268269183
7754,840.9245421886444,148333.79328217445
7755,840.9775893688202,148331.35170984408
7756,841.0337057113647,148329.52862055396
7757,841.0874009132385,148327.3275102573
7758,841.1399772167206,148325.73863469143
7759,841.1935679912567,148323.22106030423
7760,841.2534432411194,148321.614893315
7761,841.3062748908997,148319.3639215831
7762,841.3598420619965,148317.6680639198
7763,841.4141192436218,148315.25280367717
7764,841.4735462665558,148313.62481125907
7765,841.529079914093,148311.69159364075
7766,841.5840923786163,148309.81675795198
7767,841.6458764076233,148307.31330197264
7768,841.7417123317719,148305.71963900057
7769,841.7989649772644,148303.5115462153
7770,841.8618819713593,148301.86478988978
7771,841.9239182472229,148299.5098718569
7772,841.980489730835,148297.83499962353
7773,842.0346879959106,148295.63441939297
7774,842.0902674198151,148294.4060314422
7775,842.1542966365814,148291.64599216232
7776,842.2126789093018,148290.12588116497
7777,842.2710404396057,148287.91489724745
7778,842.326801776886,148285.9050100316
7779,842.3791675567627,148283.5083663804
7780,842.4444110393524,148281.97054309878
7781,842.5007302761078,148279.55933962087
7782,842.5554280281067,148277.98318860552
7783,842.6091718673706,148275.76273043774
7784,842.7052571773529,148274.10555363106
7785,842.7619993686676,148271.66955300287
7786,842.8212485313416,148269.98595936206
7787,842.8855168819427,148267.9458501227
7788,842.9441332817078,148266.14321005036
7789,842.9982953071594,148263.68073754673
7790,843.058545589447,148262.12429274197
7791,843.1096136569977,148259.8992494209
7792,843.2018518447876,148258.22545751536
7793,843.2579624652863,148256.13413988778
7794,843.3133339881897,148254.28521204382
7795,843.3673903942108,148251.98691205756
7796,843.4222645759583,148250.29415637592
7797,843.477046251297,148247.82683794398
7798,843.5323197841644,148246.60349712282
7799,843.5876915454865,148244.09536393048
7800,843.6394171714783,148242.46675362205
7801,843.6909785270691,148239.9994379549
7802,843.7494611740112,148238.21406387573
7803,843.8121325969696,148236.10813443086
7804,843.8696410655975,148234.46238231473
7805,843.9235947132111,148231.96240293802
7806,843.9813132286072,148230.42303921428
7807,844.0371036529541,148228.19710266855
7808,844.0922303199768,148226.50783563725
7809,844.1470417976379,148224.27573333852
7810,844.2029786109924,148222.5587960569
7811,844.2553901672363,148220.29743349296
7812,844.3095784187317,148218.6713052404
7813,844.364107131958,148216.19291586097
7814,844.4245526790619,148214.61836217405
7815,844.4772036075592,148212.5499987273
7816,844.529678106308,148210.77017613727
7817,844.5838170051575,148208.54334272307
7818,844.6370861530304,148206.8185263556
7819,844.6917011737823,148204.70474218234
7820,844.7459952831268,148203.02836009752
7821,844.8001194000244,148200.8001344126
7822,844.8573288917542,148199.11309599588
7823,844.9123456478119,148196.87739769803
7824,844.9693555831909,148195.2001091302
7825,845.0278720855713,148192.71059230485
7826,845.0848076343536,148191.1760572308
7827,845.1422963142395,148188.97802193844
7828,845.1992318630219,148187.26078791352
7829,845.2517609596252,148185.0951835667
7830,845.3043928146362,148183.32095895585
7831,845.360348701477,148181.05541991518
7832,845.4154748916626,148179.3823420477
7833,845.5014095306396,148176.92021069504
7834,845.5580711364746,148175.34224355384
7835,845.6110851764679,148173.11510944075
7836,845.6680150032043,148171.44652207958
7837,845.726199388504,148168.96935587423
7838,845.7846918106079,148167.3688043819
7839,845.8389105796814,148165.190397818
7840,845.8914744853973,148163.431216054
7841,845.946980714798,148160.97551115617
7842,846.0037784576416,148159.37822191877
7843,846.0663523674011,148157.14939085682
7844,846.1228957176208,148155.51620766858
7845,846.1784181594849,148153.1133043397
7846,846.2346334457397,148151.51667703682
7847,846.2877085208893,148149.7265904568
7848,846.34894490242,148147.81146440978
7849,846.401937007904,148145.2767853562
7850,846.4561769962311,148143.73281161004
7851,846.5088727474213,148141.53719315684
7852,846.5619356632233,148140.14532596173
7853,846.6143174171448,148137.42755639466
7854,846.6742599010468,148135.92584591368
7855,846.7314071655273,148133.68455593352
7856,846.7904167175293,148131.832789311
7857,846.8484575748444,148129.46378339274
7858,846.9062185287476,148127.96820434986
7859,846.961846113205,148125.6956480335
7860,847.017585515976,148124.02490335997
7861,847.0707898139954,148121.6326958895
7862,847.1258871555328,148120.00415687586
7863,847.1891934871674,148117.79263097487
7864,847.2470240592957,148116.16393132007
7865,847.301379442215,148113.71348407242
7866,847.3594870567322,148112.1233792063
7867,847.414847612381,148110.0647534716
7868,847.4714021682739,148108.29037873851
7869,847.5272753238678,148105.9259817055
7870,847.5938436985016,148104.38928430085
7871,847.6480889320374,148102.22223962707
7872,847.70658826828,148100.51913518223
7873,847.759916305542,148098.5532833626
7874,847.8118143081665,148096.7119176047
7875,847.8681213855743,148094.39934116328
7876,847.9237835407257,148092.80951770945
7877,847.9862270355225,148090.3791577422
7878,848.0423693656921,148089.17847103425
7879,848.0987937450409,148086.64977805887
7880,848.1534185409546,148085.0297887098
7881,848.2097549438477,148082.6379949063
7882,848.2658400535583,148080.82814561317
7883,848.3206744194031,148078.70560750854
7884,848.3841326236725,148077.1340423547
7885,848.4384653568268,148074.63082428894
7886,848.4929444789886,148073.139334804
7887,848.5501644611359,148070.9363888409
7888,848.6100311279297,148069.21859658955
7889,848.6620147228241,148067.25604167578
7890,848.7185077667236,148065.43416346115
7891,848.7869937419891,148063.06486936795
7892,848.842120885849,148061.47754766885
7893,848.897332906723,148059.04049251563
7894,848.9544467926025,148057.84189857825
7895,849.0120344161987,148055.29435905436
7896,849.0678431987762,148053.73167752978
7897,849.1234221458435,148051.31250124576
7898,849.1792800426483,148049.5549749631
7899,849.2335960865021,148047.40536843304
7900,849.2903528213501,148045.85005111113
7901,849.3432297706604,148043.3468913265
7902,849.4014132022858,148041.80039527564
7903,849.4580655097961,148039.58769785173
7904,849.5155560970306,148037.88929686375
7905,849.5686774253845,148035.63471298738
7906,849.6240153312683,148033.95648020864
7907,849.6784040927887,148031.70457418598
7908,849.740336894989,148030.0982951773
7909,849.7990782260895,148028.0081132294
7910,849.8518006801605,148026.23188509452
7911,849.9064612388611,148023.93703626425
7912,849.9675920009613,148022.31020818066
7913,850.0205409526825,148019.89391513573
7914,850.0768668651581,148018.35979644378
7915,850.1318023204803,148016.13314013032
7916,850.1907567977905,148014.50666897453
7917,850.2449645996094,148012.196025912
7918,850.2975656986237,148010.90279852157
7919,850.3523685932159,148008.42097043074
7920,850.4046630859375,148006.86885335902
7921,850.4610397815704,148004.45455445355
7922,850.5154330730438,148002.64398569177
7923,850.5727636814117,148000.55019902048
7924,850.6270508766174,147998.96123400494
7925,850.6839919090271,147996.49558570745
7926,850.7437741756439,147995.0150006754
7927,850.7983584403992,147992.7484754558
7928,850.8578190803528,147991.07547692585
7929,850.914544582367,147988.71210035292
7930,850.9693264961243,147987.127082297
7931,851.0217099189758,147985.2974773324
7932,851.0756258964539,147983.43745014924
7933,851.1290576457977,147980.93355511955
7934,851.1896486282349,147979.4004802987
7935,851.243460893631,147977.14010391675
7936,851.2983753681183,147975.83115368232
7937,851.3895635604858,147973.1439574914
7938,851.448489189148,147971.59545331507
7939,851.5042555332184,147969.4152167569
7940,851.5614807605743,147967.54946492487
7941,851.6163969039917,147965.2175670462
7942,851.6727650165558,147963.75933495606
7943,851.7256956100464,147961.46272732405
7944,851.7785062789917,147959.91599143797
7945,851.8391871452332,147957.48957965162
7946,851.9085628986359,147956.34151232778
7947,851.9665038585663,147954.96141391806
7948,852.0424582958221,147953.45182908146
7949,852.1103806495667,147952.27587576964
7950,852.1735997200012,147950.98415385257
7951,852.2357959747314,147950.2116012829
7952,852.2882807254791,147948.6832980712
7953,852.3430800437927,147947.6763188003
7954,852.3967754840851,147946.31122463424
7955,852.450021982193,147945.5758909042
7956,852.5187511444092,147944.05781089023
7957,852.5734803676605,147943.10803262834
7958,852.6262972354889,147941.74771291052
7959,852.6797354221344,147941.05280581463
7960,852.733318567276,147939.50738038734
7961,852.786553144455,147938.54887654737
7962,852.848865032196,147937.20383639363
7963,852.8998210430145,147936.54200923574
7964,852.9504313468933,147934.9729852372
7965,853.0028119087219,147934.0066113232
7966,853.057347536087,147932.6717849894
7967,853.1087923049927,147932.03121423715
7968,853.1603682041168,147930.4460138033
7969,853.2129983901978,147929.03723372857
7970,853.2700085639954,147925.88003712625
7971,853.3289494514465,147924.8541307559
7972,853.3824257850647,147922.34285610123
7973,853.4365916252136,147921.22662391906
7974,853.4915790557861,147919.85199247146
7975,853.5476541519165,147918.25201888368
7976,853.6018295288086,147917.2043257123
7977,853.6576392650604,147915.90589887372
7978,853.7107484340668,147915.24727437447
7979,853.7603282928467,147913.67509666737
7980,853.8103992938995,147912.21699720123
7981,853.8645710945129,147909.1697015544
7982,853.9154660701752,147908.22083353542
7983,853.969765663147,147906.87724602723
7984,854.0208964347839,147905.27756496708
7985,854.0730214118958,147903.70149438942
7986,854.1253097057343,147900.78284866252
7987,854.1773030757904,147899.56992291106
7988,854.2316589355469,147897.75161837993
7989,854.2846763134003,147895.5217635744
7990,854.3525428771973,147893.01015014594
7991,854.4109237194061,147890.8486111984
7992,854.466178894043,147888.9622066738
7993,854.5200066566467,147886.83989058778
7994,854.5751798152924,147884.38104510802
7995,854.6286640167236,147882.40164046595
7996,854.6832933425903,147880.55557792328
7997,854.7459473609924,147878.44051758706
7998,854.8051135540009,147876.1957550345
7999,854.8602879047394,147874.19553844313
8000,854.9127087593079,147872.91858503723
8001,854.9712011814117,147870.54192793134
8002,855.0259077548981,147868.16337420265
8003,855.0804009437561,147866.56669363644
8004,855.1387248039246,147864.48196856957
8005,855.193696975708,147862.54907084524
8006,855.2511160373688,147860.4055154784
8007,855.3085527420044,147858.43734488628
8008,855.3733415603638,147856.59322811
8009,855.4354281425476,147854.98715745032
8010,855.4992661476135,147852.5010976239
8011,855.5579640865326,147850.77609786377
8012,855.6187269687653,147848.941165693
8013,855.6776504516602,147846.7228515598
8014,855.7354211807251,147844.50235853464
8015,855.7971739768982,147842.54755193304
8016,855.8513987064362,147840.9665208398
8017,855.9062263965607,147838.77181418767
8018,855.9648907184601,147836.39148259224
8019,856.0226075649261,147834.92556221873
8020,856.0773258209229,147832.90035933
8021,856.1485526561737,147830.91979069138
8022,856.2096312046051,147828.7072690884
8023,856.2865388393402,147826.7267950237
8024,856.3527262210846,147824.9016081877
8025,856.4158430099487,147822.785532402
8026,856.481724023819,147820.6349022617
8027,856.5452585220337,147818.6425952409
8028,856.671911239624,147817.11254570555
8029,856.7507569789886,147814.84538812266
8030,856.8107676506042,147812.54143998906
8031,856.8656749725342,147810.58910765243
8032,856.918666601181,147809.31883640226
8033,856.9731161594391,147806.89808582913
8034,857.0283405780792,147804.46104822596
8035,857.0840556621552,147802.76469147851
8036,857.1382019519806,147800.99415767335
8037,857.1946606636047,147798.93414432794
8038,857.2545456886292,147796.65036428272
8039,857.3110511302948,147795.14005758578
8040,857.3658711910248,147793.17744330343
8041,857.4216272830963,147791.15419136762
8042,857.4798209667206,147789.04930041495
8043,857.542679309845,147787.0459379077
8044,857.5965847969055,147785.2468957818
8045,857.6515774726868,147783.114984744
8046,857.7090060710907,147780.99651511962
8047,857.7689783573151,147778.9882047755
8048,857.8259031772614,147777.29861002514
8049,857.8842401504517,147775.1292769512
8050,857.940477848053,147773.22106390182
8051,858.0035037994385,147771.1315269809
8052,858.0585522651672,147769.25498348736
8053,858.115932226181,147767.24590252474
8054,858.1793446540833,147765.0191376589
8055,858.2348473072052,147763.39966899424
8056,858.3491866588593,147761.46307475257
8057,858.4598572254181,147759.42729933123
8058,858.5170097351074,147757.22062636536
8059,858.5744445323944,147755.23371919253
8060,858.6324310302734,147753.5430304016
8061,858.6883583068848,147751.50574929293
8062,858.7467794418335,147749.16921707275
8063,858.8047978878021,147747.6695391463
8064,858.8603563308716,147745.62432585208
8065,858.932336807251,147743.59638093808
8066,858.9896430969238,147741.53031080836
8067,859.0461785793304,147739.4892322383
8068,859.1038341522217,147737.6246619096
8069,859.1603090763092,147735.52632567153
8070,859.2160727977753,147733.53299437746
8071,859.2735710144043,147731.4851920778
8072,859.3339097499847,147729.89789138475
8073,859.3922636508942,147727.6331214208
8074,859.4500968456268,147725.47338920436
8075,859.5120303630829,147723.4860427916
8076,859.5712344646454,147721.78313108298
8077,859.6281564235687,147719.5874909725
8078,859.6849513053894,147717.34210494425
8079,859.7457404136658,147715.3782882941
8080,859.8084642887115,147713.7484428616
8081,859.8669204711914,147711.84678796705
8082,859.9230225086212,147709.3957110214
8083,859.9789237976074,147707.57374380066
8084,860.0372767448425,147705.98123976393
8085,860.0966167449951,147703.85703829076
8086,860.1533215045929,147701.47200217555
8087,860.208967924118,147699.86365431556
8088,860.2713599205017,147698.05289495533
8089,860.326488494873,147695.90541061174
8090,860.3820207118988,147693.64951492168
8091,860.4383156299591,147691.69824183188
8092,860.5011920928955,147690.0101631276
8093,860.5587868690491,147688.2015196476
8094,860.6197285652161,147685.69787792422
8095,860.6808772087097,147683.8456540851
8096,860.7379171848297,147682.20075179965
8097,860.7961356639862,147679.90765201257
8098,860.8520760536194,147677.61402474216
8099,860.9107077121735,147675.65873158886
8100,860.9800536632538,147674.12046348213
8101,861.047205209732,147671.84715415203
8102,861.1154854297638,147669.48557305316
8103,861.1739871501923,147667.5223961762
8104,861.2318849563599,147666.01189997685
8105,861.2898375988007,147663.7277916856
8106,861.3501625061035,147661.4957289939
8107,861.4078500270844,147659.4803012741
8108,861.5843102931976,147657.85240244662
8109,861.6631095409393,147655.5968624312
8110,861.7404346466064,147653.3098016177
8111,861.8026249408722,147651.33054805637
8112,861.8654205799103,147649.8524943001
8113,861.9330978393555,147647.5526601447
8114,861.990838766098,147645.51381421878
8115,862.0456471443176,147643.44422683807
8116,862.1050252914429,147641.7051151296
8117,862.1712114810944,147639.64487496714
8118,862.2243435382843,147637.19822837025
8119,862.2797071933746,147635.5310580866
8120,862.3427376747131,147633.76387650135
8121,862.3976728916168,147631.61892666342
8122,862.4542298316956,147629.35783772336
8123,862.5101249217987,147627.7435174426
8124,862.56431889534,147625.8935914657
8125,862.6254153251648,147623.75632638563
8126,862.6794247627258,147621.59116967247
8127,862.7420492172241,147619.5777969808
8128,862.8008506298065,147617.86082476657
8129,862.8636960983276,147615.6599761442
8130,862.9168937206268,147613.4720400723
8131,862.9723756313324,147611.45255788622
8132,863.0304338932037,147609.88464501742
8133,863.0858867168427,147607.62581801243
8134,863.1414077281952,147605.58068125806
8135,863.1989467144012,147603.49949485942
8136,863.2539026737213,147601.77261128233
8137,863.3096613883972,147599.57084918083
8138,863.3630840778351,147597.286114018
8139,863.4203226566315,147595.4592105285
8140,863.480131149292,147593.7202049503
8141,863.5370626449585,147591.7421767863
8142,863.593106508255,147589.36827670372
8143,863.6554183959961,147587.6135184593
8144,863.7159430980682,147585.85071433868
8145,863.784619808197,147583.75267401512
8146,863.8492062091827,147581.4905286765
8147,863.9066300392151,147579.93005355648
8148,863.9635195732117,147577.92109804807
8149,864.0175814628601,147575.8370683084
8150,864.0692920684814,147573.7646756293
8151,864.1254258155823,147571.67898675342
8152,864.1796998977661,147569.87577136527
8153,864.2353801727295,147567.71418138128
8154,864.2906074523926,147565.65757405752
8155,864.3460400104523,147563.57406413305
8156,864.4040341377258,147562.09338187217
8157,864.4602153301239,147559.75757245105
8158,864.5156452655792,147557.51166059755
8159,864.5749440193176,147555.68071371564
8160,864.6318578720093,147553.85036575494
8161,864.6887929439545,147551.76812237638
8162,864.7448620796204,147549.62232139515
8163,864.8033373355865,147547.94896270602
8164,864.8567261695862,147545.91351659628
8165,864.9102692604065,147543.8412751248
8166,864.962877035141,147541.79476412042
8167,865.0210301876068,147539.7151273034
8168,865.0765063762665,147537.8034071652
8169,865.1321110725403,147535.68251088087
8170,865.1888086795807,147533.76217801555
8171,865.2460765838623,147531.64567453417
8172,865.3004312515259,147530.08751864734
8173,865.3583464622498,147527.78622644674
8174,865.4144895076752,147525.72199826455
8175,865.4696576595306,147523.75958317728
8176,865.5284552574158,147521.87959598855
8177,865.5846610069275,147520.04383978297
8178,865.640864610672,147517.8986707074
8179,865.6962432861328,147515.88207630644
8180,865.7568323612213,147514.09861341235
8181,865.81045794487,147511.91092397223
8182,865.8652670383453,147509.72683038077
8183,865.9213154315948,147507.6827353296
8184,865.9774618148804,147506.0587556409
8185,866.0330557823181,147503.81060020914
8186,866.0861678123474,147501.53224457704
8187,866.1410493850708,147499.51579817262
8188,866.1998960971832,147497.9706218069
8189,866.2549564838409,147495.68623034435
8190,866.3125720024109,147493.35201343315
8191,866.3690006732941,147491.3522894508
8192,866.4285669326782,147489.982515343
8193,866.4839444160461,147487.59310819098
8194,866.5399043560028,147485.26193102772
8195,866.5946788787842,147483.23208321465
8196,866.7818322181702,147481.9162046523
8197,866.8689088821411,147479.48518934546
8198,866.9319031238556,147477.0415872085
8199,867.0016071796417,147475.0498400783
8200,867.0694665908813,147473.74984380812
8201,867.132758140564,147471.34112259457
8202,867.1903522014618,147469.1305776355
8203,867.2461938858032,147467.0675119656
8204,867.3029506206512,147465.5642049047
8205,867.3626034259796,147463.37405863297
8206,867.4197990894318,147460.89942947504
8207,867.4765727519989,147459.2919278003
8208,867.5328226089478,147457.532879573
8209,867.586816072464,147455.3199951004
8210,867.6408159732819,147452.99578186302
8211,867.6980516910553,147450.9854803142
8212,867.7541034221649,147449.47449755028
8213,867.8149998188019,147447.1533316624
8214,867.8692080974579,147444.8233516891
8215,867.9246006011963,147442.81490199472
8216,867.9805529117584,147441.58416629166
8217,868.0329422950745,147439.12138231273
8218,868.0892162322998,147436.73327604245
8219,868.1454195976257,147434.82500565308
8220,868.2078969478607,147433.409613135
8221,868.2669861316681,147431.34461785352
8222,868.3228640556335,147428.798577972
8223,868.3777482509613,147426.86858466183
8224,868.4364800453186,147425.38755913408
8225,868.4918124675751,147423.06930508805
8226,868.545649766922,147420.64117725028
8227,868.6012642383575,147418.6626796073
8228,868.65842461586,147417.319429587
8229,868.7142269611359,147415.01571508418
8230,868.7700579166412,147412.5413574971
8231,868.8235759735107,147410.98592814605
8232,868.8781273365021,147409.15722445847
8233,868.9332802295685,147406.91980495013
8234,868.988712310791,147404.65863182838
8235,869.0436835289001,147402.65176336415
8236,869.0987758636475,147401.10030539703
8237,869.1534893512726,147398.7829189609
8238,869.2118837833405,147396.77010850745
8239,869.2680835723877,147394.62515827906
8240,869.3245122432709,147392.94656342018
8241,869.3789689540863,147390.86239471787
8242,869.433242559433,147388.47063567082
8243,869.4963898658752,147386.65651237336
8244,869.5527651309967,147385.05401822506
8245,869.6111409664154,147382.91926666963
8246,869.664558172226,147380.4493547637
8247,869.7257323265076,147378.77095029334
8248,869.781806230545,147377.0214980643
8249,869.8366689682007,147374.79536205923
8250,869.891804933548,147372.49456097715
8251,869.9522252082825,147370.4901855766
8252,870.008250951767,147368.9532768952
8253,870.0635628700256,147366.63632973985
8254,870.1174585819244,147364.29012840585
8255,870.1716594696045,147362.27046459127
8256,870.2283108234406,147360.85103854648
8257,870.2826979160309,147358.50141573834
8258,870.3389317989349,147356.20561263693
8259,870.3939394950867,147354.1851369346
8260,870.451910495758,147353.07433544067
8261,870.5062656402588,147350.54294936304
8262,870.5604522228241,147348.17066411453
8263,870.6156063079834,147346.49328933482
8264,870.6764667034149,147344.7363205831
8265,870.7336304187775,147342.4791891168
8266,870.7883701324463,147340.27646681052
8267,870.8438613414764,147338.22124528245
8268,870.8974456787109,147336.6605517099
8269,870.9515528678894,147334.36575773466
8270,871.0064256191254,147332.1251944786
8271,871.0624797344208,147330.08070755313
8272,871.1201825141907,147328.8299415038
8273,871.1760401725769,147326.3730705473
8274,871.2321434020996,147324.04340067387
8275,871.2871060371399,147322.28032128644
8276,871.3448832035065,147320.5201749287
8277,871.399168252945,147318.29081593305
8278,871.4532866477966,147316.1037872681
8279,871.5110468864441,147314.04849802676
8280,871.5663347244263,147312.52076727993
8281,871.6193442344666,147310.22765657463
8282,871.675784111023,147307.93735404915
8283,871.735741853714,147306.28096623815
8284,871.791690826416,147304.44010435694
8285,871.8469438552856,147302.2087318897
8286,871.9027557373047,147300.0025631289
8287,871.9577958583832,147297.97403698557
8288,872.0136826038361,147296.40561595195
8289,872.0702900886536,147294.1047913635
8290,872.1241984367371,147292.14212721193
8291,872.1794712543488,147289.9757023178
8292,872.2388105392456,147288.28648952354
8293,872.2967023849487,147286.27353648926
8294,872.3974480628967,147283.83489966663
8295,872.5843057632446,147281.8817147512
8296,872.7615613937378,147280.43494908942
8297,872.9355788230896,147278.08725525477
8298,873.1135396957397,147275.66696339188
8299,873.1828362941742,147273.80976560822
8300,873.2381041049957,147272.3864021501
8301,873.2937939167023,147270.2129090903
8302,873.3498530387878,147267.78156003877
8303,873.4058938026428,147265.91907681592
8304,873.4606974124908,147264.40696843935
8305,873.5191919803619,147262.33300721954
8306,873.5768709182739,147259.76519027696
8307,873.6370615959167,147257.84651048607
8308,873.6926901340485,147256.38889373795
8309,873.7490592002869,147254.27594948892
8310,873.8044738769531,147251.69736202358
8311,873.8735222816467,147249.8043196511
8312,873.9310038089752,147248.43720842767
8313,873.9859261512756,147246.33397314654
8314,874.0410239696503,147243.68606264898
8315,874.0991802215576,147241.75308274888
8316,874.1529989242554,147240.32971848702
8317,874.2094528675079,147237.99623574212
8318,874.2671360969543,147235.55309233154
8319,874.3238983154297,147233.62247697366
8320,874.3785185813904,147232.17729589625
8321,874.433266878128,147230.03760166327
8322,874.4959146976471,147227.5735232174
8323,874.5537362098694,147226.00085733342
8324,874.6091387271881,147224.26893375453
8325,874.666933298111,147222.0655518989
8326,874.7195527553558,147219.7136628335
8327,874.7867207527161,147217.71900250175
8328,874.8415338993073,147216.26496168913
8329,874.8968605995178,147213.91382157576
8330,874.9554243087769,147211.52642079297
8331,875.012273311615,147209.49171932472
8332,875.0675184726715,147208.12884847738
8333,875.1225991249084,147205.73775089625
8334,875.1768293380737,147203.6073528047
8335,875.2352879047394,147201.49961094366
8336,875.2922849655151,147199.84372885714
8337,875.3550398349762,147197.81367481558
8338,875.407634973526,147195.5029434641
8339,875.4630768299103,147193.5053953804
8340,875.5239977836609,147192.05277122
8341,875.5789201259613,147189.99542503065
8342,875.6342530250549,147187.4709394018
8343,875.6909642219543,147185.49298003598
8344,875.7625918388367,147184.19557581263
8345,875.8188421726227,147181.7822500324
8346,875.8756105899811,147179.2879103574
8347,875.9320902824402,147177.29655169055
8348,875.9891309738159,147175.96001516975
8349,876.0436570644379,147173.60269365975
8350,876.1011917591095,147171.14077107623
8351,876.1571516990662,147169.53480121863
8352,876.2117974758148,147167.8854818722
8353,876.2674834728241,147165.5495185239
8354,876.3278152942657,147163.18534710078
8355,876.3846232891083,147161.18641130553
8356,876.4417886734009,147159.89304379074
8357,876.4963595867157,147157.44968698104
8358,876.5523562431335,147155.1831167481
8359,876.6126317977905,147153.07217891864
8360,876.666200876236,147151.62861161935
8361,876.7202100753784,147149.40559545625
8362,876.7723701000214,147146.9433577716
8363,876.8317265510559,147145.23904083823
8364,876.884747505188,147143.5995897422
8365,876.9370560646057,147141.32552982826
8366,876.9913864135742,147138.99520742684
8367,877.0498440265656,147137.01131326013
8368,877.1030991077423,147135.5418692608
8369,877.1591231822968,147133.1953451044
8370,877.21391248703,147130.8144168918
8371,877.2732927799225,147128.81408833037
8372,877.3266594409943,147127.70558045906
8373,877.379962682724,147125.17327369968
8374,877.4338591098785,147122.727764603
8375,877.4903407096863,147120.98538277077
8376,877.5443110466003,147119.37354433836
8377,877.5972683429718,147117.0640163708
8378,877.655127286911,147114.72177954175
8379,877.7124197483063,147112.72494239025
8380,877.7659137248993,147111.3172791564
8381,877.8198063373566,147108.9567096571
8382,877.876855134964,147106.5770494723
8383,877.9319348335266,147104.5989700411
8384,877.9855253696442,147103.27491472047
8385,878.041083574295,147100.88845188371
8386,878.0945563316345,147098.54093689
8387,878.148823261261,147096.5039953202
8388,878.2048316001892,147095.09328993506
8389,878.258736371994,147092.72364102319
8390,878.3136260509491,147090.528760576
8391,878.3701164722443,147088.51182755246
8392,878.4253039360046,147087.29971167908
8393,878.4833059310913,147084.80846772948
8394,878.5384376049042,147082.43104487337
8395,878.5931396484375,147080.75355934195
8396,878.6474838256836,147078.9845798912
8397,878.702041387558,147076.70445352138
8398,878.7558619976044,147074.50911532086
8399,878.8121519088745,147072.4997298346
8400,878.8687887191772,147070.98382581348
8401,878.9225609302521,147068.66082808177
8402,878.9798274040222,147066.664429243
8403,879.0380692481995,147064.52251908052
8404,879.0903241634369,147062.79988667925
8405,879.1445527076721,147060.8562490101
8406,879.1989464759827,147058.40936238537
8407,879.2527544498444,147056.44599658
8408,879.3132448196411,147055.02633824293
8409,879.3669531345367,147052.68203498799
8410,879.4318573474884,147050.2468779156
8411,879.4906022548676,147048.268365314
8412,879.5469319820404,147047.07098373325
8413,879.6033771038055,147044.6151263314
8414,879.6611878871918,147042.4748458066
8415,879.7219617366791,147040.36955594318
8416,879.7797207832336,147038.6696252343
8417,879.8400945663452,147036.71306762192
8418,879.9049043655396,147034.23518423515
8419,879.9651515483856,147032.30000217777
8420,880.02441573143,147030.9295100162
8421,880.0835564136505,147028.56383319854
8422,880.1398892402649,147026.16416037112
8423,880.1991920471191,147024.16114098788
8424,880.2565748691559,147022.79817873883
8425,880.311142206192,147020.37349612606
8426,880.3768429756165,147018.098705504
8427,880.4377315044403,147016.09888378147
8428,880.4943611621857,147014.82588298203
8429,880.5499143600464,147012.36537590358
8430,880.6122560501099,147010.11368826407
8431,880.6710870265961,147008.40241522036
8432,880.724303483963,147006.60767620776
8433,880.7797255516052,147004.34139925375
8434,880.8356380462646,147002.29459140496
8435,880.8954093456268,147000.23525926532
8436,880.9495611190796,146998.62434640186
8437,881.0046589374542,146996.35262542314
8438,881.0724322795868,146994.3150735774
8439,881.1274676322937,146992.201280451
8440,881.182624578476,146990.52628093312
8441,881.2368249893188,146988.2711934739
8442,881.2922253608704,146986.05428376643
8443,881.3555054664612,146984.03262694858
8444,881.407683134079,146982.5403917038
8445,881.4614398479462,146980.21188100235
8446,881.5151250362396,146977.8915582414
8447,881.5711929798126,146975.9073456883
8448,881.6255431175232,146974.9219361761
8449,881.6760337352753,146973.57425286618
8450,881.7262990474701,146971.90872833988
8451,881.7945876121521,146969.45670052606
8452,881.8621761798859,146967.16611359178
8453,881.926088809967,146962.93274172768
8454,881.9925217628479,146960.6356728879
8455,882.0469439029694,146958.98383456378
8456,882.1025323867798,146956.29427880328
8457,882.1698727607727,146952.39814987424
8458,882.2413282394409,146951.20022231826
8459,882.2971134185791,146948.00764202996
8460,882.3514006137848,146945.4830938135
8461,882.4078662395477,146943.25572530445
8462,882.4638524055481,146940.9430436974
8463,882.5179772377014,146939.93860702583
8464,882.5744729042053,146938.48534620035
8465,882.6269490718842,146936.90144267847
8466,882.681200504303,146935.846607306
8467,882.7359828948975,146934.463024782
8468,882.7882888317108,146933.6849538204
8469,882.8465578556061,146932.2166430108
8470,882.911741733551,146931.32695126015
8471,882.9667210578918,146929.99827526795
8472,883.0189831256866,146929.30968754404
8473,883.073721408844,146927.8372165752
8474,883.1246535778046,146926.97484708022
8475,883.1786847114563,146925.64220674557
8476,883.232973575592,146924.96498011408
8477,883.2836563587189,146923.48090528007
8478,883.337557554245,146922.64140198013
8479,883.3924803733826,146921.29194255004
8480,883.4450705051422,146920.63261111875
8481,883.4950733184814,146919.1358341263
8482,883.5465562343597,146918.32039189385
8483,883.5969116687775,146916.9467997231
8484,883.6491651535034,146916.2916826022
8485,883.7018549442291,146914.79017313244
8486,883.7562475204468,146914.00650477948
8487,883.8070304393768,146912.6085823363
8488,883.8590898513794,146911.94049301223
8489,883.9104762077332,146910.4424582353
8490,883.9621226787567,146909.6709001995
8491,884.0122244358063,146908.26297921754
8492,884.0694105625153,146907.5906998271
8493,884.1200592517853,146906.0963470324
8494,884.177670955658,146905.3488375812
8495,884.2298221588135,146903.92127695668
8496,884.2812714576721,146903.2441565768
8497,884.3329663276672,146901.7538841688
8498,884.3841154575348,146901.0291308932
8499,884.4348578453064,146899.5817621136
8500,884.48592710495,146898.90023892606
8501,884.5491137504578,146897.41342852387
8502,884.6008558273315,146896.7081427796
8503,884.6533327102661,146895.24363871978
8504,884.7032337188721,146894.5588228493
8505,884.7606425285339,146893.07408927145
8506,884.812185049057,146892.38400326157
8507,884.862920999527,146890.90537227527
8508,884.9168794155121,146890.21862931683
8509,884.9664525985718,146888.73259854972
8510,885.0181729793549,146888.0443302542
8511,885.0694215297699,146886.5595515128
8512,885.1204090118408,146885.86336399283
8513,885.1720571517944,146884.38223894706
8514,885.2270827293396,146883.69645940757
8515,885.2778584957123,146882.20541836618
8516,885.3295240402222,146881.49767861306
8517,885.3791601657867,146880.02353927612
8518,885.4314143657684,146879.34285677865
8519,885.4817025661469,146877.84340376334
8520,885.5324518680573,146877.1207120048
8521,885.5825779438019,146875.6557854621
8522,885.637770652771,146874.9791879252
8523,885.6891355514526,146873.472742926
8524,885.7409422397614,146872.7369621896
8525,885.7895879745483,146871.27948597094
8526,885.8429911136627,146870.60377400654
8527,885.8934090137482,146869.0934272884
8528,885.9455270767212,146868.34907132378
8529,885.9961352348328,146866.89553365886
8530,886.0504102706909,146866.21804000656
8531,886.1054518222809,146864.70620537264
8532,886.1607892513275,146863.95680389987
8533,886.2156980037689,146862.50448242348
8534,886.2768998146057,146861.82333861402
8535,886.3319103717804,146860.3117581617
8536,886.3908958435059,146859.55979162967
8537,886.4460241794586,146858.10681547114
8538,886.5076587200165,146857.42083084886
8539,886.5618538856506,146855.91066638258
8540,886.6165597438812,146855.15770839076
8541,886.6714696884155,146853.70294436166
8542,886.7306227684021,146853.01145337062
8543,886.7831618785858,146851.50341524556
8544,886.8414006233215,146850.75035038718
8545,886.8979518413544,146849.2932270107
8546,886.9598410129547,146848.59594606594
8547,887.013295173645,146847.09041542275
8548,887.0689454078674,146846.3376497706
8549,887.1232099533081,146844.87798481344
8550,887.183070898056,146844.17489632822
8551,887.2366938591003,146842.67202543747
8552,887.2904360294342,146841.9196533296
8553,887.3433165550232,146840.45751423153
8554,887.4023284912109,146839.74877627363
8555,887.5480663776398,146838.24856461512
8556,887.6904001235962,146837.49649165236
8557,887.7513408660889,146836.03209424723
8558,887.8109209537506,146835.31797606038
8559,887.8641791343689,146833.82032700087
8560,887.9185671806335,146833.0683565728
8561,887.9707109928131,146831.6019950894
8562,888.0245373249054,146830.88282803344
8563,888.0849781036377,146829.38758964738
8564,888.139524936676,146828.63548181186
8565,888.1927375793457,146827.16747917226
8566,888.2464578151703,146826.44362012716
8567,888.3028275966644,146824.95061621597
8568,888.3590652942657,146823.37858351652
8569,888.4138207435608,146820.35616260543
8570,888.4729588031769,146817.52010557897
8571,888.5375411510468,146815.4306418863
8572,888.5900475978851,146812.94675161314
8573,888.6416251659393,146810.17597798625
8574,888.6955533027649,146807.72663225693
8575,888.752269744873,146804.8084642642
8576,888.8052155971527,146803.34781765952
8577,888.8597037792206,146800.02209088876
8578,888.9173543453217,146796.84718725216
8579,888.9764802455902,146792.78625710332
8580,889.0333178043365,146790.45762161224
8581,889.0906419754028,146788.79078414378
8582,889.1428894996643,146786.47768406692
8583,889.199597120285,146784.1706512383
8584,889.2544839382172,146782.03441682487
8585,889.3105940818787,146780.5440652538
8586,889.3637096881866,146778.51198298272
8587,889.4201402664185,146776.53193680383
8588,889.4802739620209,146773.79195053026
8589,889.5392110347748,146772.37249660896
8590,889.5925107002258,146769.80763212856
8591,889.6644332408905,146768.3138621984
8592,889.7613863945007,146765.94212070503
8593,889.8147821426392,146764.30283409954
8594,889.8775660991669,146762.42244744577
8595,889.929211139679,146760.68092625815
8596,889.9829931259155,146758.0310638276
8597,890.0389013290405,146756.8472690366
8598,890.0923030376434,146754.2648626886
8599,890.1453835964203,146752.71315711777
8600,890.1967899799347,146750.54399272706
8601,890.2503161430359,146749.04759901937
8602,890.3035023212433,146746.51015203953
8603,890.3637380599976,146745.23916349473
8604,890.4155671596527,146742.85026177522
8605,890.4718449115753,146741.43996748922
8606,890.5255846977234,146739.0471096561
8607,890.5794308185577,146737.4958490367
8608,890.6350584030151,146735.07156677198
8609,890.689430475235,146733.62958967645
8610,890.7453157901764,146731.1848806688
8611,890.8016555309296,146729.8793306566
8612,890.8566837310791,146727.4595889883
8613,890.91042137146,146725.90788300068
8614,890.963018655777,146724.06665721146
8615,891.0188596248627,146722.17366694318
8616,891.0716116428375,146719.70778342057
8617,891.1269466876984,146718.43117492524
8618,891.1847498416901,146715.8531629518
8619,891.2409641742706,146714.438749127
8620,891.2945494651794,146712.15683964195
8621,891.3475470542908,146710.67705805477
8622,891.4052407741547,146708.19554907802
8623,891.4625754356384,146706.9423075977
8624,891.5196013450623,146704.4109068279
8625,891.5722932815552,146702.80226658308
8626,891.6263384819031,146700.52520054547
8627,891.6827878952026,146698.98800508666
8628,891.7422142028809,146696.51846777843
8629,891.7976047992706,146695.54245467795
8630,891.8493716716766,146694.15206291777
8631,891.9130394458771,146692.65374780618
8632,891.9675414562225,146691.3730346379
8633,892.0219156742096,146688.7870832822
8634,892.0845742225647,146684.9891009962
8635,892.1443572044373,146683.20959814423
8636,892.1983122825623,146681.6453336967
8637,892.2533056735992,146679.3065757797
8638,892.3130979537964,146675.9539135316
8639,892.3702387809753,146673.5408112322
8640,892.4291672706604,146669.7184990923
8641,892.4880604743958,146667.17221004856
8642,892.544397354126,146665.40514654331
8643,892.5995519161224,146662.9529180277
8644,892.6602907180786,146660.9123678784
8645,892.7151975631714,146658.21284842517
8646,892.7737374305725,146655.65058830174
8647,892.8363063335419,146653.34706093319
8648,892.8966610431671,146651.87135199114
8649,892.9541833400726,146649.24495086836
8650,893.0101821422577,146647.60548910784
8651,893.066412448883,146645.03068898155
8652,893.121865272522,146643.65918796725
8653,893.1798198223114,146641.55955839134
8654,893.2356333732605,146639.34510157828
8655,893.2902467250824,146637.91023421971
8656,893.3472392559052,146636.1981478757
8657,893.4024362564087,146633.69241908527
8658,893.4607462882996,146631.84484571122
8659,893.5213687419891,146629.8895066407
8660,893.5798327922821,146628.52060961456
8661,893.6372337341309,146625.91862042586
8662,893.6942145824432,146624.10340563464
8663,893.7506840229034,146622.0370282242
8664,893.8100636005402,146620.19860472114
8665,893.8660521507263,146617.9797590447
8666,893.9225697517395,146616.3604175405
8667,893.9771964550018,146614.22515578402
8668,894.0330095291138,146612.29695290767
8669,894.0886905193329,146610.71173683522
8670,894.143084526062,146608.53033960558
8671,894.1987936496735,146606.38399572935
8672,894.2541034221649,146604.9087038144
8673,894.3094217777252,146602.49007940447
8674,894.3712527751923,146600.77213728556
8675,894.4322671890259,146598.64036813963
8676,894.4901690483093,146597.25509701142
8677,894.557445526123,146594.8122520675
8678,894.6170721054077,146592.9187088383
8679,894.6741826534271,146590.89573377234
8680,894.7299706935883,146589.11707308833
8681,894.808057308197,146587.29486545612
8682,894.9596321582794,146585.28657926898
8683,895.0142643451691,146583.1540098763
8684,895.0729262828827,146581.6421009603
8685,895.1321315765381,146579.2858818425
8686,895.1878819465637,146577.801472621
8687,895.2416670322418,146575.4958491163
8688,895.2984433174133,146573.71265879407
8689,895.3543937206268,146571.5394214091
8690,895.4168939590454,146569.68212046754
8691,895.4722702503204,146567.63301135585
8692,895.5302143096924,146565.8389077125
8693,895.5858435630798,146564.044735968
8694,895.6418790817261,146561.88097883115
8695,895.6965005397797,146559.8412277982
8696,895.759073972702,146558.20034501806
8697,895.815771818161,146555.89608709383
8698,895.8728082180023,146554.45855874446
8699,895.9266595840454,146552.14720112624
8700,895.9836542606354,146550.253031261
8701,896.0388882160187,146548.12684691194
8702,896.0948777198792,146546.3016405719
8703,896.1504092216492,146544.21151248852
8704,896.248044013977,146542.40983179575
8705,896.3056468963623,146540.6805658745
8706,896.361762046814,146538.5449924285
8707,896.419130563736,146536.4762120308
8708,896.4742124080658,146534.83562480294
8709,896.5296580791473,146532.56677546812
8710,896.5879583358765,146531.1106995944
8711,896.6631722450256,146528.80592858233
8712,896.7442586421967,146526.96224275936
8713,896.8252294063568,146524.81835219532
8714,896.8915064334869,146522.9549694722
8715,896.9618000984192,146520.91739544034
8716,897.0330352783203,146519.21034786568
8717,897.0886330604553,146517.0912896276
8718,897.1444516181946,146515.29071001417
8719,897.2037329673767,146513.63726234314
8720,897.2600154876709,146511.40029363756
8721,897.3179228305817,146509.3609729012
8722,897.3752861022949,146507.8237819952
8723,897.4325063228607,146505.43905562902
8724,897.4912307262421,146503.62973641607
8725,897.5493559837341,146501.64774382213
8726,897.6040546894073,146499.95398780663
8727,897.6603016853333,146497.65674244726
8728,897.7147624492645,146495.85060969435
8729,897.7714350223541,146493.7985763601
8730,897.8289813995361,146491.8972846118
8731,897.8851454257965,146489.79168225478
8732,897.9448103904724,146488.0413380403
8733,897.9999804496765,146485.92900315105
8734,898.0548677444458,146484.29644900322
8735,898.1089131832123,146481.9923715878
8736,898.1644756793976,146480.1569927907
8737,898.2209646701813,146478.04573657305
8738,898.2781457901001,146476.09419014907
8739,898.3333716392517,146474.07763735193
8740,898.3881342411041,146472.2818716621
8741,898.4434685707092,146470.51336534304
8742,898.497106552124,146468.37848177282
8743,898.5516178607941,146466.34412151002
8744,898.6071298122406,146464.67655945613
8745,898.6634297370911,146462.3981825399
8746,898.7237031459808,146460.50193809328
8747,898.77818775177,146458.51696309505
8748,898.8326382637024,146457.00678067678
8749,898.9203708171844,146454.582752713
8750,898.9757544994354,146452.71515047428
8751,899.0305953025818,146450.72074409304
8752,899.0917572975159,146448.7690374939
8753,899.1475777626038,146446.6937486741
8754,899.2055432796478,146444.89646363715
8755,899.2817397117615,146442.80741419672
8756,899.3400886058807,146440.87984519906
8757,899.3956499099731,146438.84597889672
8758,899.4505431652069,146436.9263582285
8759,899.5090227127075,146434.8766876664
8760,899.5647504329681,146433.06441275257
8761,899.6188082695007,146430.95323100087
8762,899.674943447113,146429.14692277677
8763,899.7328090667725,146427.05775028537
8764,899.7968122959137,146425.2199188738
8765,899.8511590957642,146423.1376138011
8766,899.9089484214783,146421.27772235492
8767,899.9636216163635,146419.22591605695
8768,900.0208365917206,146417.77691636246
8769,900.0730078220367,146415.35331440196
8770,900.1307048797607,146413.4768664506
8771,900.1855850219727,146411.45443447973
8772,900.2407503128052,146409.42601976337
8773,900.2934136390686,146407.87828038557
8774,900.349179983139,146405.7561529212
8775,900.4024617671967,146403.62608025107
8776,900.4572968482971,146402.05933440753
8777,900.5137839317322,146399.76193218984
8778,900.5693883895874,146397.83638227292
8779,900.62548995018,146395.83985500986
8780,900.6903162002563,146393.8606514001
8781,900.743953704834,146391.7933109429
8782,900.7996597290039,146389.91221575355
8783,900.8583018779755,146387.86283219937
8784,900.9128265380859,146386.0202631145
8785,900.9670338630676,146383.92738833264
8786,901.0231883525848,146382.26112363144
8787,901.0768394470215,146380.03777951025
8788,901.1325433254242,146378.073008517
8789,901.1897482872009,146376.0709266403
8790,901.2451817989349,146374.53737225517
8791,901.2968919277191,146372.15849033443
8792,901.3567922115326,146370.25203809817
8793,901.412581205368,146368.26654043354
8794,901.4683077335358,146366.33807155135
8795,901.5236823558807,146364.57837563078
8796,901.5843794345856,146362.543206306
8797,901.6401736736298,146360.46244129486
8798,901.6966631412506,146358.65683653677
8799,901.8867309093475,146356.52688086813
8800,901.941418170929,146354.6409670281
8801,901.9949681758881,146352.55927205578
8802,902.0497651100159,146350.7482765525
8803,902.1075124740601,146348.59289409962
8804,902.2488458156586,146346.90910144747
8805,902.4476563930511,146344.74439058683
8806,902.5135862827301,146343.15100405185
8807,902.5724241733551,146340.8861442398
8808,902.6270904541016,146339.0262860459
8809,902.6863121986389,146336.9555448815
8810,902.7423770427704,146334.96119438237
8811,902.796756029129,146333.3861125663
8812,902.8633062839508,146331.19444261945
8813,902.9216418266296,146329.24904467308
8814,902.9851818084717,146327.3542463404
8815,903.0393648147583,146325.32536498705
8816,903.0957396030426,146323.40424901305
8817,903.1576006412506,146321.38840150053
8818,903.2149949073792,146319.44884331195
8819,903.2683398723602,146317.4490630536
8820,903.3229355812073,146315.74137161789
8821,903.3783121109009,146313.54651839068
8822,903.4398899078369,146311.82294514932
8823,903.4942464828491,146309.63095799214
8824,903.5592722892761,146307.72967226763
8825,903.620762348175,146305.64761723686
8826,903.6801035404205,146303.70112494114
8827,903.7415235042572,146301.95464469265
8828,903.8315742015839,146299.81371379818
8829,904.0318458080292,146297.82522791155
8830,904.0942950248718,146296.08838891395
8831,904.1511015892029,146293.89294517686
8832,904.2412266731262,146292.40595518705
8833,904.2965841293335,146290.0618342795
8834,904.355122089386,146288.06673298124
8835,904.420294046402,146286.16695471713
8836,904.4781141281128,146284.10491333605
8837,904.5386526584625,146282.33570902003
8838,904.6014556884766,146280.32090382554
8839,904.6575918197632,146278.2483625044
8840,904.7184257507324,146276.55279449112
8841,904.7834980487823,146274.40224621934
8842,904.8677198886871,146272.71596566492
8843,904.9233396053314,146270.50278710268
8844,904.9825954437256,146268.48778833533
8845,905.0430483818054,146266.5526670598
8846,905.1047456264496,146264.43783127083
8847,905.3199787139893,146262.72369532837
8848,905.5305552482605,146260.81982770393
8849,905.7010304927826,146258.7131012365
8850,905.7966125011444,146257.05061722998
8851,905.8526859283447,146254.92933205323
8852,905.9114570617676,146252.88092155143
8853,905.9682765007019,146250.98568761474
8854,906.0319380760193,146248.94363476508
8855,906.0908403396606,146246.94157224643
8856,906.1474404335022,146245.04227344392
8857,906.2034270763397,146243.01796220738
8858,906.2579846382141,146241.23682231634
8859,906.3150126934052,146239.22210731573
8860,906.3716614246368,146237.27126232933
8861,906.4297385215759,146235.46279391827
8862,906.4867761135101,146233.29228272696
8863,906.5430529117584,146231.31883678722
8864,906.6043074131012,146229.30857708698
8865,906.6734051704407,146227.45945509896
8866,906.7502615451813,146225.34477115274
8867,906.8064694404602,146223.88879380125
8868,906.8622856140137,146221.70171841254
8869,906.9163508415222,146219.63872009976
8870,906.9712295532227,146218.1309077113
8871,907.0286643505096,146215.90036944422
8872,907.0845501422882,146213.76722871623
8873,907.1404151916504,146211.90131850043
8874,907.1946063041687,146209.96916271912
8875,907.2509028911591,146208.25832548202
8876,907.3117916584015,146206.04846116342
8877,907.3691856861115,146204.05785195486
8878,907.4248788356781,146202.2773531017
8879,907.4880993366241,146200.1142142741
8880,907.5475854873657,146198.27667022866
8881,907.605731010437,146196.2243996415
8882,907.6625409126282,146194.40464154573
8883,907.7240605354309,146192.37685058828
8884,907.7794127464294,146190.45570536726
8885,907.837170124054,146188.60353215746
8886,907.8927984237671,146186.41191444785
8887,907.9495737552643,146184.57953795238
8888,908.0040929317474,146182.6682994353
8889,908.0607676506042,146180.93611471856
8890,908.11492395401,146178.62764087663
8891,908.1724607944489,146176.69175493415
8892,908.2307963371277,146175.01087715657
8893,908.2855372428894,146172.7597011706
8894,908.345582485199,146170.756972425
8895,908.3998911380768,146168.8575885775
8896,908.4549722671509,146166.99695585953
8897,908.510833978653,146165.26934460367
8898,908.5659844875336,146163.0780055017
8899,908.6253161430359,146161.10891297093
8900,908.6840972900391,146159.3325404251
8901,908.7417719364166,146157.16712423728
8902,908.8067569732666,146155.11567152684
8903,908.8683114051819,146153.20872138004
8904,908.9275205135345,146151.2583396787
8905,908.9857244491577,146149.20577371088
8906,909.0410583019257,146147.31032992664
8907,909.0945148468018,146145.51276751235
8908,909.1530930995941,146143.38472482844
8909,909.2089533805847,146141.4153007035
8910,909.2663798332214,146139.5446654928
8911,909.3241238594055,146137.54874513246
8912,909.3802332878113,146135.58478970424
8913,909.4341113567352,146133.76244280732
8914,909.4900720119476,146131.95155565336
8915,909.5439229011536,146129.7795019855
8916,909.5992276668549,146127.8860801123
8917,909.6564056873322,146125.91133255255
8918,909.7129821777344,146123.8481722738
8919,909.7685778141022,146121.99731916908
8920,909.8229959011078,146120.27601576297
8921,909.8771486282349,146118.14384821098
8922,909.9327878952026,146116.5840832081
8923,909.9875206947327,146114.34974707742
8924,910.0625550746918,146112.41552620163
8925,910.1179566383362,146110.45476465707
8926,910.1757009029388,146108.30068635158
8927,910.2596535682678,146106.80185614724
8928,910.3354206085205,146104.59222794417
8929,910.3980710506439,146102.59167970406
8930,910.4618201255798,146101.01924638197
8931,910.5467119216919,146098.76700980583
8932,910.6034126281738,146096.7101381452
8933,910.6642191410065,146094.88987566714
8934,910.7257735729218,146092.8207587943
8935,910.7810001373291,146090.81309068488
8936,910.8390097618103,146088.99550167035
8937,910.8942153453827,146086.94816501316
8938,911.087769985199,146085.12210128055
8939,911.2145953178406,146083.01486036874
8940,911.4131615161896,146081.20307880852
8941,911.5530891418457,146079.08291148028
8942,911.6082441806793,146077.2818983835
8943,911.6759603023529,146075.25808984446
8944,911.7330043315887,146073.55956754016
8945,911.7871739864349,146071.3330761019
8946,911.8457129001617,146069.30429564824
8947,911.9017286300659,146067.43631959867
8948,911.958746433258,146065.38687075904
8949,912.0179162025452,146063.42412665367
8950,912.0734584331512,146061.512321409
8951,912.1415605545044,146059.8430299244
8952,912.1999008655548,146057.67412678152
8953,912.2545821666718,146055.68002966148
8954,912.3126666545868,146054.00877129735
8955,912.36647772789,146051.81134839015
8956,912.4234235286713,146049.7279134261
8957,912.4786415100098,146047.86871034434
8958,912.534679889679,146045.90710427496
8959,912.5915071964264,146043.90044749636
8960,912.6566684246063,146042.04205226334
8961,912.7126426696777,146040.21243909915
8962,912.7708971500397,146038.05594139098
8963,912.8396508693695,146036.57967556675
8964,912.898859500885,146034.37935173692
8965,912.9564864635468,146032.36683300702
8966,913.0168435573578,146030.5954655971
8967,913.0737414360046,146028.4276245875
8968,913.1339251995087,146026.5150527491
8969,913.1980149745941,146024.66089699027
8970,913.2573897838593,146022.50372150287
8971,913.3219213485718,146020.61910516542
8972,913.3888416290283,146018.87515927624
8973,913.4420123100281,146017.04539325312
8974,913.4997181892395,146014.65771864494
8975,913.5582575798035,146012.89964516964
8976,913.6264662742615,146011.08449473494
8977,913.6966125965118,146008.8568275757
8978,913.7644746303558,146006.95776648624
8979,913.826940536499,146005.08891653738
8980,913.8845932483673,146002.9747571001
8981,913.940701007843,146001.38613125228
8982,913.9993159770966,145999.20696614613
8983,914.0630669593811,145997.21348098305
8984,914.1275825500488,145995.59766524448
8985,914.1839807033539,145993.40867079046
8986,914.2457766532898,145991.26541558496
8987,914.3083384037018,145989.40329761145
8988,914.3674008846283,145987.5021709663
8989,914.4245934486389,145985.46776951966
8990,914.4899377822876,145983.55308918335
8991,914.5510611534119,145981.60652570956
8992,914.6116292476654,145979.5821547623
8993,914.667937040329,145978.0568767964
8994,914.7343335151672,145975.78005842806
8995,914.7969734668732,145973.85906423212
8996,914.8578352928162,145972.27222873605
8997,914.9191620349884,145969.96735734987
8998,914.9842488765717,145967.8769843232
8999,915.0453963279724,145966.21137409378
9000,915.1030037403107,145963.92504203695
9001,915.1640555858612,145961.98977643237
9002,915.2907752990723,145960.25972125024
9003,915.3466141223907,145958.48252700473
9004,915.4023015499115,145956.1849434066
9005,915.4600918292999,145954.30435747007
9006,915.5244948863983,145952.63877164177
9007,915.5846028327942,145950.55775298635
9008,915.6415991783142,145948.44275344108
9009,915.6987879276276,145946.6074708484
9010,915.7582635879517,145944.69832792328
9011,915.8183245658875,145942.70140709225
9012,915.8769567012787,145940.72036242555
9013,915.9334514141083,145938.73677675694
9014,915.9899594783783,145936.8372841752
9015,916.0513968467712,145934.7610038083
9016,916.109977722168,145932.77258345488
9017,916.166344165802,145930.87533248955
9018,916.2334744930267,145929.0109691603
9019,916.2928512096405,145926.981887847
9020,916.34818816185,145924.99379872493
9021,916.4030282497406,145923.0366575845
9022,916.4634573459625,145921.05806255856
9023,916.526201248169,145919.1220713485
9024,916.5839247703552,145917.30655758688
9025,916.6387164592743,145915.16209646533
9026,916.6994013786316,145913.49709271034
9027,916.7634801864624,145911.28685230968
9028,916.8210051059723,145909.32867549077
9029,916.8802621364594,145907.40545626273
9030,916.9436254501343,145905.32750484147
9031,917.0063345432281,145903.39187830308
9032,917.0664935112,145901.4117113312
9033,917.1259548664093,145899.51569467728
9034,917.1923532485962,145897.65727870434
9035,917.2556564807892,145895.63510717129
9036,917.3114941120148,145893.79841902133
9037,917.37056016922,145892.25214372485
9038,917.4397876262665,145889.88992572078
9039,917.5018630027771,145887.93380352142
9040,917.5606472492218,145886.24248270728
9041,917.6183974742889,145884.07037542528
9042,917.6822779178619,145882.0733455973
9043,917.7407245635986,145880.35250868296
9044,917.7959508895874,145878.2437031472
9045,917.8550641536713,145876.26298544792
9046,917.9147186279297,145874.43265929853
9047,917.9735386371613,145872.33863682725
9048,918.0296628475189,145870.57304859027
9049,918.0852310657501,145868.49225242482
9050,918.1437306404114,145866.49822450295
9051,918.2070813179016,145864.45139038045
9052,918.2621374130249,145862.46584289588
9053,918.315985918045,145860.52222952983
9054,918.3836803436279,145858.71639729745
9055,918.4409558773041,145856.84437479413
9056,918.4961547851562,145854.64829677573
9057,918.5547873973846,145852.72673496802
9058,918.6125998497009,145850.8269719641
9059,918.6710367202759,145848.8832537922
9060,918.7319605350494,145846.73765326507
9061,918.7906937599182,145845.00456961276
9062,918.8478629589081,145843.0197811435
9063,918.9052579402924,145841.1166080061
9064,918.9633617401123,145839.2294834545
9065,919.0282559394836,145837.5277562101
9066,919.0884313583374,145835.34296771008
9067,919.1439383029938,145833.42129702622
9068,919.201982498169,145831.5307810111
9069,919.255940914154,145829.49221504582
9070,919.3111543655396,145827.5635058861
9071,919.3669602870941,145825.6570662024
9072,919.4341397285461,145823.66888658344
9073,919.490734577179,145822.0248752632
9074,919.5513331890106,145819.9346990908
9075,919.6075963973999,145817.94713885157
9076,919.6656203269958,145816.1911567302
9077,919.7207129001617,145814.0365107779
9078,919.7787747383118,145812.07010154534
9079,919.8385148048401,145810.18304641187
9080,919.8981940746307,145808.15157101437
9081,919.9532709121704,145806.4069397198
9082,920.0138175487518,145804.2924188542
9083,920.0701594352722,145802.39106271125
9084,920.1261131763458,145800.43753020634
9085,920.1793954372406,145798.4335577724
9086,920.2348031997681,145796.96145723618
9087,920.2932758331299,145794.63210505983
9088,920.3505473136902,145792.61430773957
9089,920.408497095108,145790.81675401583
9090,920.4627916812897,145788.73023997888
9091,920.519809961319,145786.87927176533
9092,920.5753264427185,145784.81261119287
9093,920.6317446231842,145782.9415784543
9094,920.6862971782684,145781.0782211494
9095,920.7408344745636,145779.36280722683
9096,920.7961633205414,145777.19446028926
9097,920.8523213863373,145775.25460006064
9098,920.9086768627167,145773.4574914111
9099,920.9663527011871,145771.33471157594
9100,921.021326303482,145769.3956390609
9101,921.0803842544556,145767.49140624944
9102,921.1653983592987,145765.4592546981
9103,921.2231860160828,145763.87027303388
9104,921.2849264144897,145761.70184630319
9105,921.3385002613068,145759.7185510022
9106,921.3959801197052,145757.8910927875
9107,921.4570264816284,145755.80996144726
9108,921.5142092704773,145753.8859960306
9109,921.5677976608276,145752.08360405997
9110,921.6249606609344,145749.9371463696
9111,921.6819140911102,145748.38031536958
9112,921.7717161178589,145746.32051139008
9113,921.8269565105438,145744.2108069422
9114,921.888828754425,145742.45460352325
9115,921.9436256885529,145740.41603638063
9116,922.0230519771576,145738.44107638425
9117,922.0897376537323,145736.39095620072
9118,922.177570104599,145734.4262705292
9119,922.2341537475586,145732.50089008894
9120,922.2922353744507,145730.59710749402
9121,922.3586518764496,145728.94108390604
9122,922.414968252182,145726.64769162374
9123,922.4694356918335,145724.70185432624
9124,922.5297937393188,145722.9799430586
9125,922.5854742527008,145720.8488141694
9126,922.64670586586,145718.8243816866
9127,922.7023706436157,145716.88568948506
9128,922.7576985359192,145715.0782369039
9129,922.8168497085571,145713.018060352
9130,922.8843693733215,145711.12057572932
9131,922.9390637874603,145709.10506196777
9132,922.9947311878204,145707.17119700575
9133,923.0518155097961,145705.20860835785
9134,923.1067562103271,145703.1900651306
9135,923.1631679534912,145701.23882270342
9136,923.2207999229431,145699.38119585445
9137,923.2838623523712,145697.38100529934
9138,923.3458774089813,145695.54071647313
9139,923.4033215045929,145693.43774622385
9140,923.468120098114,145691.44062747492
9141,923.525279045105,145689.52686335525
9142,923.5842950344086,145687.49336547265
9143,923.6450259685516,145685.59092854732
9144,923.7007975578308,145684.04952668864
9145,923.7562623023987,145681.78273064303
9146,923.8151655197144,145679.86469434743
9147,923.8708946704865,145677.97396845542
9148,923.9275043010712,145676.04622912855
9149,923.9876163005829,145674.4312862378
9150,924.0422179698944,145672.2659329116
9151,924.0985496044159,145670.40279319958
9152,924.173675775528,145668.62610623753
9153,924.233419418335,145666.57941333394
9154,924.2907395362854,145664.57770146005
9155,924.3482899665833,145662.76606462512
9156,924.4050734043121,145660.77040212203
9157,924.4617493152618,145659.18142511178
9158,924.5345673561096,145656.95989082725
9159,924.5952455997467,145655.04608331987
9160,924.6576852798462,145653.3831468236
9161,924.7130453586578,145651.14941709943
9162,924.7780132293701,145649.36958988264
9163,924.8327054977417,145647.52617472527
9164,924.8892357349396,145645.32836948693
9165,924.94531416893,145643.43678241386
9166,925.0006651878357,145641.64278709743
9167,925.0572230815887,145639.58977051565
9168,925.1151218414307,145637.4624514093
9169,925.1749641895294,145635.8937887722
9170,925.2341802120209,145633.71483874833
9171,925.2901918888092,145631.66099121873
9172,925.3489632606506,145630.0043349077
9173,925.4054996967316,145627.9059859217
9174,925.4839882850647,145625.84144217405
9175,925.5433847904205,145623.87810471552
9176,925.6026284694672,145621.94637488082
9177,925.6597225666046,145619.92057642803
9178,925.7602961063385,145618.05817839428
9179,925.8143436908722,145616.10227225118
9180,925.8732802867889,145614.15615185068
9181,925.9284334182739,145612.09022175547
9182,925.9843044281006,145610.43281231044
9183,926.0399718284607,145608.21363913396
9184,926.1023480892181,145606.53587642804
9185,926.1576187610626,145604.40480358037
9186,926.2137405872345,145602.4454696966
9187,926.2750327587128,145600.44922150843
9188,926.3360688686371,145598.76417084748
9189,926.3982253074646,145596.5444957498
9190,926.456689119339,145594.85720464055
9191,926.5150496959686,145592.71124608305
9192,926.5771939754486,145591.15974388845
9193,926.6352581977844,145588.85672464917
9194,926.6930623054504,145586.9634855155
9195,926.754362821579,145585.07145194858
9196,926.8162281513214,145583.045554799
9197,926.8744988441467,145581.05390953273
9198,926.9320585727692,145579.35091524615
9199,926.9905540943146,145577.21522499807
9200,927.0503883361816,145575.19518022306
9201,927.1077618598938,145573.3778782913
9202,927.1638600826263,145571.52142894745
9203,927.2215774059296,145569.4989547895
9204,927.2813992500305,145567.60712943893
9205,927.3458390235901,145565.6858184675
9206,927.403532743454,145563.82156755542
9207,927.4585502147675,145561.78506422366
9208,927.522073507309,145560.00827404798
9209,927.5785639286041,145557.9694099865
9210,927.6352787017822,145556.5778035375
9211,927.692601442337,145554.19700084074
9212,927.7514355182648,145552.34724810274
9213,927.8108489513397,145550.40416974435
9214,927.8715560436249,145548.4361044633
9215,927.9301300048828,145546.8326952987
9216,927.988772392273,145544.51238068272
9217,928.0467586517334,145542.58495432528
9218,928.1020896434784,145541.07542204746
9219,928.1610736846924,145538.73334861227
9220,928.2374694347382,145537.06535703194
9221,928.2933926582336,145535.051800498
9222,928.350644826889,145532.92622530452
9223,928.4067668914795,145531.19273751206
9224,928.4638061523438,145529.18843615224
9225,928.520031452179,145527.107969995
9226,928.5799729824066,145525.2617069789
9227,928.6385552883148,145523.26826493285
9228,928.6972341537476,145521.43082900034
9229,928.7573835849762,145519.366937324
9230,928.8203308582306,145517.58853142557
9231,928.966846704483,145515.5184108514
9232,929.1972818374634,145513.68349775253
9233,929.3077108860016,145511.62781981035
9234,929.3772568702698,145509.80469923074
9235,929.4561166763306,145507.73463588802
9236,929.5159120559692,145505.74860140166
9237,929.5857398509979,145503.7773186018
9238,929.6854434013367,145502.0924354288
9239,929.7910151481628,145499.8539527112
9240,929.9165408611298,145498.20686085307
9241,929.9846217632294,145496.0176556463
9242,930.0790569782257,145494.1552327903
9243,930.1490364074707,145492.1037232333
9244,930.2125022411346,145490.4299421307
9245,930.2736835479736,145488.22204673273
9246,930.3465883731842,145486.40021025168
9247,930.4385502338409,145484.37028564938
9248,930.510021686554,145482.54412970546
9249,930.7306115627289,145480.49413499614
9250,931.0052669048309,145478.65721210907
9251,931.3296518325806,145476.64541412937
9252,931.5800087451935,145474.72665727613
9253,931.7519443035126,145472.8575611505
9254,931.8205509185791,145470.94647247565
9255,931.9864585399628,145468.9143298255
9256,932.1088616847992,145467.12151051278
9257,932.2538340091705,145465.07271336296
9258,932.3356630802155,145463.33168134748
9259,932.4181113243103,145461.21247995438
9260,932.533130645752,145459.48210283509
9261,932.5965933799744,145457.35593663523
9262,932.6672191619873,145455.7338178942
9263,932.730307340622,145453.55355879106
9264,932.8089213371277,145451.79995182902
9265,932.915442943573,145449.81886316757
9266,932.974871635437,145447.88540618488
9267,933.0323507785797,145445.97905482317
9268,933.1046504974365,145444.10333712338
9269,933.1844940185547,145442.3502864968
9270,933.3477380275726,145440.2695071039
9271,933.4661402702332,145438.23246388917
9272,933.5233147144318,145436.58783474826
9273,933.5803763866425,145434.3672019122
9274,933.704169511795,145432.41750355426
9275,934.0606863498688,145430.46278257723
9276,934.3408260345459,145428.65339983397
9277,934.3944351673126,145426.5402350814
9278,934.4556157588959,145424.63908034933
9279,934.5354936122894,145422.65878567167
9280,934.6038057804108,145420.9915890715
9281,934.6609199047089,145418.73357005298
9282,934.7270228862762,145416.87435943287
9283,934.781806230545,145414.85679502256
9284,934.8367764949799,145413.4100246
9285,934.913699388504,145411.00341645707
9286,934.9705944061279,145409.24254352448
9287,935.0290906429291,145407.41151664767
9288,935.0823984146118,145405.34452533754
9289,935.1379737854004,145403.37897490335
9290,935.2162299156189,145401.6458236642
9291,935.315913438797,145399.57344766828
9292,935.3795635700226,145397.97270552453
9293,935.4529554843903,145395.7555962023
9294,935.5270619392395,145393.95094968926
9295,935.6282937526703,145391.92364957207
9296,935.7296442985535,145389.98295039267
9297,935.8034420013428,145388.30465136055
9298,936.020251750946,145386.23235806427
9299,936.0994021892548,145384.2258987989
9300,936.1600546836853,145382.65064646222
9301,936.2125253677368,145380.51229435173
9302,936.4114992618561,145378.6582784089
9303,936.4756557941437,145376.68280797923
9304,936.7014317512512,145374.83480898195
9305,936.7645065784454,145372.79482615253
9306,936.8336639404297,145370.8271457283
9307,936.9578778743744,145368.90644515172
9308,937.0233328342438,145367.12203493653
9309,937.0871570110321,145365.00277946488
9310,937.1524231433868,145363.26577815865
9311,937.2328221797943,145361.2308505712
9312,937.2854337692261,145359.37366512875
9313,937.3431565761566,145357.37013232068
9314,937.3972671031952,145355.84539484023
9315,937.5789914131165,145353.53339092643
9316,937.8158483505249,145351.6735715018
9317,938.010458946228,145349.85646116917
9318,938.0626118183136,145347.78687525986
9319,938.114705324173,145345.7902420101
9320,938.1894302368164,145344.28897230842
9321,938.3885827064514,145342.01108829145
9322,938.5232107639313,145340.24915643543
9323,938.6695547103882,145338.20454298382
9324,938.7755348682404,145336.5287431571
9325,938.8748807907104,145334.325013494
9326,938.9303455352783,145332.4660397602
9327,938.9954721927643,145330.47632819504
9328,939.0616302490234,145328.9920333752
9329,939.1283104419708,145326.61876736715
9330,939.202939748764,145324.79558046017
9331,939.2982757091522,145322.8763134181
9332,939.3680620193481,145320.98753129452
9333,939.4717962741852,145318.98354756276
9334,939.5420708656311,145317.1044417086
9335,939.6063580513,145315.33098403254
9336,939.7142221927643,145313.2077317575
9337,939.7792747020721,145311.21194642203
9338,939.8878788948059,145309.48018640027
9339,939.9528007507324,145307.33872272098
9340,940.0127010345459,145305.71894063198
9341,940.0757052898407,145303.49582467967
9342,940.1589159965515,145301.60575841865
9343,940.2278389930725,145299.5584952813
9344,940.2999844551086,145297.7353597816
9345,940.3620216846466,145295.95524352463
9346,940.4307973384857,145293.94554247407
9347,940.4933426380157,145291.89607980583
9348,940.5582630634308,145290.26632209416
9349,940.626378774643,145288.0821424151
9350,940.6947803497314,145286.2716780015
9351,940.7595808506012,145284.25667484172
9352,940.8954200744629,145282.62168683694
9353,940.9508538246155,145280.4360234662
9354,941.014105796814,145278.42526373683
9355,941.1861593723297,145276.6462063165
9356,941.2512333393097,145274.58186209758
9357,941.3148543834686,145272.5704994666
9358,941.3810489177704,145270.87013667138
9359,941.4404318332672,145268.7551748848
9360,941.5001685619354,145267.07640666713
9361,941.6961481571198,145264.94204246576
9362,941.9107003211975,145263.4275738976
9363,941.9648230075836,145261.16892187737
9364,942.0252501964569,145259.30876473236
9365,942.0923144817352,145257.5483536264
9366,942.1637856960297,145255.5286030841
9367,942.227530002594,145253.5783922119
9368,942.2930173873901,145251.7591021168
9369,942.3526558876038,145249.7662787561
9370,942.4167170524597,145248.16091054684
9371,942.4846420288086,145245.9596099101
9372,942.5526373386383,145244.22863496956
9373,942.6183767318726,145242.14990404312
9374,942.6870975494385,145240.27295376858
9375,942.7826106548309,145238.61004138875
9376,942.9958136081696,145236.59750590243
9377,943.0853366851807,145234.5044955087
9378,943.1387794017792,145232.8644074446
9379,943.1944847106934,145230.7006776783
9380,943.2585229873657,145228.87030378514
9381,943.3281235694885,145226.809767865
9382,943.4645576477051,145224.87137738866
9383,943.5365073680878,145223.16952328
9384,943.6056478023529,145221.15714747718
9385,943.6758964061737,145219.03767370502
9386,943.7500627040863,145217.37484876308
9387,943.8296227455139,145215.21479930182
9388,943.8987772464752,145213.34297583433
9389,943.9637842178345,145211.31928320727
9390,944.0176594257355,145209.51199180417
9391,944.0752580165863,145207.4542491494
9392,944.1289258003235,145205.6543191754
9393,944.1831343173981,145203.57969391276
9394,944.2376172542572,145202.0626638358
9395,944.3003268241882,145199.74473457382
9396,944.3826088905334,145198.02055573137
9397,944.4508290290833,145196.06750091567
9398,944.5320768356323,145194.0390028978
9399,944.6015954017639,145192.10262819016
9400,944.6895954608917,145190.3539069923
9401,944.7743306159973,145188.35422329447
9402,944.845312833786,145186.5644127062
9403,944.9624996185303,145184.49528017925
9404,945.0301542282104,145182.74575993067
9405,945.1007912158966,145180.62469260255
9406,945.1673986911774,145178.7250749732
9407,945.238431930542,145176.77248464784
9408,945.3077337741852,145174.98577256277
9409,945.3711547851562,145172.9120649589
9410,945.4485306739807,145171.3315775993
9411,945.6287558078766,145169.13338227663
9412,945.8300919532776,145167.32612648458
9413,946.0167038440704,145165.29586982194
9414,946.1474618911743,145163.4551949133
9415,946.2887539863586,145161.4405928065
9416,946.5023527145386,145159.66020684416
9417,946.6763107776642,145157.5820985702
9418,946.8488721847534,145155.7990237399
9419,947.0631403923035,145153.69225746347
9420,947.2892849445343,145152.05323637638
9421,947.4712693691254,145149.8685580068
9422,947.6932690143585,145148.1568187161
9423,947.9088997840881,145146.07323089996
9424,948.063764333725,145144.4790073807
9425,948.1188106536865,145142.2455336085
9426,948.1749079227448,145140.3578853718
9427,948.2297067642212,145138.44823973734
9428,948.2969543933868,145136.73314770934
9429,948.3527376651764,145134.70508491455
9430,948.4075274467468,145132.70599319984
9431,948.4702792167664,145130.77543007725
9432,948.5363693237305,145129.00201502434
9433,948.7481651306152,145126.89591258916
9434,948.9632215499878,145125.10256942458
9435,949.1832036972046,145123.09901726665
9436,949.4254047870636,145121.22207973388
9437,949.6305754184723,145119.22479378275
9438,949.6841402053833,145117.3743384036
9439,949.7365367412567,145115.39116797782
9440,949.7962157726288,145113.60873277983
9441,949.8517076969147,145111.542349578
9442,949.9052052497864,145109.6310866841
9443,949.980446100235,145107.72658932494
9444,950.084310054779,145105.7878239263
9445,950.2379086017609,145104.1893979797
9446,950.3327865600586,145101.98274478022
9447,950.399820804596,145099.96582371538
9448,950.4762527942657,145098.391004178
9449,950.5461580753326,145096.23641442982
9450,950.6917700767517,145094.33076330938
9451,950.8087408542633,145092.59657247562
9452,950.8957345485687,145090.5348497495
9453,950.9761848449707,145088.5530186187
9454,951.0357356071472,145086.8941804698
9455,951.0994882583618,145084.75783979258
9456,951.1687967777252,145083.25027464377
9457,951.2597367763519,145080.9969369398
9458,951.3383176326752,145079.24654942838
9459,951.5666851997375,145077.21144360537
9460,951.7121686935425,145075.45254706233
9461,951.7876415252686,145073.38689389103
9462,951.858312368393,145071.46712430933
9463,951.9388642311096,145069.51364907424
9464,952.008866071701,145067.7081303977
9465,952.073397397995,145065.5926142767
9466,952.1568412780762,145063.79255681115
9467,952.2917685508728,145061.77199773543
9468,952.3577013015747,145059.90406839
9469,952.4170477390289,145058.32029825682
9470,952.4785511493683,145056.04987037645
9471,952.5429363250732,145054.0558876045
9472,952.605222940445,145052.58576844417
9473,952.6891920566559,145050.28318322552
9474,952.748866558075,145048.5086497296
9475,952.8628158569336,145046.75806571014
9476,953.2011723518372,145044.65652722208
9477,953.4484250545502,145042.6697636957
9478,953.5748739242554,145041.05165727975
9479,953.6491718292236,145038.86544768125
9480,953.7253844738007,145036.99954529328
9481,953.7900953292847,145035.04855479533
9482,953.8537449836731,145033.20798449835
9483,953.916669845581,145031.17603103648
9484,954.138662815094,145029.61565677164
9485,954.2038612365723,145027.36101925085
9486,954.324390411377,145025.53692284512
9487,954.6269021034241,145023.49708493162
9488,954.8917398452759,145021.6358869062
9489,955.2145664691925,145019.6152397455
9490,955.5437526702881,145017.7508687575
9491,955.7838063240051,145015.7553016027
9492,956.1168873310089,145014.3731278213
9493,956.3354437351227,145011.96982365835
9494,956.6072056293488,145010.29977574854
9495,956.9131231307983,145008.25663447045
9496,957.1235108375549,145006.38507336064
9497,957.3325204849243,145004.8642254912
9498,957.5489580631256,145002.48791876365
9499,957.7792463302612,145000.63803173872
9500,957.9944975376129,144999.07224234127
9501,958.1968152523041,144996.78522646544
9502,958.4033007621765,144995.0248115043
9503,958.59858751297,144993.13240376173
9504,958.8235244750977,144991.20412359998
9505,959.0333812236786,144989.1461950215
9506,959.2594265937805,144987.317806266
9507,959.4709756374359,144985.31293445948
9508,959.6570332050323,144983.45097610808
9509,959.9518551826477,144981.46506042246
9510,960.2339451313019,144979.84994405138
9511,960.2959728240967,144977.68332918058
9512,960.3586964607239,144975.75629558443
9513,960.5200135707855,144974.1798621047
9514,960.607518196106,144971.91684902573
9515,960.6738035678864,144969.96538217773
9516,960.7400977611542,144968.36808108297
9517,960.8164367675781,144966.15683639355
9518,961.0398263931274,144964.31669342905
9519,961.1989939212799,144962.50157486516
9520,961.2838358879089,144960.59621031996
9521,961.4693872928619,144958.54039158655
9522,961.7815794944763,144956.915899942
9523,962.0913558006287,144954.82297428919
9524,962.3323991298676,144953.0186079738
9525,962.5473771095276,144951.0234102093
9526,962.7826898097992,144949.1648578612
9527,963.0181782245636,144947.16417721924
9528,963.2496206760406,144945.20141869545
9529,963.4635999202728,144943.26369088344
9530,963.6778037548065,144941.78406638606
9531,963.8702557086945,144939.4149339378
9532,964.098842382431,144937.61950008405
9533,964.3101267814636,144935.71202507656
9534,964.5329999923706,144933.7144749067
9535,964.7486200332642,144931.76284803322
9536,965.0181589126587,144930.09772807965
9537,965.30127120018,144927.9775754869
9538,965.530351638794,144926.04553963436
9539,965.7194967269897,144924.13634711673
9540,965.9477853775024,144922.40951723457
9541,966.1500084400177,144920.24629334232
9542,966.3603003025055,144918.37315245057
9543,966.5593881607056,144916.43750160318
9544,966.7324664592743,144914.5794475937
9545,966.8971779346466,144912.55076266467
9546,967.0878570079803,144910.6979751542
9547,967.2414784431458,144908.815654463
9548,967.4028680324554,144907.10439107576
9549,967.600183725357,144904.94971176327
9550,967.8171291351318,144903.52126981082
9551,968.0222549438477,144901.23250548227
9552,968.2414093017578,144899.40074313525
9553,968.4581236839294,144897.48299141016
9554,968.6953971385956,144895.5565622879
9555,968.8961136341095,144893.7934155609
9556,969.1707813739777,144891.72923225016
9557,969.3906056880951,144889.7562188403
9558,969.7054905891418,144888.1028496519
9559,969.9126863479614,144885.94953779277
9560,970.1347630023956,144884.4495122125
9561,970.3429431915283,144882.17343196296
9562,970.5245661735535,144880.38602461535
9563,970.6794557571411,144878.41915343318
9564,970.8528707027435,144876.4309771263
9565,971.0085849761963,144874.47300522387
9566,971.168420791626,144872.70407342425
9567,971.3764202594757,144870.8807924555
9568,971.5893485546112,144868.70329762244
9569,971.805921792984,144866.76947705064
9570,972.0196559429169,144865.26154801957
9571,972.2344734668732,144862.95447781574
9572,972.4525144100189,144861.1606292937
9573,972.660774230957,144859.17619249772
9574,972.8815562725067,144857.35522150795
9575,973.1679518222809,144855.31311365042
9576,973.5223796367645,144853.53762406754
9577,973.7561249732971,144851.5191313105
9578,974.0219852924347,144849.82806357366
9579,974.370395898819,144847.70628971278
9580,974.6313178539276,144845.97623722255
9581,974.8582661151886,144843.86229370965
9582,975.0819935798645,144841.9479419436
9583,975.2987549304962,144839.9289770277
9584,975.6059346199036,144837.9592625997
9585,975.7633275985718,144836.0385448472
9586,975.8287494182587,144834.25569283028
9587,976.0329275131226,144832.19068707395
9588,976.2522296905518,144830.83984986588
9589,976.452338218689,144828.4865893223
9590,976.5869915485382,144826.62334828152
9591,976.8434541225433,144824.75673241523
9592,977.0918838977814,144822.7456094094
9593,977.2998304367065,144821.23691524006
9594,977.5192229747772,144819.2568154477
9595,977.7326440811157,144817.1961629787
9596,977.9838836193085,144815.63262395962
9597,978.0813460350037,144813.4988294086
9598,978.1495807170868,144811.62940491256
9599,978.2059123516083,144809.6546979969
9600,978.2774124145508,144807.97185456235
9601,978.3409051895142,144805.87340290524
9602,978.4471743106842,144804.20021702227
9603,978.5089733600616,144802.09341535825
9604,978.576078414917,144800.2085722495
9605,978.6437826156616,144798.22691346364
9606,978.8170540332794,144796.33787602215
9607,978.8735558986664,144794.30593613238
9608,978.9345140457153,144792.52304222918
9609,978.9987802505493,144790.46269424606
9610,979.149908542633,144789.1405305839
9611,979.2473456859589,144786.6540145052
9612,979.3985903263092,144784.78043486338
9613,979.4672515392303,144782.99590982046
9614,979.5384664535522,144780.89182251226
9615,979.7549116611481,144778.9070462515
9616,979.9705786705017,144777.239506426
9617,980.1666133403778,144775.13424367376
9618,980.3063197135925,144773.6019707077
9619,980.4031939506531,144771.34349296725
9620,980.4666090011597,144769.67183550406
9621,980.5388374328613,144767.62941113778
9622,980.6030597686768,144765.86644170625
9623,980.6658322811127,144763.906444537
9624,980.8008298873901,144762.09007740184
9625,980.8641295433044,144760.15831409072
9626,980.9260654449463,144758.20044415875
9627,980.988772392273,144756.22215577765
9628,981.1683292388916,144754.34677362637
9629,981.3753592967987,144752.7625766295
9630,981.5401544570923,144750.61702950968
9631,981.6371569633484,144748.5329633331
9632,981.796238899231,144746.97884181965
9633,981.9575569629669,144744.74187552123
9634,982.1510007381439,144742.89099280452
9635,982.2874336242676,144741.05816162215
9636,982.3526020050049,144739.01814244644
9637,982.418622970581,144737.02552022616
9638,982.4861340522766,144735.24520432923
9639,982.5539262294769,144733.22384629882
9640,982.6161870956421,144731.46120074013
9641,982.6779632568359,144729.5300611678
9642,982.7383165359497,144727.7203091735
9643,982.7986423969269,144725.70478603724
9644,982.8746600151062,144723.92876260774
9645,982.9335525035858,144721.91340249314
9646,982.996808052063,144720.00574935798
9647,983.0595126152039,144718.0739550669
9648,983.1422271728516,144716.6388352136
9649,983.1989455223083,144714.26501533424
9650,983.4409275054932,144712.39326834335
9651,983.6461100578308,144710.62097494976
9652,983.8592383861542,144708.53701014037
9653,984.0715084075928,144706.56701804168
9654,984.2996809482574,144704.88262775162
9655,984.5154714584351,144702.81880439003
9656,984.7307386398315,144701.34172456752
9657,984.9400064945221,144699.10727942144
9658,985.1765954494476,144697.50350489694
9659,985.376284122467,144695.4079246107
9660,985.5754973888397,144693.5515411682
9661,985.7673635482788,144691.9856343488
9662,985.9776763916016,144689.80968109999
9663,986.1984617710114,144687.80369122414
9664,986.4184210300446,144686.1721610167
9665,986.6095840930939,144683.98679478315
9666,986.8270819187164,144682.1821249821
9667,987.0347247123718,144680.30193413922
9668,987.1012089252472,144678.28429679695
9669,987.1629333496094,144676.28925193098
9670,987.2276287078857,144674.4963506644
9671,987.2866261005402,144672.42249199448
9672,987.3503367900848,144670.59847165333
9673,987.4110851287842,144668.60405709947
9674,987.475263595581,144666.90515533116
9675,987.5383808612823,144664.77812250922
9676,987.6072928905487,144663.35779237212
9677,987.6670672893524,144661.03667874998
9678,987.7393691539764,144659.29086704165
9679,987.8107769489288,144657.3758535757
9680,987.9571316242218,144655.34266777703
9681,988.2824628353119,144653.4140367068
9682,988.5019731521606,144651.65039336943
9683,988.5674521923065,144649.56739147412
9684,988.6300780773163,144647.67747743888
9685,988.689731836319,144645.7323255946
9686,988.7563054561615,144644.49984967822
9687,988.8193066120148,144641.936661126
9688,988.9448192119598,144640.18245422826
9689,989.050660610199,144638.3428610858
9690,989.2695696353912,144636.22049392224
